Time (s),Altitude (m),Altitude above sea level (m),Vertical velocity (m/s),Total velocity (m/s),Vertical acceleration (m/s²),Total acceleration (m/s²),Position East of launch (m),Position North of launch (m),Lateral distance (m),Lateral direction (°),Lateral velocity (m/s),Lateral acceleration (m/s²),Latitude (° N),Longitude (° E),Angle of attack (°),Roll rate (°/s),Pitch rate (°/s),Yaw rate (°/s),Vertical orientation (zenith) (°),Lateral orientation (azimuth) (°),Mass (g),Motor mass (g),Longitudinal moment of inertia (kg·m²),Rotational moment of inertia (kg·m²),Gravitational acceleration (m/s²),CP location (cm),CG location (cm),Stability margin calibers (​),Thrust (N),Thrust-to-weight ratio (​),Drag force (N),Drag coefficient (​),Friction drag coefficient (​),Pressure drag coefficient (​),Base drag coefficient (​),Axial drag coefficient (​),Normal force coefficient (​),Pitch moment coefficient (​),Yaw moment coefficient (​),Side force coefficient (​),Roll moment coefficient (​),Roll forcing coefficient (​),Roll damping coefficient (​),Pitch damping coefficient (​),Wind velocity (m/s),Wind direction (°),Air temperature (°C),Air pressure (mbar),Air density (g/cm³),Speed of sound (m/s),Mach number (​),Reynolds number (​),Reference length (cm),Reference area (cm²),Simulation time step (s),Computation time (s),Coriolis acceleration (m/s²)
0,0,0,0,0,0,0,0,0,0,0,0,0,28.61,-80.6,90,0,0,0,90,0,1725.027,899,0.234,0.002,9.792,NaN,84.308,NaN,0,0,0,0.57,0.373,0.077,0.12,0,NaN,NaN,NaN,NaN,NaN,NaN,NaN,NaN,2.328,90,15,1013.25,0.001,340.389,0.007,1.999e5,10,78.54,0.01,0.002,0
0.01,3.92e-5,3.92e-5,0.028,0.028,12.147,12.147,-2.748e-6,0,2.748e-6,270,6.865e-4,0.082,28.61,-80.6,89.306,0,0,0,90,0,1724.676,898.649,0.234,0.002,9.792,NaN,84.302,NaN,37.837,2.24,6.538e-8,0.57,0.373,0.077,0.12,2.526e-6,NaN,NaN,NaN,NaN,NaN,NaN,NaN,NaN,2.32,90,15,1013.25,0.001,340.389,0.007,1.991e5,10,78.54,0.01,0.003,3.597e-6
0.02,0.001,0.001,0.259,0.259,34.094,34.095,-1.371e-5,0,1.371e-5,270,0.002,0.082,28.61,-80.6,83.596,0,0,0,90,0,1724.325,898.298,0.234,0.002,9.792,NaN,84.296,NaN,75.675,4.482,4.858e-5,0.57,0.373,0.077,0.12,0.002,NaN,NaN,NaN,NaN,NaN,NaN,NaN,NaN,2.312,90,15,1013.25,0.001,340.389,0.007,1.996e5,10,78.54,0.011,0.003,3.32e-5
0.031,0.007,0.007,0.767,0.767,58.247,58.247,-3.534e-5,0,3.534e-5,270,0.002,0.088,28.61,-80.6,71.554,0,0,0,90,0,1723.939,897.912,0.234,0.002,9.792,NaN,84.289,NaN,117.296,6.948,0.001,0.566,0.369,0.077,0.12,0.038,NaN,NaN,NaN,NaN,NaN,NaN,NaN,NaN,2.302,90,15,1013.249,0.001,340.389,0.007,2.082e5,10,78.54,0.01,0.004,9.822e-5
0.041,0.017,0.017,1.361,1.361,60.466,60.466,-6.431e-5,0,6.431e-5,270,0.003,0.103,28.61,-80.6,59.287,0,0,0,90,0,1723.184,897.158,0.234,0.002,9.792,NaN,84.276,NaN,121.072,7.175,0.005,0.558,0.361,0.077,0.12,0.148,NaN,NaN,NaN,NaN,NaN,NaN,NaN,NaN,2.294,90,15,1013.248,0.001,340.389,0.008,2.287e5,10,78.54,0.01,0.004,1.742e-4
0.051,0.034,0.034,1.976,1.976,62.685,62.685,-1.036e-4,0,1.036e-4,270,0.005,0,28.61,-80.6,49.14,0,0,0,90,0,1722.43,896.403,0.234,0.002,9.792,NaN,84.264,NaN,124.849,7.402,0.013,0.548,0.351,0.077,0.12,0.29,NaN,NaN,NaN,NaN,NaN,NaN,NaN,NaN,2.289,90,15,1013.246,0.001,340.389,0.009,2.594e5,10,78.54,0.01,0.004,2.531e-4
0.061,0.057,0.057,2.614,2.614,64.903,64.903,-1.489e-4,0,1.489e-4,270,0.005,0,28.61,-80.6,41.535,0,0,0,90,0,1721.675,895.648,0.234,0.002,9.792,NaN,84.251,NaN,128.625,7.629,0.024,0.536,0.339,0.077,0.12,0.41,NaN,NaN,NaN,NaN,NaN,NaN,NaN,NaN,2.32,90,15,1013.243,0.001,340.389,0.01,2.999e5,10,78.54,0.01,0.004,3.347e-4
0.071,0.086,0.086,3.275,3.275,67.122,67.122,-1.941e-4,0,1.941e-4,270,0.005,0,28.61,-80.6,35.629,0,0,0,90,0,1720.92,894.894,0.234,0.002,9.792,NaN,84.238,NaN,132.402,7.857,0.039,0.526,0.329,0.077,0.12,0.499,NaN,NaN,NaN,NaN,NaN,NaN,NaN,NaN,2.351,90,14.999,1013.24,0.001,340.389,0.012,3.459e5,10,78.54,0.007,0.004,4.193e-4
0.078,0.111,0.111,3.75,3.75,68.675,68.675,-2.258e-4,0,2.258e-4,270,0.005,0,28.61,-80.6,32.278,0,0,0,90,0,1720.392,894.365,0.234,0.002,9.792,NaN,84.229,NaN,135.045,8.016,0.051,0.519,0.322,0.077,0.12,0.543,NaN,NaN,NaN,NaN,NaN,NaN,NaN,NaN,2.373,90,14.999,1013.237,0.001,340.388,0.013,3.808e5,10,78.54,0.01,0.004,4.801e-4
0.088,0.152,0.152,4.438,4.438,69.029,69.029,-2.71e-4,0,2.71e-4,270,0.005,0,28.61,-80.6,28.397,0,0,0,90,0,1719.556,893.53,0.234,0.002,9.792,NaN,84.215,NaN,135.61,8.054,0.072,0.51,0.313,0.077,0.12,0.585,NaN,NaN,NaN,NaN,NaN,NaN,NaN,NaN,2.404,90,14.999,1013.232,0.001,340.388,0.015,4.332e5,10,78.54,0.01,0.005,5.683e-4
0.098,0.2,0.2,5.13,5.13,69.383,69.383,-3.163e-4,0,3.163e-4,270,0.005,0,28.61,-80.6,25.349,0,0,0,90,0,1718.721,892.694,0.234,0.002,9.792,NaN,84.201,NaN,136.174,8.091,0.094,0.502,0.305,0.077,0.12,0.609,NaN,NaN,NaN,NaN,NaN,NaN,NaN,NaN,2.435,90,14.999,1013.227,0.001,340.388,0.017,4.874e5,10,78.54,0.01,0.005,6.569e-4
0.108,0.254,0.254,5.826,5.826,69.735,69.735,-3.615e-4,0,3.615e-4,270,0.005,0,28.61,-80.6,22.721,0,0,0,90,0,1717.886,891.859,0.234,0.002,9.792,NaN,84.186,NaN,136.739,8.129,0.119,0.495,0.298,0.077,0.12,0.623,NaN,NaN,NaN,NaN,NaN,NaN,NaN,NaN,2.444,90,14.998,1013.22,0.001,340.388,0.019,5.423e5,10,78.54,0.01,0.005,7.459e-4
0.118,0.316,0.316,6.525,6.525,70.087,70.087,-4.068e-4,0,4.068e-4,270,0.005,0,28.61,-80.6,20.529,0,0,0,90,0,1717.05,891.023,0.234,0.002,9.792,NaN,84.172,NaN,137.304,8.166,0.147,0.489,0.292,0.077,0.12,0.628,NaN,NaN,NaN,NaN,NaN,NaN,NaN,NaN,2.448,90,14.998,1013.213,0.001,340.388,0.02,5.982e5,10,78.54,0.01,0.005,8.354e-4
0.128,0.385,0.385,7.228,7.228,70.438,70.438,-4.52e-4,0,4.52e-4,270,0.005,0,28.61,-80.6,18.704,0,0,0,90,0,1716.215,890.188,0.234,0.002,9.792,NaN,84.158,NaN,137.868,8.204,0.176,0.484,0.287,0.077,0.12,0.627,NaN,NaN,NaN,NaN,NaN,NaN,NaN,NaN,2.452,90,14.997,1013.205,0.001,340.387,0.022,6.551e5,10,78.54,0.01,0.005,9.254e-4
0.138,0.461,0.461,7.934,7.934,70.788,70.788,-4.973e-4,0,4.973e-4,270,0.005,0,28.61,-80.6,17.166,0,0,0,90,0,1715.379,889.352,0.234,0.002,9.792,NaN,84.144,NaN,138.433,8.241,0.206,0.479,0.282,0.077,0.12,0.622,NaN,NaN,NaN,NaN,NaN,NaN,NaN,NaN,2.455,90,14.997,1013.196,0.001,340.387,0.024,7.129e5,10,78.54,0.01,0.005,0.001
0.148,0.544,0.544,8.644,8.644,71.138,71.138,-5.425e-4,0,5.425e-4,270,0.005,0,28.61,-80.6,15.853,0,0,0,90,0,1714.544,888.517,0.234,0.002,9.792,NaN,84.129,NaN,138.997,8.279,0.239,0.474,0.277,0.077,0.12,0.615,NaN,NaN,NaN,NaN,NaN,NaN,NaN,NaN,2.459,90,14.996,1013.186,0.001,340.387,0.026,7.714e5,10,78.54,0.01,0.006,0.001
0.158,0.634,0.634,9.357,9.357,71.488,71.488,-5.877e-4,0,5.877e-4,270,0.005,0,28.61,-80.6,14.71,0,0,0,90,0,1713.708,887.681,0.233,0.002,9.792,NaN,84.115,NaN,139.562,8.317,0.272,0.47,0.273,0.077,0.12,0.604,NaN,NaN,NaN,NaN,NaN,NaN,NaN,NaN,2.461,90,14.996,1013.176,0.001,340.386,0.028,8.305e5,10,78.54,0.01,0.006,0.001
0.168,0.731,0.731,10.073,10.073,71.837,71.837,-6.33e-4,0,6.33e-4,270,0.005,0,28.61,-80.6,13.712,0,0,0,90,0,1712.873,886.846,0.233,0.002,9.792,NaN,84.101,NaN,140.127,8.354,0.306,0.466,0.269,0.077,0.12,0.593,NaN,NaN,NaN,NaN,NaN,NaN,NaN,NaN,2.462,90,14.995,1013.164,0.001,340.386,0.03,8.902e5,10,78.54,0.01,0.006,0.001
0.178,0.834,0.834,10.788,10.788,72.183,72.183,-6.779e-4,0,6.779e-4,270,0.005,0,28.61,-80.6,12.842,0,0,0,90,0,1712.043,886.017,0.233,0.002,9.792,NaN,84.087,NaN,140.687,8.392,0.342,0.463,0.266,0.077,0.12,0.581,NaN,NaN,NaN,NaN,NaN,NaN,NaN,NaN,2.464,90,14.995,1013.152,0.001,340.386,0.033,9.499e5,10,78.54,0.009,0.006,0.001
0.187,0.937,0.937,11.459,11.459,72.506,72.506,-7.198e-4,0,7.198e-4,270,0.005,0,28.61,-80.6,12.119,0,0,0,90,0,1711.269,885.242,0.233,0.002,9.792,NaN,84.073,NaN,141.211,8.427,0.377,0.46,0.263,0.077,0.12,0.57,NaN,NaN,NaN,NaN,NaN,NaN,NaN,NaN,2.465,90,14.994,1013.14,0.001,340.385,0.034,1.006e6,10,78.54,0.009,0.006,0.001
0.196,1.04,1.04,12.093,12.093,72.808,72.818,-7.593e-4,0,7.593e-4,270,0.005,1.232,28.61,-80.6,11.507,0,0,0,90,0,1710.54,884.513,0.233,0.002,9.792,90.023,84.061,0.596,141.703,8.46,0.413,0.46,0.263,0.077,0.12,0.564,2.873,1.713,-5.973e-5,0,0,0,0,0,2.466,90,14.993,1013.128,0.001,340.385,0.036,1.059e6,10,78.54,0.013,0.006,0.002
0.209,1.205,1.205,13.049,13.049,73.26,73.271,-9.259e-4,0,9.259e-4,270,0.021,1.296,28.61,-80.6,10.654,0,0.429,-2.124e-5,89.997,89.998,1709.446,883.419,0.233,0.002,9.792,90.405,84.042,0.636,142.443,8.51,0.47,0.46,0.263,0.077,0.12,0.555,2.617,1.665,-4.332e-4,0,0,0,0,1.337e-4,2.476,90,14.992,1013.109,0.001,340.384,0.039,1.14e6,10,78.54,0.02,0.007,0.002
0.229,1.475,1.475,14.494,14.494,73.934,73.947,-0.002,0,0.002,270,0.047,1.377,28.61,-80.6,9.575,0,1.168,3.388e-5,89.982,90.001,1707.805,881.779,0.233,0.002,9.792,90.912,84.014,0.69,143.551,8.584,0.563,0.46,0.263,0.077,0.12,0.542,2.303,1.588,3.991e-4,0,0,0,0,8.09e-4,2.497,90,14.99,1013.077,0.001,340.383,0.043,1.262e6,10,78.54,0.013,0.007,0.002
0.242,1.675,1.675,15.484,15.484,74.391,74.405,-0.002,0,0.002,270,0.066,1.416,28.61,-80.6,8.936,0,1.737,5.222e-5,89.962,90.001,1706.69,880.663,0.233,0.002,9.792,91.225,83.994,0.723,144.305,8.635,0.631,0.46,0.263,0.077,0.12,0.534,2.122,1.533,-4.111e-4,0,0,0,0,0.002,2.511,90,14.989,1013.054,0.001,340.382,0.046,1.346e6,10,78.54,0.02,0.007,0.002
0.262,2,2,16.971,16.972,74.152,74.166,-0.004,-7.294e-9,0.004,270,0.095,1.43,28.61,-80.6,8.014,0,2.687,2.898e-5,89.918,90.001,1705.039,879.012,0.233,0.002,9.792,91.695,83.966,0.773,143.863,8.617,0.739,0.46,0.263,0.077,0.12,0.523,1.867,1.44,6.407e-6,0,0,0,0,0.003,2.509,90,14.987,1013.015,0.001,340.381,0.05,1.472e6,10,78.54,0.03,0.007,0.002
0.292,2.543,2.543,19.193,19.194,73.785,73.797,-0.007,-2.118e-8,0.007,270,0.137,1.356,28.61,-80.6,6.781,0,4.302,-5.741e-5,89.814,90,1702.562,876.536,0.232,0.002,9.792,92.357,83.923,0.843,143.201,8.589,0.914,0.46,0.263,0.077,0.12,0.508,1.539,1.291,2.643e-4,0,0,0,0,0.006,2.482,90,14.983,1012.952,0.001,340.379,0.057,1.66e6,10,78.54,0.045,0.007,0.002
0.337,3.483,3.483,22.505,22.506,73.216,73.223,-0.015,-5.702e-8,0.015,270,0.191,0.98,28.61,-80.6,5.103,0,7.044,-1.296e-4,89.559,89.999,1698.847,872.821,0.232,0.002,9.792,93.327,83.858,0.947,142.207,8.548,1.205,0.46,0.263,0.077,0.121,0.49,1.116,1.045,2.737e-4,0,0,0,0,0.012,2.375,90,14.977,1012.842,0.001,340.375,0.066,1.941e6,10,78.54,0.05,0.007,0.003
0.387,4.699,4.699,26.149,26.15,72.55,72.551,-0.025,-9.246e-8,0.025,270,0.224,0.3,28.61,-80.6,3.746,0,10.292,1.264e-5,89.126,89.999,1694.725,868.698,0.232,0.002,9.792,94.174,83.787,1.039,141.104,8.503,1.581,0.46,0.263,0.077,0.121,0.478,0.795,0.805,-5.716e-5,0,0,0,0,0.02,2.337,90,14.969,1012.699,0.001,340.37,0.077,2.252e6,10,78.54,0.05,0.008,0.003
0.437,6.097,6.097,29.759,29.76,71.84,71.844,-0.037,-8.95e-8,0.037,270,0.213,0.783,28.61,-80.6,2.505,0,13.467,-4.374e-4,88.531,89.999,1690.602,864.575,0.231,0.002,9.792,95.003,83.714,1.129,140.001,8.457,2.006,0.461,0.263,0.077,0.121,0.469,0.516,0.557,-1.159e-4,0,0,0,0,0.026,2.281,90,14.96,1012.535,0.001,340.365,0.088,2.56e6,10,78.54,0.05,0.008,0.004
0.487,7.675,7.675,33.332,33.333,71.069,71.102,-0.046,-1.543e-8,0.046,270,0.14,2.191,28.61,-80.6,1.448,3.073e-7,16.047,-0.002,87.79,89.999,1686.479,860.453,0.231,0.002,9.792,95.753,83.641,1.211,138.899,8.411,2.487,0.461,0.263,0.077,0.121,0.464,0.291,0.322,2.402e-4,0,0,0,0,0.03,2.271,90,14.95,1012.35,0.001,340.359,0.098,2.866e6,10,78.54,0.05,0.008,0.004
0.537,9.43,9.43,36.865,36.865,70.224,70.328,-0.049,2.954e-7,0.049,270,0.01,3.828,28.61,-80.6,0.574,6.456e-7,17.623,-0.005,86.943,89.998,1682.357,856.33,0.231,0.002,9.792,96.406,83.568,1.284,137.796,8.364,3.028,0.461,0.262,0.077,0.122,0.462,0.113,0.115,-5.025e-6,0,0,0,0,0.029,2.33,90,14.939,1012.144,0.001,340.352,0.109,3.169e6,10,78.54,0.05,0.008,0.005
0.587,11.36,11.36,40.353,40.354,69.288,69.526,-0.043,1.227e-6,0.043,270.002,0.248,5.753,28.61,-80.6,0.33,6.634e-7,-17.636,-0.007,86.053,89.997,1678.234,852.207,0.23,0.002,9.792,96.599,83.495,1.31,136.693,8.318,3.628,0.462,0.262,0.077,0.122,0.462,0.064,0.109,3.81e-4,0,0,0,0,-0.024,2.303,90,14.926,1011.918,0.001,340.344,0.119,3.468e6,10,78.54,0.05,0.008,0.005
0.637,13.464,13.464,43.792,43.796,68.26,68.702,-0.023,3.245e-6,0.023,270.008,0.586,7.785,28.61,-80.6,1.141,4.484e-7,-15.374,-0.001,85.218,89.997,1674.111,848.085,0.23,0.002,9.792,95.995,83.421,1.257,135.59,8.271,4.29,0.462,0.262,0.077,0.122,0.464,0.228,0.302,2.47e-4,0,0,0,0,-0.016,2.2,90,14.912,1011.671,0.001,340.336,0.129,3.764e6,10,78.54,0.05,0.008,0.006
0.687,15.739,15.739,47.179,47.19,67.205,67.852,0.017,6.617e-6,0.017,89.978,1.018,9.346,28.61,-80.6,1.544,0,-10.923,-0.003,84.554,89.998,1669.989,843.962,0.229,0.002,9.792,95.708,83.347,1.236,134.487,8.224,5,0.462,0.262,0.077,0.123,0.466,0.311,0.392,4.993e-4,0,0,0,0,-0.007,2.2,90,14.898,1011.404,0.001,340.327,0.139,4.055e6,10,78.54,0.038,0.009,0.006
0.725,17.582,17.582,49.72,49.739,66.412,67.185,0.063,9.883e-6,0.063,89.991,1.39,10.158,28.61,-80.6,1.683,-2.019e-6,-6.533,-0.002,84.219,89.999,1666.852,840.826,0.229,0.002,9.792,95.614,83.29,1.232,133.648,8.188,5.566,0.463,0.262,0.078,0.123,0.466,0.34,0.422,-1.985e-5,0,0,0,0,-0.002,2.173,90,14.886,1011.188,0.001,340.32,0.146,4.274e6,10,78.54,0.032,0.009,0.006
0.757,19.195,19.195,51.82,51.848,65.781,66.608,0.112,1.276e-5,0.112,89.993,1.718,10.466,28.61,-80.6,1.662,-1.091e-6,-2.346,-0.002,84.077,90,1664.233,838.206,0.229,0.002,9.792,95.633,83.243,1.239,132.948,8.158,6.05,0.463,0.262,0.078,0.123,0.467,0.336,0.417,3.956e-4,0,0,0,0,-2.611e-4,2.142,90,14.875,1010.999,0.001,340.313,0.153,4.455e6,10,78.54,0.03,0.009,0.007
0.786,20.756,20.756,53.756,53.795,65.241,66.047,0.167,1.543e-5,0.167,89.995,2.026,10.286,28.61,-80.6,1.468,-4.896e-7,1.602,-0.004,84.067,90.001,1661.795,835.769,0.229,0.002,9.792,95.777,83.199,1.258,132.295,8.13,6.505,0.463,0.262,0.078,0.123,0.466,0.295,0.371,1.573e-4,0,0,0,0,1.13e-4,2.172,90,14.865,1010.816,0.001,340.307,0.158,4.622e6,10,78.54,0.031,0.01,0.007
0.817,22.442,22.442,55.757,55.806,64.7,65.447,0.235,1.795e-5,0.235,89.996,2.336,9.86,28.61,-80.6,1.245,-2.127e-6,5.423,-0.004,84.176,90.002,1659.256,833.229,0.228,0.002,9.792,95.944,83.152,1.279,131.616,8.101,6.991,0.463,0.262,0.078,0.124,0.465,0.249,0.318,2.51e-4,0,0,0,0,0.001,2.13,90,14.854,1010.618,0.001,340.301,0.164,4.794e6,10,78.54,0.011,0.01,0.007
0.828,23.043,23.043,56.449,56.502,64.515,65.234,0.26,1.869e-5,0.26,89.996,2.441,9.661,28.61,-80.6,1.165,-2.126e-6,6.682,-0.004,84.24,90.002,1658.373,832.346,0.228,0.002,9.792,96.004,83.136,1.287,131.38,8.09,7.163,0.463,0.262,0.078,0.124,0.465,0.233,0.298,4.944e-4,0,0,0,0,0.002,2.095,90,14.85,1010.547,0.001,340.298,0.166,4.854e6,10,78.54,0.016,0.01,0.007
0.844,23.958,23.958,57.484,57.543,64.334,65.001,0.301,1.965e-5,0.301,89.996,2.593,9.289,28.61,-80.6,1.027,-2.246e-6,8.458,-0.006,84.362,90.003,1657.209,831.183,0.228,0.002,9.792,96.109,83.115,1.299,131.186,8.084,7.424,0.464,0.262,0.078,0.124,0.465,0.204,0.263,-2.011e-4,0,0,0,0,0.003,2.043,90,14.844,1010.44,0.001,340.295,0.169,4.942e6,10,78.54,0.024,0.01,0.007
0.868,25.362,25.362,59.032,59.098,64.084,64.639,0.366,2.07e-5,0.366,89.997,2.808,8.452,28.61,-80.6,0.727,-2.55e-6,10.709,-0.006,84.595,90.003,1655.464,829.438,0.228,0.002,9.792,96.337,83.083,1.325,130.895,8.075,7.821,0.464,0.262,0.078,0.124,0.465,0.144,0.187,2.975e-4,0,0,0,0,0.004,2.023,90,14.835,1010.275,0.001,340.289,0.174,5.075e6,10,78.54,0.036,0.01,0.008
0.904,27.538,27.538,61.341,61.419,63.712,64.082,0.472,2.12e-5,0.472,89.997,3.085,6.88,28.61,-80.6,0.225,-1.717e-6,12.615,-0.019,85.022,90.004,1652.847,826.82,0.228,0.002,9.792,96.725,83.035,1.369,130.459,8.061,8.439,0.464,0.262,0.078,0.124,0.464,0.044,0.055,4.527e-4,0,0,0,0,0.005,2.015,90,14.821,1010.02,0.001,340.28,0.181,5.274e6,10,78.54,0.05,0.011,0.008
0.954,30.684,30.684,64.513,64.601,63.137,63.308,0.634,1.984e-5,0.634,89.998,3.373,4.646,28.61,-80.6,0.372,-3.362e-6,-11.925,-0.01,85.651,90.004,1649.226,823.2,0.227,0.002,9.792,96.621,82.968,1.365,129.856,8.041,9.342,0.465,0.262,0.078,0.125,0.465,0.073,0.104,-4.926e-4,0,0,0,0,-0.004,1.954,90,14.801,1009.651,0.001,340.268,0.19,5.545e6,10,78.54,0.05,0.011,0.008
1.004,33.988,33.988,67.654,67.747,62.478,62.535,0.808,1.636e-5,0.808,89.999,3.554,2.675,28.61,-80.6,0.816,-3.069e-6,-7.474,8.102e-4,86.15,90.007,1645.606,819.579,0.227,0.002,9.792,96.294,82.901,1.339,129.253,8.021,10.297,0.465,0.262,0.078,0.125,0.466,0.162,0.218,-1.08e-4,0,0,0,0,-0.002,1.968,90,14.779,1009.264,0.001,340.255,0.199,5.813e6,10,78.54,0.033,0.011,0.009
1.037,36.244,36.244,69.698,69.792,61.999,62.023,0.926,1.239e-5,0.926,89.999,3.625,1.736,28.61,-80.6,1.006,-4.131e-6,-2.815,0.002,86.322,90.009,1643.227,817.201,0.227,0.002,9.792,96.158,82.857,1.33,128.857,8.008,10.946,0.465,0.262,0.078,0.125,0.467,0.201,0.267,4.511e-4,0,0,0,0,-2.075e-4,2.086,90,14.764,1008.999,0.001,340.246,0.206,5.988e6,10,78.54,0.025,0.011,0.009
1.062,38.029,38.029,71.263,71.357,61.598,61.617,1.018,8.092e-6,1.018,90,3.665,1.552,28.61,-80.6,1.007,-3.543e-6,1.351,0.004,86.341,90.01,1641.393,815.367,0.227,0.002,9.792,96.163,82.823,1.334,128.551,7.998,11.447,0.466,0.262,0.078,0.126,0.467,0.201,0.268,-3.96e-4,0,0,0,0,4.572e-5,2.151,90,14.753,1008.79,0.001,340.239,0.21,6.121e6,10,78.54,0.024,0.012,0.009
1.087,39.766,39.766,72.744,72.838,61.189,61.217,1.107,2.761e-6,1.107,90,3.705,1.861,28.61,-80.6,0.892,-4.222e-6,5.24,0.004,86.261,90.011,1639.647,813.62,0.226,0.002,9.792,96.253,82.79,1.346,128.26,7.989,11.923,0.466,0.262,0.078,0.126,0.467,0.177,0.238,-2.001e-4,0,0,0,0,6.603e-4,2.187,90,14.742,1008.586,0.001,340.232,0.215,6.247e6,10,78.54,0.026,0.012,0.009
1.113,41.676,41.676,74.327,74.423,60.719,60.776,1.204,-4.414e-6,1.204,90,3.763,2.637,28.61,-80.6,0.679,-2.785e-6,8.873,0.004,86.076,90.011,1637.766,811.739,0.226,0.002,9.792,96.418,82.755,1.366,127.947,7.978,12.439,0.466,0.262,0.078,0.126,0.467,0.134,0.182,-1.162e-4,0,0,0,0,0.002,2.221,90,14.729,1008.362,0.001,340.225,0.219,6.382e6,10,78.54,0.033,0.012,0.01
1.145,44.128,44.128,76.294,76.393,60.08,60.22,1.328,-1.55e-5,1.328,90.001,3.871,4.107,28.61,-80.6,0.325,-2.955e-6,11.922,0.013,85.732,90.009,1635.408,809.381,0.226,0.002,9.792,96.693,82.711,1.398,127.554,7.965,13.099,0.467,0.261,0.079,0.127,0.467,0.064,0.086,2.349e-4,0,0,0,0,0.003,2.258,90,14.713,1008.074,0.001,340.215,0.225,6.55e6,10,78.54,0.049,0.012,0.01
1.194,47.926,47.926,79.203,79.312,59.009,59.42,1.523,-3.552e-5,1.523,90.001,4.142,6.98,28.61,-80.6,0.309,-1.544e-6,-11.795,0.012,85.128,90.003,1631.871,805.844,0.226,0.002,9.792,96.715,82.644,1.407,126.964,7.946,14.127,0.467,0.261,0.079,0.127,0.467,0.061,0.088,-2.096e-4,0,0,0,0,-0.003,2.179,90,14.688,1007.629,0.001,340.2,0.234,6.797e6,10,78.54,0.05,0.012,0.01
1.244,51.96,51.96,82.126,82.252,57.913,58.62,1.74,-5.452e-5,1.74,90.002,4.549,9.076,28.61,-80.6,0.697,9.96e-6,-5.861,0.007,84.669,89.996,1628.25,802.223,0.225,0.002,9.792,96.431,82.575,1.386,126.361,7.925,15.222,0.468,0.261,0.079,0.128,0.468,0.138,0.192,3.197e-4,0,0,0,0,-6.481e-4,2.107,90,14.662,1007.156,0.001,340.184,0.242,7.046e6,10,78.54,0.025,0.012,0.011
1.269,54.048,54.048,83.579,83.716,57.427,58.186,1.858,-6.127e-5,1.858,90.002,4.783,9.367,28.61,-80.6,0.725,9.604e-6,-1.65,0.001,84.574,89.994,1626.425,800.399,0.225,0.002,9.792,96.414,82.541,1.387,126.057,7.915,15.777,0.468,0.261,0.079,0.128,0.469,0.144,0.2,-4.398e-4,0,0,0,0,-4.959e-5,2.089,90,14.649,1006.911,0.001,340.176,0.247,7.171e6,10,78.54,0.023,0.013,0.011
1.293,56.017,56.017,84.916,85.064,57.031,57.754,1.972,-6.541e-5,1.972,90.002,5,9.112,28.61,-80.6,0.654,8.288e-6,2.263,2.258e-4,84.582,89.994,1624.733,798.706,0.225,0.002,9.792,96.473,82.509,1.396,125.775,7.906,16.29,0.468,0.261,0.079,0.128,0.469,0.13,0.181,7.978e-5,0,0,0,0,9.036e-5,2.077,90,14.636,1006.68,0.001,340.168,0.25,7.285e6,10,78.54,0.025,0.013,0.011
1.318,58.154,58.154,86.335,86.493,56.646,57.274,2.1,-6.765e-5,2.1,90.002,5.22,8.462,28.61,-80.6,0.522,7.614e-6,5.935,0.007,84.686,89.994,1622.925,796.899,0.225,0.002,9.792,96.578,82.474,1.41,125.474,7.896,16.84,0.469,0.261,0.079,0.128,0.469,0.103,0.145,-2.229e-5,0,0,0,0,6.012e-4,2.018,90,14.622,1006.43,0.001,340.16,0.255,7.406e6,10,78.54,0.03,0.013,0.011
1.348,60.781,60.781,88.035,88.204,56.22,56.677,2.261,-6.754e-5,2.261,90.002,5.457,7.181,28.61,-80.6,0.291,5.751e-6,9.15,0.01,84.917,89.995,1620.744,794.717,0.225,0.002,9.792,96.761,82.432,1.433,125.111,7.883,17.508,0.469,0.261,0.079,0.129,0.469,0.057,0.08,-2.112e-4,0,0,0,0,0.001,1.924,90,14.605,1006.121,0.001,340.149,0.26,7.55e6,10,78.54,0.045,0.014,0.011
1.393,64.817,64.817,90.563,90.743,55.597,55.791,2.514,-6.279e-5,2.514,90.001,5.724,4.642,28.61,-80.6,0.134,5.496e-6,-10.008,0.018,85.369,89.998,1617.471,791.444,0.224,0.002,9.792,96.892,82.37,1.452,124.565,7.865,18.537,0.469,0.261,0.079,0.129,0.469,0.026,0.039,2.028e-4,0,0,0,0,-0.002,1.825,90,14.579,1005.648,0.001,340.134,0.267,7.764e6,10,78.54,0.05,0.014,0.012
1.443,69.414,69.414,93.323,93.509,54.811,54.859,2.805,-5.612e-5,2.805,90.001,5.892,2.288,28.61,-80.6,0.482,-8.641e-7,-5.055,-0.005,85.766,90,1613.85,787.824,0.224,0.002,9.792,96.636,82.3,1.434,123.962,7.844,19.711,0.47,0.261,0.079,0.13,0.47,0.095,0.137,4.626e-4,0,0,0,0,-3.733e-4,1.808,90,14.549,1005.109,0.001,340.115,0.275,7.997e6,10,78.54,0.027,0.014,0.012
1.47,71.967,71.967,94.804,94.99,54.322,54.351,2.965,-5.231e-5,2.965,90.001,5.945,1.758,28.61,-80.6,0.542,-3.114e-6,-0.686,-0.007,85.845,89.998,1611.885,785.858,0.224,0.002,9.792,96.597,82.262,1.433,123.635,7.833,20.354,0.47,0.261,0.079,0.13,0.471,0.107,0.154,-4.445e-4,0,0,0,0,-6.653e-6,1.844,90,14.532,1004.809,0.001,340.105,0.28,8.123e6,10,78.54,0.023,0.015,0.012
1.493,74.202,74.202,96.071,96.258,53.86,53.894,3.105,-4.847e-5,3.105,90.001,5.987,1.911,28.61,-80.6,0.5,-3.574e-6,3.269,0.005,85.814,89.997,1610.189,784.163,0.223,0.002,9.792,96.634,82.229,1.44,123.352,7.823,20.906,0.471,0.261,0.079,0.13,0.471,0.099,0.143,-4.407e-4,0,0,0,0,1.473e-4,1.887,90,14.518,1004.547,0.001,340.097,0.283,8.23e6,10,78.54,0.025,0.015,0.012
1.518,76.588,76.588,97.393,97.58,53.312,53.396,3.253,-4.387e-5,3.253,90.001,6.046,2.991,28.61,-80.6,0.313,-2.522e-6,6.665,0.003,85.689,89.999,1608.403,782.377,0.223,0.002,9.792,96.782,82.195,1.459,123.054,7.813,21.481,0.471,0.261,0.08,0.131,0.471,0.062,0.09,-2.424e-4,0,0,0,0,5.96e-4,1.832,90,14.502,1004.268,0.001,340.087,0.287,8.341e6,10,78.54,0.037,0.016,0.013
1.555,80.226,80.226,99.348,99.541,52.422,52.682,3.479,-3.673e-5,3.479,90.001,6.198,5.231,28.61,-80.6,0.041,-1.407e-6,-8.274,0.043,85.399,90.002,1605.725,779.698,0.223,0.002,9.792,97.001,82.142,1.486,122.608,7.798,22.355,0.471,0.261,0.08,0.131,0.471,0.008,0.013,3.873e-4,0,0,0,0,-8.829e-4,1.725,90,14.479,1003.841,0.001,340.073,0.293,8.505e6,10,78.54,0.05,0.016,0.013
1.605,85.259,85.259,101.94,102.148,51.272,51.746,3.797,-3.055e-5,3.797,90,6.508,6.986,28.61,-80.6,0.277,-8.347e-6,-5.077,0.006,85.049,90.005,1602.104,776.078,0.223,0.002,9.792,96.829,82.072,1.476,122.005,7.777,23.57,0.472,0.26,0.08,0.132,0.472,0.055,0.081,1.312e-4,0,0,0,0,-3.156e-4,1.825,90,14.446,1003.251,0.001,340.053,0.301,8.725e6,10,78.54,0.039,0.017,0.013
1.644,89.237,89.237,103.906,104.127,50.45,51.003,4.054,-3.125e-5,4.054,90,6.792,7.49,28.61,-80.6,0.338,-7.948e-6,-0.317,-0.003,84.942,90.006,1599.306,773.279,0.222,0.002,9.792,96.792,82.017,1.478,121.539,7.761,24.509,0.472,0.26,0.08,0.132,0.473,0.067,0.099,-2.801e-4,0,0,0,0,-1.187e-6,1.787,90,14.42,1002.784,0.001,340.037,0.307,8.891e6,10,78.54,0.03,0.018,0.013
1.674,92.401,92.401,105.423,105.655,49.917,50.36,4.262,-3.515e-5,4.262,90,7.008,6.669,28.61,-80.6,0.219,-6.041e-6,3.156,-0.009,84.988,90.007,1597.116,771.09,0.222,0.002,9.792,96.89,81.974,1.492,121.174,7.748,25.243,0.473,0.26,0.08,0.133,0.473,0.043,0.065,2.546e-4,0,0,0,0,1.14e-4,1.831,90,14.399,1002.413,0.001,340.025,0.311,9.019e6,10,78.54,0.045,0.018,0.014
1.719,97.192,97.192,107.651,107.896,49.163,49.405,4.584,-4.698e-5,4.584,90.001,7.264,4.89,28.61,-80.6,0.01,-1.066e-5,-4.775,-0.271,85.181,90.009,1593.86,767.833,0.222,0.002,9.792,97.063,81.909,1.515,120.631,7.729,26.34,0.473,0.26,0.08,0.133,0.473,0.002,0.003,1.167e-4,0,0,0,0,-2.503e-4,1.829,90,14.368,1001.851,0.001,340.006,0.318,9.207e6,10,78.54,0.05,0.018,0.014
1.769,102.636,102.636,110.087,110.34,48.252,48.383,4.952,-6.996e-5,4.952,90.001,7.474,3.557,28.61,-80.6,0.154,-1.437e-5,-2.867,-0.02,85.384,90.003,1590.239,764.213,0.221,0.002,9.792,96.962,81.837,1.512,120.028,7.708,27.565,0.474,0.26,0.08,0.134,0.474,0.03,0.047,-4.255e-4,0,0,0,0,-8.63e-5,1.713,90,14.333,1001.213,0.001,339.985,0.325,9.411e6,10,78.54,0.05,0.018,0.014
1.819,108.2,108.2,112.474,112.734,47.25,47.361,5.33,-9.188e-5,5.33,90.001,7.64,3.238,28.61,-80.6,0.173,-1.914e-5,1.064,-0.015,85.43,89.993,1586.619,760.592,0.221,0.002,9.792,96.96,81.765,1.519,119.425,7.687,28.796,0.475,0.26,0.08,0.134,0.475,0.034,0.051,4.526e-4,0,0,0,0,1.139e-5,1.692,90,14.297,1000.56,0.001,339.963,0.332,9.61e6,10,78.54,0.05,0.019,0.014
1.868,113.829,113.829,114.788,115.054,46.165,46.341,5.713,-9.717e-5,5.713,90.001,7.818,4.033,28.61,-80.6,0.071,-1.165e-5,4.039,-0.056,85.294,89.988,1583.032,757.005,0.221,0.002,9.792,97.05,81.694,1.536,118.827,7.666,30.017,0.475,0.26,0.081,0.135,0.475,0.014,0.022,4.762e-4,0,0,0,0,1.575e-4,1.774,90,14.26,999.9,0.001,339.941,0.339,9.804e6,10,78.54,0.05,0.019,0.015
1.918,119.625,119.625,117.068,117.344,45.017,45.331,6.109,-8.258e-5,6.109,90.001,8.051,5.324,28.61,-80.6,0.075,-1.676e-5,-4.029,-0.037,85.078,89.997,1579.411,753.385,0.22,0.002,9.792,97.059,81.621,1.544,118.224,7.644,31.252,0.476,0.26,0.081,0.136,0.476,0.015,0.023,1.535e-4,0,0,0,0,-1.506e-4,1.875,90,14.222,999.22,0.001,339.918,0.346,9.996e6,10,78.54,0.05,0.019,0.015
1.968,125.535,125.535,119.291,119.582,43.937,44.31,6.519,-6.725e-5,6.519,90.001,8.336,5.744,28.61,-80.6,0.118,-2.068e-5,-0.956,-0.006,84.951,90.016,1575.791,749.764,0.22,0.002,9.792,97.037,81.548,1.549,117.621,7.623,32.484,0.477,0.26,0.081,0.136,0.477,0.023,0.036,3.103e-4,0,0,0,0,-8.168e-6,1.956,90,14.184,998.527,0.001,339.894,0.352,1.018e7,10,78.54,0.05,0.02,0.015
2.018,131.554,131.554,121.464,121.768,42.954,43.252,6.943,-8.062e-5,6.943,90.001,8.602,5.071,28.61,-80.6,0.049,-3.089e-5,1.052,0.014,84.96,90.013,1572.17,746.143,0.22,0.002,9.792,97.103,81.474,1.563,117.018,7.601,33.708,0.477,0.259,0.081,0.137,0.477,0.01,0.015,-3.61e-4,0,0,0,0,9.544e-6,2.004,90,14.145,997.821,0.001,339.871,0.359,1.036e7,10,78.54,0.05,0.02,0.016
2.068,137.68,137.68,123.586,123.902,41.946,42.215,7.379,-1.104e-4,7.379,90.001,8.844,4.764,28.61,-80.6,0.031,-3.356e-5,1.976,0.134,85.038,89.986,1568.549,742.523,0.219,0.002,9.792,97.128,81.4,1.573,116.414,7.58,34.915,0.478,0.259,0.081,0.137,0.478,0.006,0.01,-1.236e-4,0,0,0,0,3.249e-5,1.817,90,14.105,997.102,0.001,339.847,0.365,1.054e7,10,78.54,0.05,0.02,0.016
2.118,143.911,143.911,125.659,125.986,41,41.165,7.827,-1.09e-4,7.827,90.001,9.07,3.686,28.61,-80.6,0.063,-3.201e-5,-2.39,0.078,85.16,89.969,1564.929,738.902,0.219,0.002,9.792,97.115,81.326,1.579,115.811,7.558,36.119,0.478,0.259,0.081,0.138,0.478,0.012,0.02,4.723e-4,0,0,0,0,-4.6e-5,1.708,90,14.065,996.372,0.001,339.822,0.371,1.071e7,10,78.54,0.05,0.02,0.016
2.168,150.245,150.245,127.686,128.018,40.035,40.127,8.284,-4.799e-5,8.284,90,9.217,2.714,28.61,-80.6,0.148,-3.161e-5,1.755,0.033,85.183,89.977,1561.308,735.281,0.218,0.002,9.792,97.06,81.252,1.581,115.208,7.536,37.328,0.479,0.259,0.082,0.138,0.479,0.029,0.046,-1.363e-4,0,0,0,0,2.403e-5,1.877,90,14.023,995.629,0.001,339.797,0.377,1.088e7,10,78.54,0.042,0.02,0.016
2.211,155.672,155.672,129.356,129.694,39.045,39.257,8.676,2.728e-5,8.676,90,9.354,4.079,28.61,-80.6,0.014,-3.296e-5,4.286,0.322,85.042,90.001,1558.25,732.224,0.218,0.002,9.792,97.174,81.189,1.599,114.698,7.517,38.331,0.48,0.259,0.082,0.139,0.48,0.003,0.004,-2.832e-4,0,0,0,0,1.396e-4,1.899,90,13.988,994.992,0.001,339.776,0.382,1.102e7,10,78.54,0.05,0.02,0.017
2.261,162.188,162.188,131.277,131.629,37.858,38.3,9.15,9.716e-5,9.15,89.999,9.613,5.802,28.61,-80.6,0.148,-4.75e-5,-1.278,0.029,84.886,90.014,1554.63,728.603,0.218,0.002,9.792,97.082,81.113,1.597,114.095,7.495,39.505,0.48,0.259,0.082,0.14,0.48,0.029,0.047,-2.505e-4,0,0,0,0,-1.204e-5,1.795,90,13.946,994.228,0.001,339.75,0.388,1.117e7,10,78.54,0.04,0.021,0.017
2.3,167.425,167.425,132.764,133.127,37.109,37.449,9.536,1.238e-4,9.536,89.999,9.832,5.037,28.61,-80.6,0.081,-3.275e-5,2.133,0.04,84.909,89.998,1551.757,725.731,0.217,0.002,9.792,97.142,81.054,1.609,113.617,7.478,40.427,0.481,0.259,0.082,0.14,0.481,0.016,0.026,3.494e-7,0,0,0,0,3.281e-5,1.806,90,13.912,993.614,0.001,339.729,0.392,1.13e7,10,78.54,0.05,0.021,0.017
2.35,174.109,174.109,134.597,134.972,36.225,36.388,10.033,1.633e-4,10.033,89.999,10.043,3.447,28.61,-80.6,0.048,-2.491e-5,-2.6,0.04,85.044,89.984,1548.137,722.11,0.217,0.002,9.792,97.179,80.978,1.62,113.013,7.455,41.575,0.481,0.259,0.082,0.141,0.481,0.009,0.016,-3.466e-4,0,0,0,0,-4.743e-5,1.741,90,13.868,992.83,0.001,339.703,0.398,1.145e7,10,78.54,0.05,0.021,0.017
2.4,180.884,180.884,136.386,136.765,35.277,35.369,10.539,2.282e-4,10.539,89.999,10.183,2.541,28.61,-80.6,0.115,-7.895e-6,1.042,0.02,85.088,89.992,1544.516,718.489,0.217,0.002,9.792,97.138,80.902,1.624,112.41,7.433,42.715,0.482,0.259,0.082,0.141,0.482,0.023,0.037,-2.14e-4,0,0,0,0,7.418e-6,1.814,90,13.824,992.035,0.001,339.676,0.403,1.159e7,10,78.54,0.046,0.021,0.018
2.447,187.252,187.252,137.998,138.385,34.207,34.449,11.015,2.896e-4,11.015,89.998,10.336,4.079,28.61,-80.6,0.02,0,-2.769,0.04,84.982,89.998,1541.155,715.129,0.216,0.002,9.792,97.222,80.831,1.639,111.85,7.412,43.747,0.482,0.258,0.082,0.142,0.482,0.004,0.007,-3.504e-4,0,0,0,0,-5.117e-5,1.732,90,13.783,991.289,0.001,339.651,0.408,1.172e7,10,78.54,0.05,0.021,0.018
2.497,194.194,194.194,139.682,140.08,33.155,33.464,11.537,3.513e-4,11.537,89.998,10.557,4.533,28.61,-80.6,0.059,9.731e-6,-0.789,0.007,84.89,89.991,1537.535,711.508,0.216,0.002,9.792,97.202,80.754,1.645,111.247,7.389,44.852,0.483,0.258,0.082,0.142,0.483,0.012,0.019,3.497e-4,0,0,0,0,-4.053e-6,1.788,90,13.738,990.474,0.001,339.624,0.413,1.186e7,10,78.54,0.042,0.021,0.018
2.539,200.126,200.126,141.066,141.474,32.362,32.6,11.987,4.108e-4,11.987,89.998,10.738,3.929,28.61,-80.6,0.015,5.711e-6,0.577,-0.019,84.891,89.996,1534.474,708.448,0.215,0.002,9.792,97.245,80.689,1.656,110.737,7.37,45.769,0.483,0.258,0.083,0.143,0.483,0.003,0.004,3.568e-5,0,0,0,0,2.129e-6,1.837,90,13.699,989.779,0.001,339.601,0.417,1.197e7,10,78.54,0.05,0.022,0.018
2.589,207.22,207.22,142.663,143.081,31.528,31.713,12.528,4.762e-4,12.528,89.998,10.918,3.422,28.61,-80.6,0.019,5.384e-6,-0.255,-0.005,84.916,89.999,1531.292,705.266,0.215,0.002,9.792,97.252,80.621,1.663,110.326,7.358,46.834,0.484,0.258,0.083,0.143,0.484,0.004,0.006,-3.432e-5,0,0,0,0,-4.044e-7,1.821,90,13.653,988.947,0.001,339.573,0.422,1.21e7,10,78.54,0.05,0.022,0.018
2.639,214.392,214.392,144.218,144.644,30.653,30.848,13.079,5.326e-4,13.079,89.998,11.089,3.459,28.61,-80.6,0.01,2.96e-6,0.461,-0.047,84.909,89.989,1528.11,702.083,0.215,0.002,9.792,97.27,80.552,1.672,109.914,7.346,47.88,0.484,0.258,0.083,0.144,0.484,0.002,0.003,5.876e-5,0,0,0,0,1.301e-6,1.785,90,13.606,988.105,0.001,339.544,0.426,1.223e7,10,78.54,0.05,0.022,0.019
2.689,221.641,221.641,145.729,146.164,29.8,29.983,13.637,6.101e-4,13.637,89.997,11.259,3.3,28.61,-80.6,0.018,5.509e-7,0.972,-0.022,84.874,89.985,1524.928,698.901,0.214,0.002,9.791,97.274,80.484,1.679,109.503,7.334,48.915,0.485,0.258,0.083,0.144,0.485,0.004,0.006,-2.019e-4,0,0,0,0,5.655e-6,1.859,90,13.559,987.255,0.001,339.516,0.431,1.235e7,10,78.54,0.05,0.022,0.019
2.739,228.964,228.964,147.197,147.64,28.894,29.153,14.205,7.098e-4,14.205,89.997,11.437,3.88,28.61,-80.6,0.029,5.151e-6,-0.815,-0.01,84.821,89.987,1521.746,695.719,0.214,0.002,9.791,97.275,80.415,1.686,109.091,7.321,49.924,0.486,0.258,0.083,0.145,0.486,0.006,0.009,-4.016e-4,0,0,0,0,-3.897e-6,1.829,90,13.512,986.396,0.001,339.487,0.435,1.247e7,10,78.54,0.05,0.022,0.019
2.789,236.36,236.36,148.62,149.075,28.057,28.316,14.781,8.3e-4,14.781,89.997,11.633,3.818,28.61,-80.6,0.03,-5.271e-6,0.82,0.003,84.824,89.99,1518.564,692.537,0.214,0.002,9.791,97.284,80.345,1.694,108.68,7.309,50.911,0.486,0.258,0.083,0.145,0.486,0.006,0.01,3.315e-7,0,0,0,0,3.864e-6,1.752,90,13.464,985.529,0.001,339.458,0.44,1.258e7,10,78.54,0.05,0.022,0.019
2.839,243.826,243.826,150.004,150.468,27.292,27.463,15.367,9.507e-4,15.367,89.996,11.804,3.061,28.61,-80.6,0.017,-3.877e-6,-1.029,-0.007,84.878,89.994,1515.382,689.355,0.213,0.002,9.791,97.303,80.276,1.703,108.268,7.297,51.878,0.487,0.258,0.083,0.146,0.487,0.003,0.006,3.065e-4,0,0,0,0,-5.975e-6,1.686,90,13.415,984.653,0.001,339.428,0.444,1.269e7,10,78.54,0.05,0.023,0.019
2.889,251.36,251.36,151.349,151.82,26.518,26.631,15.961,0.001,15.961,89.996,11.939,2.455,28.61,-80.6,0.054,-8.751e-6,0.854,-0.038,84.886,89.985,1512.199,686.173,0.213,0.002,9.791,97.284,80.206,1.708,107.857,7.284,52.833,0.487,0.258,0.083,0.146,0.487,0.011,0.018,-4.792e-4,0,0,0,0,4.044e-6,1.749,90,13.366,983.77,0.001,339.399,0.448,1.28e7,10,78.54,0.05,0.023,0.019
2.939,258.96,258.96,152.653,153.13,25.629,25.834,16.561,0.001,16.561,89.996,12.08,3.244,28.61,-80.6,0.003,-2.194e-5,-2.253,-0.551,84.793,89.981,1509.017,682.991,0.212,0.002,9.791,97.333,80.136,1.72,107.446,7.272,53.767,0.488,0.257,0.084,0.147,0.488,5.059e-4,7.105e-4,-2.951e-4,0,0,0,0,-2.767e-5,1.824,90,13.317,982.878,0.001,339.369,0.452,1.29e7,10,78.54,0.05,0.023,0.02
2.989,266.624,266.624,153.912,154.4,24.759,25.073,17.17,0.001,17.17,89.995,12.265,3.956,28.61,-80.6,0.052,-2.395e-5,-0.573,-0.013,84.715,89.993,1505.835,679.809,0.212,0.002,9.791,97.303,80.066,1.724,107.034,7.259,54.675,0.488,0.257,0.084,0.147,0.488,0.01,0.018,1.162e-4,0,0,0,0,-1.761e-6,1.83,90,13.267,981.979,0.001,339.339,0.455,1.3e7,10,78.54,0.05,0.023,0.02
3.039,274.35,274.35,155.133,155.63,24.071,24.23,17.788,0.001,17.788,89.995,12.436,2.77,28.61,-80.6,0.022,-3.163e-5,-0.377,-0.027,84.728,89.988,1502.653,676.626,0.212,0.002,9.791,97.336,79.995,1.734,106.623,7.247,55.567,0.488,0.257,0.084,0.147,0.488,0.004,0.008,-2.613e-4,0,0,0,0,-7.503e-7,1.941,90,13.217,981.073,0.001,339.308,0.459,1.31e7,10,78.54,0.05,0.023,0.02
3.089,282.137,282.137,156.317,156.822,23.258,23.471,18.413,0.002,18.413,89.995,12.576,3.153,28.61,-80.6,0.007,-3.246e-5,-0.577,-0.019,84.712,89.988,1499.471,673.444,0.211,0.002,9.791,97.356,79.924,1.743,106.211,7.234,56.425,0.489,0.257,0.084,0.148,0.489,0.001,0.003,7.17e-5,0,0,0,0,-1.731e-6,1.871,90,13.166,980.16,0.001,339.278,0.463,1.319e7,10,78.54,0.05,0.023,0.02
3.139,289.981,289.981,157.46,157.974,22.501,22.705,19.046,0.002,19.046,89.995,12.736,3.042,28.61,-80.6,0.004,-3.016e-5,0.119,-0.027,84.704,89.993,1496.289,670.262,0.211,0.002,9.791,97.366,79.853,1.751,105.8,7.222,57.263,0.489,0.257,0.084,0.148,0.489,8.801e-4,0.002,2.882e-4,0,0,0,0,7.228e-8,1.847,90,13.115,979.24,0.001,339.247,0.466,1.328e7,10,78.54,0.05,0.024,0.02
3.189,297.882,297.882,158.567,159.089,21.772,21.944,19.686,0.002,19.686,89.994,12.878,2.742,28.61,-80.6,0.01,-2.965e-5,0.185,-0.038,84.704,89.991,1493.107,667.08,0.211,0.002,9.791,97.37,79.781,1.759,105.389,7.209,58.08,0.49,0.257,0.084,0.149,0.49,0.002,0.004,1.279e-4,0,0,0,0,1.727e-7,1.849,90,13.064,978.313,0.001,339.216,0.469,1.336e7,10,78.54,0.05,0.024,0.02
3.239,305.837,305.837,159.638,160.167,21.055,21.189,20.333,0.002,20.333,89.994,13.006,2.382,28.61,-80.6,0.03,-4.31e-5,1.307,-0.025,84.669,89.977,1489.925,663.898,0.21,0.002,9.791,97.363,79.709,1.765,104.977,7.196,58.882,0.49,0.257,0.084,0.149,0.49,0.006,0.01,1.364e-4,0,0,0,0,8.512e-6,1.974,90,13.012,977.38,0.001,339.184,0.473,1.344e7,10,78.54,0.05,0.024,0.021
3.289,313.845,313.845,160.67,161.207,20.227,20.514,20.987,0.002,20.987,89.994,13.15,3.418,28.61,-80.6,0.036,-4.274e-5,-1.15,-0.015,84.592,89.988,1486.742,660.716,0.21,0.002,9.791,97.366,79.637,1.773,104.566,7.183,59.651,0.491,0.257,0.084,0.149,0.491,0.007,0.013,1.151e-4,0,0,0,0,-6.509e-6,1.957,90,12.96,976.441,0.001,339.153,0.476,1.352e7,10,78.54,0.05,0.024,0.021
3.339,321.904,321.904,161.663,162.211,19.534,19.792,21.649,0.002,21.649,89.994,13.321,3.183,28.61,-80.6,0.026,-5.717e-5,1.081,-0.011,84.6,89.994,1483.56,657.534,0.21,0.002,9.791,97.381,79.564,1.782,104.154,7.17,60.392,0.491,0.257,0.084,0.15,0.491,0.005,0.009,-1.055e-4,0,0,0,0,5.677e-6,1.886,90,12.908,975.496,0.001,339.121,0.479,1.36e7,10,78.54,0.05,0.024,0.021
3.389,330.011,330.011,162.625,163.18,18.933,19.046,22.318,0.003,22.318,89.993,13.448,2.07,28.61,-80.6,0.036,-5.637e-5,-0.485,-0.019,84.651,89.984,1480.378,654.352,0.209,0.002,9.791,97.381,79.491,1.789,103.743,7.157,61.114,0.491,0.257,0.084,0.15,0.491,0.007,0.013,-2.054e-4,0,0,0,0,-1.13e-6,1.879,90,12.855,974.545,0.001,339.089,0.482,1.367e7,10,78.54,0.05,0.024,0.021
3.439,338.166,338.166,163.554,164.115,18.19,18.382,22.993,0.003,22.993,89.993,13.562,2.648,28.61,-80.6,0.002,-5.419e-5,-0.864,-0.194,84.627,89.981,1477.196,651.169,0.209,0.002,9.791,97.414,79.418,1.8,103.331,7.144,61.808,0.492,0.257,0.085,0.151,0.492,4.432e-4,3.141e-4,3.845e-4,0,0,0,0,-3.544e-6,1.814,90,12.802,973.589,0.001,339.057,0.485,1.374e7,10,78.54,0.05,0.025,0.021
3.489,346.366,346.366,164.446,165.015,17.515,17.704,23.675,0.003,23.675,89.993,13.699,2.578,28.61,-80.6,0.001,-5.531e-5,-0.336,0.011,84.599,89.987,1474.014,647.987,0.208,0.002,9.791,97.422,79.345,1.808,102.92,7.131,62.486,0.492,0.257,0.085,0.151,0.492,2.037e-4,3.122e-4,4.068e-4,0,0,0,0,-5.295e-7,1.845,90,12.749,972.627,0.001,339.025,0.487,1.381e7,10,78.54,0.05,0.025,0.021
3.539,354.61,354.61,165.306,165.882,16.896,17.012,24.363,0.003,24.363,89.993,13.811,1.983,28.61,-80.6,0.031,-6.092e-5,1.407,-0.04,84.56,89.986,1470.832,644.805,0.208,0.002,9.791,97.406,79.271,1.813,102.509,7.118,63.151,0.492,0.256,0.085,0.151,0.492,0.006,0.011,-2.236e-5,0,0,0,0,9.193e-6,2.02,90,12.695,971.66,0.001,338.992,0.49,1.387e7,10,78.54,0.05,0.025,0.021
3.589,362.896,362.896,166.132,166.715,16.136,16.43,25.056,0.003,25.056,89.992,13.937,3.096,28.61,-80.6,0.034,-6.662e-5,-1.309,-0.017,84.475,89.977,1467.65,641.623,0.208,0.002,9.791,97.41,79.197,1.821,102.097,7.105,63.78,0.493,0.256,0.085,0.152,0.493,0.007,0.012,4.268e-4,0,0,0,0,-7.879e-6,2.032,90,12.641,970.688,0.001,338.959,0.492,1.393e7,10,78.54,0.005,0.025,0.021
3.594,363.727,363.727,166.212,166.797,16.063,16.374,25.126,0.003,25.126,89.992,13.953,3.176,28.61,-80.6,0.039,-6.662e-5,-1.07,-0.019,84.469,89.977,1467.331,641.305,0.208,0.002,9.791,97.407,79.19,1.822,102.056,7.104,63.841,0.493,0.256,0.085,0.152,0.493,0.008,0.015,3.914e-4,0,0,0,0,-5.26e-6,2.027,90,12.636,970.591,0.001,338.956,0.493,1.394e7,10,78.54,0.008,0.025,0.021
3.602,364.974,364.974,166.332,166.919,15.968,16.296,25.231,0.003,25.231,89.992,13.977,3.256,28.61,-80.6,0.044,-6.654e-5,-0.658,-0.019,84.463,89.977,1466.891,640.865,0.207,0.002,9.791,97.404,79.179,1.822,102.008,7.102,63.932,0.493,0.256,0.085,0.152,0.493,0.009,0.016,2.605e-5,0,0,0,0,-1.989e-6,2.02,90,12.628,970.445,0.001,338.951,0.493,1.395e7,10,78.54,0.011,0.026,0.021
3.613,366.846,366.846,166.511,167.1,15.833,16.173,25.388,0.003,25.388,89.992,14.014,3.301,28.61,-80.6,0.047,-6.649e-5,0.017,-0.026,84.459,89.98,1466.231,640.205,0.207,0.002,9.791,97.403,79.164,1.824,101.935,7.101,64.068,0.493,0.256,0.085,0.152,0.493,0.009,0.017,4.425e-4,0,0,0,0,0,2.002,90,12.616,970.225,0.001,338.944,0.494,1.396e7,10,78.54,0.017,0.026,0.021
3.63,369.658,369.658,166.777,167.369,15.656,15.963,25.625,0.003,25.625,89.992,14.068,3.116,28.61,-80.6,0.038,-6.72e-5,0.972,-0.026,84.468,89.985,1465.241,639.214,0.207,0.002,9.791,97.412,79.141,1.827,101.826,7.098,64.269,0.493,0.256,0.085,0.152,0.493,0.008,0.014,-2.575e-4,0,0,0,0,4.309e-6,1.975,90,12.597,969.895,0.001,338.933,0.494,1.398e7,10,78.54,0.025,0.026,0.021
3.655,373.885,373.885,167.17,167.767,15.426,15.626,25.982,0.004,25.982,89.992,14.139,2.493,28.61,-80.6,0.005,-6.801e-5,1.699,-0.061,84.504,89.986,1463.756,637.729,0.207,0.002,9.791,97.441,79.106,1.833,101.663,7.094,64.565,0.493,0.256,0.085,0.152,0.493,9.786e-4,0.002,2.573e-4,0,0,0,0,1.311e-5,1.931,90,12.57,969.4,0.001,338.916,0.496,1.401e7,10,78.54,0.038,0.026,0.022
3.693,380.243,380.243,167.749,168.351,15.061,15.172,26.52,0.004,26.52,89.992,14.219,1.833,28.61,-80.6,0.028,-6.693e-5,-0.942,0.005,84.558,89.988,1461.528,635.501,0.207,0.002,9.791,97.427,79.053,1.837,101.418,7.087,64.999,0.493,0.256,0.085,0.152,0.493,0.006,0.01,-1.436e-4,0,0,0,0,-4.002e-6,1.846,90,12.528,968.654,0.001,338.891,0.497,1.405e7,10,78.54,0.05,0.027,0.022
3.743,388.649,388.649,168.489,169.095,14.504,14.616,27.234,0.004,27.234,89.992,14.306,1.805,28.61,-80.6,0.027,-5.948e-5,1.177,-0.065,84.544,89.982,1458.593,632.567,0.206,0.002,9.791,97.434,78.984,1.845,101.095,7.079,65.563,0.494,0.256,0.085,0.152,0.494,0.005,0.01,4.393e-4,0,0,0,0,6.196e-6,1.868,90,12.474,967.668,0.001,338.858,0.5,1.41e7,10,78.54,0.05,0.027,0.022
3.793,397.091,397.091,169.198,169.811,13.897,14.1,27.951,0.004,27.951,89.991,14.414,2.384,28.61,-80.6,0.006,-6.278e-5,-1.561,-0.206,84.465,89.975,1455.659,629.633,0.206,0.002,9.791,97.456,78.915,1.854,100.773,7.071,66.112,0.494,0.256,0.085,0.153,0.494,0.001,0.002,-2.614e-5,0,0,0,0,-1.081e-5,1.965,90,12.419,966.678,0.001,338.825,0.502,1.415e7,10,78.54,0.05,0.027,0.022
3.843,405.568,405.568,169.878,170.5,13.321,13.617,28.675,0.004,28.675,89.991,14.55,2.824,28.61,-80.6,0.032,-6.232e-5,0.192,-0.036,84.431,89.989,1452.725,626.699,0.206,0.002,9.791,97.442,78.845,1.86,100.45,7.062,66.629,0.494,0.256,0.085,0.153,0.494,0.006,0.012,-3.066e-4,0,0,0,0,1.622e-7,1.921,90,12.364,965.684,0.001,338.791,0.504,1.42e7,10,78.54,0.05,0.027,0.022
3.893,414.079,414.079,170.534,171.163,12.889,13.029,29.406,0.005,29.406,89.991,14.666,1.909,28.61,-80.6,0.014,-6.392e-5,-0.683,-0.033,84.468,89.987,1449.791,623.765,0.205,0.002,9.791,97.461,78.775,1.869,100.127,7.054,67.127,0.495,0.256,0.085,0.153,0.495,0.003,0.005,3.175e-4,0,0,0,0,-2.033e-6,1.895,90,12.308,964.685,0.001,338.758,0.506,1.424e7,10,78.54,0.05,0.028,0.022
3.943,422.621,422.621,171.167,171.801,12.399,12.508,30.141,0.005,30.141,89.991,14.748,1.65,28.61,-80.6,0.026,-5.684e-5,1.233,-0.024,84.448,89.981,1446.857,620.831,0.205,0.002,9.791,97.458,78.705,1.875,99.805,7.045,67.613,0.495,0.256,0.085,0.154,0.495,0.005,0.01,4.076e-4,0,0,0,0,6.586e-6,1.966,90,12.253,963.684,0.001,338.724,0.508,1.429e7,10,78.54,0.05,0.028,0.022
3.993,431.195,431.195,171.772,172.413,11.82,12.068,30.881,0.005,30.881,89.99,14.854,2.437,28.61,-80.6,0.017,-5.608e-5,-1.255,-0.025,84.374,89.974,1443.923,617.897,0.205,0.002,9.791,97.47,78.634,1.884,99.482,7.037,68.078,0.495,0.256,0.085,0.154,0.495,0.003,0.007,2.235e-4,0,0,0,0,-6.774e-6,2.014,90,12.197,962.678,0.001,338.69,0.51,1.433e7,10,78.54,0.05,0.028,0.022
4.043,439.798,439.798,172.351,173,11.371,11.539,31.627,0.006,31.627,89.99,14.966,1.965,28.61,-80.6,0.006,-5.752e-5,0.716,-0.038,84.335,89.977,1440.989,614.963,0.204,0.002,9.791,97.484,78.563,1.892,99.16,7.028,68.529,0.495,0.256,0.085,0.154,0.495,0.001,0.002,-3.09e-4,0,0,0,0,2.188e-6,2.148,90,12.141,961.669,0.001,338.657,0.511,1.437e7,10,78.54,0.05,0.028,0.022
4.093,448.43,448.43,172.907,173.563,10.849,11.124,32.378,0.006,32.378,89.99,15.076,2.455,28.61,-80.6,0.022,-5.608e-5,-0.129,-0.026,84.308,89.983,1438.055,612.029,0.204,0.002,9.791,97.477,78.492,1.898,98.837,7.02,68.946,0.496,0.256,0.086,0.154,0.496,0.004,0.008,3.465e-4,0,0,0,0,-7.101e-8,2.092,90,12.085,960.657,0.001,338.623,0.513,1.44e7,10,78.54,0.05,0.029,0.022
4.143,457.088,457.088,173.439,174.102,10.438,10.619,33.135,0.006,33.135,89.989,15.187,1.953,28.61,-80.6,0.002,-6.188e-5,-0.611,0.18,84.332,89.975,1435.121,609.095,0.204,0.002,9.791,97.497,78.421,1.908,98.515,7.011,69.343,0.496,0.256,0.086,0.154,0.496,3.568e-4,0.001,3.699e-4,0,0,0,0,-1.576e-6,2.032,90,12.029,959.641,0.001,338.588,0.515,1.444e7,10,78.54,0.05,0.029,0.022
4.193,465.773,465.773,173.951,174.62,10.03,10.136,33.896,0.006,33.896,89.989,15.268,1.46,28.61,-80.6,0.025,-5.658e-5,0.732,0.002,84.329,89.971,1432.187,606.161,0.203,0.002,9.791,97.484,78.349,1.914,98.192,7.003,69.731,0.496,0.256,0.086,0.155,0.496,0.005,0.009,7.092e-5,0,0,0,0,2.246e-6,2.081,90,11.972,958.623,0.001,338.554,0.516,1.447e7,10,78.54,0.05,0.029,0.022
4.243,474.483,474.483,174.438,175.114,9.494,9.806,34.662,0.007,34.662,89.989,15.37,2.455,28.61,-80.6,0.028,-5.195e-5,-0.255,-3.62e-4,84.29,89.975,1429.253,603.227,0.203,0.002,9.791,97.487,78.277,1.921,97.869,6.994,70.088,0.496,0.256,0.086,0.155,0.496,0.006,0.011,4.4e-4,0,0,0,0,-2.709e-7,1.986,90,11.916,957.601,0.001,338.52,0.518,1.45e7,10,78.54,0.05,0.029,0.022
4.293,483.217,483.217,174.903,175.587,9.115,9.336,35.433,0.007,35.433,89.989,15.485,2.019,28.61,-80.6,0.008,-4.834e-5,1.376,0.132,84.334,89.97,1426.319,600.293,0.202,0.002,9.791,97.506,78.204,1.93,97.547,6.985,70.423,0.497,0.256,0.086,0.155,0.497,0.002,0.003,-3.705e-4,0,0,0,0,7.851e-6,1.841,90,11.859,956.577,0.001,338.486,0.519,1.453e7,10,78.54,0.05,0.029,0.023
4.343,491.973,491.973,175.351,176.04,8.768,8.864,36.21,0.007,36.21,89.988,15.561,1.295,28.61,-80.6,0.025,-3.712e-5,-0.211,0.04,84.377,89.986,1423.385,597.359,0.202,0.002,9.791,97.497,78.132,1.937,97.224,6.977,70.748,0.497,0.256,0.086,0.155,0.497,0.005,0.01,4.761e-4,0,0,0,0,-1.829e-7,1.78,90,11.802,955.55,0.001,338.451,0.521,1.456e7,10,78.54,0.05,0.029,0.023
4.393,500.751,500.751,175.778,176.472,8.308,8.507,36.989,0.008,36.989,89.988,15.64,1.827,28.61,-80.6,0.003,-2.593e-5,-0.56,0.287,84.354,89.993,1420.451,594.425,0.202,0.002,9.791,97.518,78.059,1.946,96.902,6.968,71.056,0.497,0.256,0.086,0.155,0.497,6.515e-4,0.001,4.291e-4,0,0,0,0,-1.287e-6,1.73,90,11.745,954.524,0.001,338.416,0.522,1.458e7,10,78.54,0.05,0.029,0.023
4.443,509.551,509.551,176.183,176.884,7.918,8.093,37.774,0.008,37.774,89.988,15.73,1.677,28.61,-80.6,0.003,-2.542e-5,0.453,-0.133,84.329,89.976,1417.517,591.49,0.201,0.002,9.791,97.523,77.986,1.954,96.579,6.959,71.359,0.497,0.256,0.086,0.156,0.497,5.881e-4,8.596e-4,4.984e-4,0,0,0,0,8.403e-7,1.774,90,11.688,953.541,0.001,338.382,0.523,1.46e7,10,78.54,0.05,0.03,0.023
4.493,518.369,518.369,176.57,177.276,7.538,7.679,38.562,0.008,38.562,89.988,15.805,1.462,28.61,-80.6,0.012,-3.149e-5,1.324,-0.003,84.283,89.972,1414.583,588.556,0.201,0.002,9.791,97.52,77.912,1.961,96.256,6.95,71.653,0.497,0.256,0.086,0.156,0.497,0.002,0.005,8.302e-5,0,0,0,0,7.13e-6,1.909,90,11.631,952.556,0.001,338.347,0.524,1.463e7,10,78.54,0.05,0.03,0.023
4.543,527.207,527.207,176.935,177.648,7.083,7.416,39.355,0.009,39.355,89.987,15.902,2.197,28.61,-80.6,0.025,-3.174e-5,-0.449,0.003,84.232,89.993,1411.649,585.622,0.2,0.002,9.791,97.514,77.838,1.968,95.934,6.941,71.917,0.497,0.256,0.086,0.156,0.497,0.005,0.01,-2.033e-4,0,0,0,0,-8.164e-7,1.895,90,11.573,951.569,0.001,338.312,0.526,1.465e7,10,78.54,0.05,0.03,0.023
4.593,536.063,536.063,177.282,178.001,6.806,6.906,40.152,0.009,40.152,89.987,15.982,1.167,28.61,-80.6,0.024,-3.726e-5,0.6,-0.003,84.222,89.981,1408.715,582.688,0.2,0.002,9.791,97.518,77.764,1.975,95.611,6.932,72.178,0.498,0.256,0.086,0.156,0.498,0.005,0.009,-3.491e-4,0,0,0,0,1.451e-6,2.031,90,11.516,950.579,0.001,338.277,0.527,1.467e7,10,78.54,0.05,0.03,0.023
4.643,544.935,544.935,177.612,178.336,6.381,6.613,40.953,0.009,40.953,89.987,16.054,1.735,28.61,-80.6,0.005,-4.153e-5,-1.397,-0.168,84.154,89.973,1405.781,579.754,0.2,0.002,9.791,97.536,77.689,1.985,95.289,6.923,72.418,0.498,0.255,0.086,0.156,0.498,9.872e-4,0.002,2.106e-4,0,0,0,0,-7.847e-6,2.115,90,11.458,949.588,0.001,338.242,0.528,1.469e7,10,78.54,0.05,0.03,0.023
4.693,553.823,553.823,177.921,178.653,6.009,6.308,41.758,0.01,41.758,89.987,16.152,1.918,28.61,-80.6,0.015,-5.224e-5,-0.073,-0.04,84.123,89.993,1402.847,576.82,0.199,0.002,9.79,97.532,77.615,1.992,94.966,6.914,72.636,0.498,0.255,0.086,0.156,0.498,0.003,0.006,-4.148e-4,0,0,0,0,-2.149e-8,2.117,90,11.4,948.595,0.001,338.207,0.529,1.47e7,10,78.54,0.05,0.03,0.023
4.743,562.727,562.727,178.214,178.952,5.692,5.954,42.568,0.01,42.568,89.987,16.243,1.745,28.61,-80.6,0.009,-6.289e-5,0.894,0.007,84.151,89.988,1399.913,573.886,0.199,0.002,9.79,97.54,77.54,2,94.643,6.905,72.827,0.498,0.255,0.086,0.156,0.498,0.002,0.003,3.675e-4,0,0,0,0,3.187e-6,1.985,90,11.342,947.6,0.001,338.172,0.53,1.472e7,10,78.54,0.05,0.031,0.023
4.793,571.645,571.645,178.492,179.236,5.435,5.523,43.382,0.01,43.382,89.986,16.306,0.984,28.61,-80.6,0.026,-5.882e-5,0.288,0.022,84.17,89.981,1396.979,570.952,0.199,0.002,9.79,97.53,77.464,2.007,94.321,6.896,73.016,0.498,0.255,0.086,0.157,0.498,0.005,0.011,-1.148e-4,0,0,0,0,3.295e-7,1.999,90,11.284,946.604,0.001,338.137,0.531,1.473e7,10,78.54,0.027,0.031,0.023
4.82,576.483,576.483,178.637,179.382,5.236,5.367,43.824,0.01,43.824,89.986,16.334,1.178,28.61,-80.6,0.016,-6.008e-5,1.324,0.097,84.147,89.989,1395.389,569.362,0.198,0.002,9.79,97.539,77.423,2.012,94.146,6.891,73.114,0.498,0.255,0.086,0.157,0.498,0.003,0.006,3.771e-4,0,0,0,0,6.964e-6,2.027,90,11.253,946.063,0.001,338.118,0.531,1.474e7,10,78.54,0.041,0.031,0.023
4.861,583.747,583.747,178.842,179.592,4.87,5.241,44.489,0.011,44.489,89.986,16.398,1.938,28.61,-80.6,0.021,-6.024e-5,-1.152,0.079,84.09,89.992,1393.199,567.172,0.198,0.002,9.79,97.537,77.367,2.017,93.851,6.881,73.252,0.498,0.255,0.086,0.157,0.498,0.004,0.009,-4.241e-5,0,0,0,0,-5.257e-6,2.051,90,11.206,945.252,0.001,338.09,0.532,1.475e7,10,78.54,0.05,0.031,0.023
4.911,592.695,592.695,179.077,179.835,4.56,4.843,45.311,0.011,45.311,89.986,16.493,1.632,28.61,-80.6,0.008,-5.736e-5,0.543,-0.017,84.092,89.985,1390.504,564.478,0.198,0.002,9.79,97.55,77.297,2.025,93.489,6.867,73.401,0.498,0.255,0.086,0.157,0.498,0.002,0.003,4.833e-4,0,0,0,0,1.165e-6,2.012,90,11.147,944.252,0.001,338.054,0.533,1.476e7,10,78.54,0.05,0.031,0.023
4.961,601.654,601.654,179.299,180.062,4.29,4.407,46.138,0.011,46.138,89.986,16.556,1.006,28.61,-80.6,0.02,-4.808e-5,0.247,-0.019,84.104,89.993,1387.81,561.783,0.197,0.002,9.79,97.543,77.226,2.032,93.127,6.854,73.539,0.499,0.255,0.086,0.157,0.499,0.004,0.008,-3.16e-4,0,0,0,0,2.412e-7,2.022,90,11.089,943.251,0.001,338.019,0.533,1.476e7,10,78.54,0.05,0.031,0.023
5.011,610.624,610.624,179.504,180.272,3.888,4.251,46.967,0.011,46.967,89.986,16.614,1.717,28.61,-80.6,0.014,-6.5e-5,-1.296,-0.085,84.042,89.978,1385.115,559.089,0.197,0.002,9.79,97.55,77.156,2.039,92.764,6.841,73.667,0.499,0.255,0.086,0.157,0.499,0.003,0.006,1.728e-4,0,0,0,0,-6.607e-6,2.073,90,11.031,942.249,0.001,337.984,0.534,1.477e7,10,78.54,0.05,0.032,0.023
5.061,619.604,619.604,179.689,180.465,3.61,3.887,47.8,0.012,47.8,89.986,16.714,1.442,28.61,-80.6,0.003,-5.966e-5,1.29,-0.159,84.069,89.987,1382.421,556.394,0.197,0.002,9.79,97.561,77.085,2.048,92.402,6.827,73.764,0.499,0.255,0.086,0.157,0.499,6.766e-4,9.903e-4,1.964e-4,0,0,0,0,6.531e-6,1.943,90,10.973,941.246,0.001,337.948,0.535,1.478e7,10,78.54,0.05,0.032,0.023
5.111,628.593,628.593,179.866,180.644,3.369,3.448,48.637,0.012,48.637,89.986,16.75,0.733,28.61,-80.6,0.028,-5.398e-5,1.335,-0.007,84.06,89.99,1379.726,553.699,0.196,0.002,9.79,97.544,77.014,2.053,92.04,6.814,73.87,0.499,0.255,0.086,0.157,0.499,0.006,0.012,2.414e-4,0,0,0,0,6.976e-6,2.055,90,10.914,940.241,0.001,337.913,0.535,1.478e7,10,78.54,0.05,0.032,0.023
5.161,637.591,637.591,180.024,180.807,2.963,3.419,49.476,0.012,49.476,89.986,16.816,1.707,28.61,-80.599,0.018,-5.562e-5,-1.461,-0.106,83.97,89.969,1377.031,551.005,0.196,0.002,9.79,97.554,76.943,2.061,91.677,6.8,73.96,0.499,0.255,0.086,0.157,0.499,0.004,0.007,-1.417e-4,0,0,0,0,-8.339e-6,2.146,90,10.856,939.236,0.001,337.877,0.536,1.479e7,10,78.54,0.05,0.032,0.023
5.211,646.595,646.595,180.164,180.955,2.689,3.105,50.319,0.012,50.319,89.986,16.902,1.551,28.61,-80.599,0.012,-5.738e-5,0.239,-0.017,83.954,89.977,1374.337,548.31,0.195,0.002,9.79,97.56,76.871,2.069,91.315,6.787,74.028,0.499,0.255,0.086,0.157,0.499,0.002,0.004,3.163e-4,0,0,0,0,2.231e-7,2.143,90,10.797,938.23,0.001,337.842,0.536,1.479e7,10,78.54,0.05,0.032,0.023
5.261,655.607,655.607,180.293,181.09,2.446,2.736,51.165,0.013,51.165,89.986,16.967,1.225,28.61,-80.599,0.002,-6.188e-5,-0.259,-0.133,83.972,89.993,1371.642,545.616,0.195,0.002,9.79,97.569,76.799,2.077,90.952,6.773,74.078,0.499,0.255,0.086,0.157,0.499,4.448e-4,0.001,-4.604e-5,0,0,0,0,-2.623e-7,2.08,90,10.739,937.223,0.001,337.806,0.537,1.479e7,10,78.54,0.05,0.032,0.023
5.311,664.624,664.624,180.409,181.211,2.197,2.43,52.015,0.013,52.015,89.986,17.028,1.038,28.61,-80.599,0.009,-6.255e-5,-0.174,7.786e-4,83.987,89.972,1368.948,542.921,0.195,0.001,9.79,97.565,76.727,2.084,90.59,6.759,74.115,0.499,0.255,0.086,0.157,0.499,0.002,0.004,3.363e-4,0,0,0,0,-1.18e-7,2.005,90,10.68,936.216,0.001,337.771,0.537,1.479e7,10,78.54,0.05,0.033,0.023
5.361,673.648,673.648,180.512,181.318,1.924,2.198,52.868,0.013,52.868,89.986,17.075,1.063,28.61,-80.599,0.007,-6.758e-5,1.082,0.166,83.953,89.985,1366.253,540.227,0.194,0.001,9.79,97.568,76.655,2.091,90.228,6.746,74.153,0.499,0.255,0.086,0.158,0.499,0.001,0.003,-4.155e-4,0,0,0,0,4.553e-6,2.071,90,10.621,935.208,0.001,337.735,0.537,1.478e7,10,78.54,0.05,0.033,0.023
5.411,682.675,682.675,180.601,181.412,1.629,2.126,53.723,0.014,53.723,89.986,17.139,1.367,28.61,-80.599,0.008,-6.147e-5,-0.791,0.095,83.902,89.988,1363.559,537.532,0.194,0.001,9.79,97.569,76.582,2.099,89.865,6.732,74.179,0.499,0.255,0.086,0.158,0.499,0.002,0.003,4.887e-4,0,0,0,0,-2.429e-6,2.13,90,10.563,934.199,0.001,337.7,0.538,1.478e7,10,78.54,0.05,0.033,0.023
5.461,691.707,691.707,180.676,181.493,1.374,1.954,54.582,0.014,54.582,89.986,17.205,1.388,28.61,-80.599,0.01,-5.624e-5,-0.251,-0.034,83.879,89.984,1360.864,534.837,0.194,0.001,9.79,97.568,76.509,2.106,89.503,6.718,74.188,0.499,0.255,0.086,0.158,0.499,0.002,0.004,2.702e-4,0,0,0,0,-2.448e-7,2.14,90,10.504,933.19,0.001,337.664,0.538,1.478e7,10,78.54,0.05,0.033,0.023
5.511,700.743,700.743,180.739,181.562,1.171,1.574,55.444,0.014,55.444,89.985,17.271,1.051,28.61,-80.599,0.005,-6.798e-5,-0.425,-0.156,83.898,90.003,1358.169,532.143,0.193,0.001,9.79,97.573,76.436,2.114,89.14,6.704,74.179,0.499,0.255,0.086,0.158,0.499,9.556e-4,0.002,1.032e-4,0,0,0,0,-7.009e-7,2.065,90,10.445,932.18,0.001,337.629,0.538,1.477e7,10,78.54,0.05,0.033,0.023
5.561,709.781,709.781,180.793,181.62,0.936,1.387,56.308,0.014,56.308,89.985,17.314,1.023,28.61,-80.599,0.005,-7.697e-5,0.722,-0.07,83.881,89.984,1355.475,529.448,0.193,0.001,9.79,97.574,76.362,2.121,88.778,6.69,74.168,0.499,0.255,0.086,0.158,0.499,9.433e-4,0.002,-2.387e-4,0,0,0,0,2.017e-6,2.081,90,10.386,931.17,0.001,337.593,0.539,1.477e7,10,78.54,0.05,0.033,0.023
5.611,718.822,718.822,180.833,181.665,0.682,1.431,57.176,0.014,57.176,89.985,17.376,1.258,28.61,-80.599,0.007,-7.922e-5,-0.182,0.011,83.859,89.986,1352.78,526.754,0.192,0.001,9.79,97.573,76.288,2.128,88.416,6.676,74.143,0.499,0.255,0.086,0.158,0.499,0.001,0.003,2.658e-6,0,0,0,0,-1.282e-7,2.057,90,10.328,930.16,0.001,337.557,0.539,1.476e7,10,78.54,0.05,0.034,0.023
5.661,727.864,727.864,180.862,181.7,0.483,1.154,58.046,0.015,58.046,89.985,17.433,1.048,28.61,-80.599,0.002,-7.58e-5,-0.013,0.021,83.861,89.98,1350.086,524.059,0.192,0.001,9.79,97.578,76.214,2.136,88.053,6.662,74.106,0.499,0.255,0.086,0.158,0.499,3.324e-4,3.206e-4,-4.458e-4,0,0,0,0,0,2.024,90,10.269,929.15,0.001,337.522,0.539,1.475e7,10,78.54,0.05,0.034,0.023
5.711,736.908,736.908,180.881,181.724,0.266,1.093,58.919,0.015,58.919,89.985,17.484,1.061,28.61,-80.599,0.001,-7.717e-5,-0.017,-0.122,83.857,89.973,1347.391,521.365,0.192,0.001,9.79,97.578,76.14,2.144,87.691,6.648,74.06,0.499,0.255,0.086,0.158,0.499,2.639e-4,2.847e-4,-1.883e-4,0,0,0,0,0,1.983,90,10.21,928.14,0.001,337.486,0.539,1.474e7,10,78.54,0.05,0.034,0.023
5.761,745.952,745.952,180.889,181.737,0.079,0.85,59.794,0.015,59.794,89.985,17.536,0.846,28.61,-80.599,0.009,-7.262e-5,0.186,0.061,83.854,89.995,1344.697,518.67,0.191,0.001,9.79,97.573,76.065,2.151,87.328,6.634,74.006,0.499,0.255,0.086,0.158,0.499,0.002,0.004,-3.84e-4,0,0,0,0,1.332e-7,1.969,90,10.151,927.129,0.001,337.451,0.539,1.473e7,10,78.54,0.05,0.034,0.023
5.811,754.997,754.997,180.888,181.739,-0.148,0.978,60.672,0.015,60.672,89.985,17.575,0.967,28.61,-80.599,0.003,-7.924e-5,1.186,-0.558,83.802,89.977,1342.002,515.975,0.191,0.001,9.79,97.578,75.99,2.159,86.966,6.619,73.955,0.499,0.255,0.086,0.158,0.499,5.593e-4,0.001,-2.789e-4,0,0,0,0,5.441e-6,2.076,90,10.093,926.119,0.001,337.415,0.539,1.472e7,10,78.54,0.05,0.034,0.023
5.861,764.041,764.041,180.874,181.732,-0.396,1.454,61.552,0.016,61.552,89.985,17.636,1.4,28.61,-80.599,0.018,-9.794e-5,-0.435,-0.007,83.757,89.981,1339.308,513.281,0.19,0.001,9.79,97.567,75.915,2.165,86.604,6.605,73.887,0.499,0.255,0.086,0.158,0.499,0.004,0.008,-1.846e-4,0,0,0,0,-7.338e-7,2.095,90,10.034,925.108,0.001,337.379,0.539,1.471e7,10,78.54,0.05,0.034,0.023
5.911,773.084,773.084,180.85,181.714,-0.516,0.927,62.436,0.016,62.436,89.985,17.698,0.77,28.61,-80.599,0.01,-1.088e-4,-0.581,-0.023,83.787,89.988,1336.613,510.586,0.19,0.001,9.79,97.573,75.839,2.173,86.241,6.591,73.801,0.499,0.255,0.086,0.158,0.499,0.002,0.004,2.104e-4,0,0,0,0,-1.304e-6,2.023,90,9.975,924.098,0.001,337.344,0.539,1.47e7,10,78.54,0.027,0.035,0.023
5.938,778.032,778.032,180.836,181.701,-0.571,0.637,62.92,0.016,62.92,89.985,17.71,0.283,28.61,-80.599,0.031,-1.083e-4,0.68,0.018,83.787,89.989,1335.139,509.112,0.19,0.001,9.79,97.556,75.797,2.176,86.043,6.583,73.76,0.499,0.255,0.086,0.158,0.499,0.006,0.013,-4.393e-4,0,0,0,0,1.792e-6,2.076,90,9.943,923.545,0.001,337.324,0.539,1.469e7,10,78.54,0.041,0.035,0.023
5.979,785.452,785.452,180.809,181.678,-0.715,1.554,63.648,0.016,63.648,89.985,17.742,1.38,28.61,-80.599,0.018,-1.037e-4,-1.402,-0.01,83.73,89.982,1333.086,507.059,0.19,0.001,9.79,97.566,75.739,2.183,85.918,6.583,73.686,0.499,0.255,0.086,0.158,0.499,0.004,0.008,2.266e-4,0,0,0,0,-7.606e-6,2.067,90,9.895,922.716,0.001,337.295,0.539,1.468e7,10,78.54,0.05,0.035,0.023
6.029,794.492,794.492,180.773,181.648,-0.715,1.343,64.537,0.017,64.537,89.985,17.813,1.136,28.61,-80.599,0.007,-9.247e-5,0.498,0.028,83.733,89.978,1330.584,504.558,0.189,0.001,9.79,97.574,75.669,2.191,85.766,6.584,73.592,0.499,0.255,0.086,0.158,0.499,0.001,0.003,1.451e-4,0,0,0,0,9.622e-7,2.017,90,9.836,921.706,0.001,337.259,0.539,1.467e7,10,78.54,0.05,0.035,0.023
6.079,803.53,803.53,180.738,181.618,-0.724,1.236,65.428,0.017,65.428,89.985,17.857,1.001,28.61,-80.599,0.001,-9.272e-5,0.192,-0.058,83.749,89.988,1328.083,502.056,0.189,0.001,9.79,97.578,75.597,2.198,85.614,6.585,73.494,0.499,0.255,0.086,0.158,0.499,2.897e-4,6.089e-4,3.205e-4,0,0,0,0,1.423e-7,1.935,90,9.777,920.696,0.001,337.224,0.539,1.466e7,10,78.54,0.05,0.035,0.023
6.129,812.566,812.566,180.701,181.586,-0.699,0.871,66.323,0.017,66.323,89.985,17.902,0.52,28.61,-80.599,0.02,-9.818e-5,0.082,-0.038,83.762,89.975,1325.582,499.555,0.188,0.001,9.79,97.564,75.526,2.204,85.462,6.586,73.401,0.499,0.255,0.086,0.158,0.499,0.004,0.009,2.988e-4,0,0,0,0,2.576e-8,1.913,90,9.718,919.687,0.001,337.188,0.539,1.464e7,10,78.54,0.05,0.035,0.023
6.179,821.6,821.6,180.664,181.553,-0.811,1.537,67.218,0.017,67.218,89.985,17.944,1.306,28.61,-80.599,0.015,-1.158e-4,-0.624,-0.053,83.72,89.977,1323.08,497.054,0.188,0.001,9.79,97.568,75.454,2.211,85.31,6.586,73.306,0.499,0.255,0.086,0.158,0.499,0.003,0.006,2.398e-4,0,0,0,0,-1.512e-6,1.891,90,9.66,918.678,0.001,337.153,0.539,1.463e7,10,78.54,0.05,0.036,0.023
6.229,830.632,830.632,180.624,181.519,-0.783,1.138,68.117,0.018,68.117,89.985,18.002,0.825,28.61,-80.599,0.006,-1.139e-4,-0.228,0.017,83.731,89.979,1320.579,494.553,0.188,0.001,9.79,97.574,75.382,2.219,85.157,6.587,73.21,0.499,0.255,0.086,0.158,0.499,0.001,0.003,4.482e-4,0,0,0,0,-2.019e-7,1.86,90,9.601,917.668,0.001,337.117,0.539,1.462e7,10,78.54,0.05,0.036,0.023
6.279,839.662,839.662,180.583,181.483,-0.883,1.812,69.018,0.018,69.018,89.985,18.052,1.582,28.61,-80.599,0.028,-9.986e-5,0.378,-0.037,83.724,89.985,1318.078,492.051,0.187,0.001,9.79,97.557,75.31,2.225,85.005,6.588,73.102,0.499,0.255,0.086,0.158,0.499,0.006,0.013,4.794e-4,0,0,0,0,5.554e-7,1.718,90,9.542,916.659,0.001,337.081,0.539,1.46e7,10,78.54,0.05,0.036,0.023
6.329,848.69,848.69,180.541,181.447,-0.756,0.797,69.923,0.018,69.923,89.985,18.106,0.251,28.61,-80.599,0.031,-1.084e-4,-0.963,-0.034,83.798,89.974,1315.577,489.55,0.187,0.001,9.79,97.554,75.238,2.232,84.853,6.589,72.997,0.499,0.255,0.086,0.158,0.499,0.006,0.014,1.818e-4,0,0,0,0,-3.601e-6,1.612,90,9.484,915.651,0.001,337.046,0.539,1.459e7,10,78.54,0.05,0.036,0.023
6.379,857.716,857.716,180.501,181.41,-0.872,1.411,70.828,0.019,70.828,89.985,18.135,1.11,28.61,-80.599,0.007,-1.394e-4,-0.713,-0.135,83.766,89.968,1313.075,487.049,0.187,0.001,9.79,97.573,75.165,2.241,84.701,6.589,72.896,0.499,0.255,0.086,0.158,0.499,0.001,0.003,2.887e-4,0,0,0,0,-1.975e-6,1.56,90,9.425,914.642,0.001,337.01,0.539,1.457e7,10,78.54,0.05,0.036,0.023
6.429,866.74,866.74,180.457,181.371,-0.809,0.845,71.737,0.019,71.737,89.985,18.184,0.245,28.61,-80.599,0.032,-1.46e-4,0.568,-0.014,83.761,89.974,1310.574,484.547,0.186,0.001,9.79,97.554,75.092,2.246,84.549,6.59,72.807,0.499,0.255,0.086,0.158,0.499,0.006,0.015,4.242e-4,0,0,0,0,1.255e-6,1.644,90,9.366,913.634,0.001,336.975,0.539,1.456e7,10,78.54,0.05,0.037,0.023
6.479,875.762,875.762,180.414,181.331,-0.935,1.415,72.646,0.02,72.646,89.985,18.215,1.062,28.61,-80.599,0.004,-1.279e-4,-2.14,0.111,83.657,89.979,1308.073,482.046,0.186,0.001,9.789,97.575,75.018,2.256,84.397,6.591,72.726,0.499,0.255,0.086,0.158,0.499,8.994e-4,0.002,-3.645e-4,0,0,0,0,-1.781e-5,1.827,90,9.308,912.626,0.001,336.939,0.539,1.455e7,10,78.54,0.05,0.037,0.023
6.529,884.782,884.782,180.365,181.289,-1.016,1.829,73.559,0.02,73.559,89.984,18.28,1.521,28.61,-80.599,0.025,-1.41e-4,-0.669,0.014,83.589,89.987,1305.572,479.545,0.185,0.001,9.789,97.559,74.945,2.261,84.245,6.591,72.634,0.499,0.255,0.086,0.158,0.499,0.005,0.011,-1.846e-4,0,0,0,0,-1.741e-6,1.908,90,9.249,911.619,0.001,336.904,0.539,1.454e7,10,78.54,0.05,0.037,0.023
6.579,893.799,893.799,180.316,181.246,-1.009,1.645,74.474,0.02,74.474,89.984,18.34,1.299,28.61,-80.599,0.015,-1.258e-4,0.442,0.019,83.599,89.975,1303.07,477.044,0.185,0.001,9.789,97.566,74.871,2.27,84.092,6.592,72.527,0.499,0.255,0.086,0.158,0.499,0.003,0.006,-3.724e-4,0,0,0,0,7.608e-7,1.842,90,9.19,910.611,0.001,336.868,0.539,1.452e7,10,78.54,0.05,0.037,0.023
6.629,902.813,902.813,180.267,181.202,-0.936,1.053,75.393,0.021,75.393,89.984,18.387,0.484,28.61,-80.599,0.021,-1.18e-4,-0.276,0.023,83.635,89.99,1300.569,474.542,0.185,0.001,9.789,97.561,74.797,2.276,83.94,6.593,72.421,0.499,0.255,0.086,0.158,0.499,0.004,0.01,-2.011e-4,0,0,0,0,-2.957e-7,1.79,90,9.132,909.604,0.001,336.833,0.539,1.451e7,10,78.54,0.05,0.037,0.023
6.679,911.825,911.825,180.218,181.157,-0.998,1.298,76.313,0.021,76.313,89.984,18.422,0.829,28.61,-80.599,0.006,-1.372e-4,0.896,-0.063,83.598,89.976,1298.068,472.041,0.184,0.001,9.789,97.572,74.722,2.285,83.788,6.594,72.321,0.499,0.255,0.086,0.158,0.499,0.001,0.003,-1.089e-4,0,0,0,0,3.126e-6,1.82,90,9.073,908.597,0.001,336.797,0.538,1.449e7,10,78.54,0.05,0.037,0.023
6.729,920.835,920.835,180.166,181.111,-1.056,1.549,77.235,0.022,77.235,89.984,18.474,1.134,28.61,-80.599,0.008,-1.383e-4,-0.511,-0.034,83.556,89.971,1295.566,469.54,0.184,0.001,9.789,97.571,74.647,2.292,83.636,6.594,72.221,0.499,0.255,0.086,0.158,0.499,0.002,0.003,-8.415e-5,0,0,0,0,-1.016e-6,1.85,90,9.015,907.59,0.001,336.762,0.538,1.448e7,10,78.54,0.05,0.038,0.023
6.779,929.842,929.842,180.114,181.064,-1.052,1.39,78.16,0.022,78.16,89.984,18.524,0.909,28.61,-80.599,0.003,-1.339e-4,0.352,0.19,83.541,89.984,1293.065,467.039,0.184,0.001,9.789,97.574,74.572,2.3,83.484,6.595,72.119,0.499,0.255,0.086,0.158,0.499,5.448e-4,7.77e-4,4.058e-4,0,0,0,0,4.842e-7,1.874,90,8.956,906.584,0.001,336.726,0.538,1.446e7,10,78.54,0.05,0.038,0.023
6.829,938.846,938.846,180.061,181.016,-1.084,1.473,79.087,0.022,79.087,89.984,18.57,0.997,28.61,-80.599,0.001,-1.32e-4,-0.612,0.035,83.513,89.978,1290.564,464.537,0.183,0.001,9.789,97.575,74.497,2.308,83.332,6.596,72.017,0.499,0.255,0.086,0.158,0.499,2.673e-4,6.799e-4,-1.939e-4,0,0,0,0,-1.46e-6,1.9,90,8.897,905.578,0.001,336.691,0.538,1.445e7,10,78.54,0.05,0.038,0.023
6.879,947.848,947.848,180.006,180.966,-1.134,1.719,80.017,0.023,80.017,89.984,18.624,1.292,28.61,-80.599,0.014,-1.428e-4,-0.101,-0.023,83.493,89.98,1288.063,462.036,0.183,0.001,9.789,97.565,74.421,2.314,83.18,6.597,71.908,0.499,0.255,0.086,0.158,0.499,0.003,0.007,2.974e-4,0,0,0,0,-3.984e-8,1.861,90,8.839,904.572,0.001,336.655,0.538,1.443e7,10,78.54,0.05,0.038,0.023
6.929,956.847,956.847,179.95,180.916,-1.11,1.477,80.95,0.023,80.95,89.984,18.678,0.974,28.61,-80.599,5.554e-4,-1.474e-4,0.344,-0.205,83.515,89.981,1285.561,459.535,0.182,0.001,9.789,97.575,74.345,2.323,83.027,6.598,71.793,0.499,0.255,0.086,0.158,0.499,1.118e-4,-7.03e-5,4.168e-4,0,0,0,0,4.63e-7,1.774,90,8.78,903.567,0.001,336.62,0.538,1.442e7,10,78.54,0.05,0.038,0.023
6.979,965.843,965.843,179.895,180.866,-1.061,1.12,81.885,0.024,81.885,89.983,18.717,0.359,28.61,-80.599,0.027,-1.388e-4,0.463,-0.028,83.521,89.979,1283.06,457.034,0.182,0.001,9.789,97.554,74.269,2.329,82.875,6.598,71.689,0.499,0.255,0.086,0.158,0.499,0.005,0.012,8.694e-5,0,0,0,0,8.367e-7,1.798,90,8.722,902.562,0.001,336.584,0.538,1.44e7,10,78.54,0.05,0.038,0.023
7.029,974.836,974.836,179.839,180.814,-1.165,1.568,82.821,0.024,82.821,89.983,18.754,1.05,28.61,-80.599,0.004,-1.314e-4,-1.423,0.113,83.445,89.981,1280.559,454.532,0.182,0.001,9.789,97.572,74.193,2.338,82.723,6.599,71.591,0.499,0.255,0.086,0.158,0.499,7.259e-4,0.002,-8.178e-5,0,0,0,0,-7.914e-6,1.9,90,8.664,901.557,0.001,336.549,0.538,1.439e7,10,78.54,0.05,0.039,0.023
7.079,983.827,983.827,179.78,180.761,-1.206,1.709,83.761,0.024,83.761,89.983,18.812,1.212,28.61,-80.599,0.011,-1.274e-4,-0.652,0.013,83.397,89.985,1278.058,452.031,0.181,0.001,9.789,97.567,74.116,2.345,82.571,6.6,71.489,0.499,0.255,0.086,0.158,0.499,0.002,0.005,-1.025e-4,0,0,0,0,-1.662e-6,1.966,90,8.605,900.553,0.001,336.514,0.538,1.438e7,10,78.54,0.05,0.039,0.023
7.129,992.814,992.814,179.72,180.707,-1.185,1.461,84.703,0.025,84.703,89.983,18.861,0.854,28.61,-80.599,0.006,-1.276e-4,0.527,-0.18,83.378,89.965,1275.556,449.53,0.181,0.001,9.789,97.57,74.039,2.353,82.419,6.601,71.386,0.499,0.255,0.086,0.158,0.499,0.001,0.002,-1.745e-4,0,0,0,0,1.087e-6,2.022,90,8.547,899.549,0.001,336.478,0.538,1.436e7,10,78.54,0.05,0.039,0.023
7.179,1001.799,1001.799,179.66,180.652,-1.25,1.773,85.647,0.025,85.647,89.983,18.91,1.257,28.61,-80.599,0.012,-1.366e-4,-0.566,-0.035,83.338,89.977,1273.055,447.028,0.18,0.001,9.789,97.564,73.961,2.36,82.267,6.601,71.278,0.499,0.255,0.086,0.158,0.499,0.003,0.006,1.174e-4,0,0,0,0,-1.255e-6,2.034,90,8.488,898.554,0.001,336.443,0.538,1.435e7,10,78.54,0.05,0.039,0.023
7.229,1010.78,1010.78,179.598,180.596,-1.23,1.544,86.594,0.026,86.594,89.983,18.964,0.934,28.61,-80.599,0.002,-1.449e-4,0.032,0.011,83.34,89.985,1270.554,444.527,0.18,0.001,9.789,97.572,73.883,2.369,82.114,6.602,71.169,0.499,0.255,0.086,0.158,0.499,4.161e-4,8.465e-4,-1.712e-4,0,0,0,0,0,2.014,90,8.43,897.599,0.001,336.407,0.537,1.433e7,10,78.54,0.05,0.039,0.023
7.279,1019.758,1019.758,179.536,180.539,-1.199,1.284,87.543,0.026,87.543,89.983,19.004,0.458,28.61,-80.599,0.023,-1.405e-4,0.969,-0.068,83.319,89.975,1268.052,442.026,0.18,0.001,9.789,97.556,73.805,2.375,81.962,6.603,71.07,0.499,0.255,0.086,0.158,0.499,0.005,0.011,2.101e-5,0,0,0,0,3.683e-6,2.101,90,8.372,896.644,0.001,336.372,0.537,1.432e7,10,78.54,0.05,0.039,0.023
7.329,1028.734,1028.734,179.473,180.481,-1.34,1.966,88.494,0.026,88.494,89.983,19.05,1.439,28.61,-80.599,0.02,-1.618e-4,-1.285,0.004,83.23,89.986,1265.551,439.525,0.179,0.001,9.789,97.557,73.727,2.383,81.81,6.604,70.97,0.499,0.255,0.086,0.158,0.499,0.004,0.009,-1.707e-4,0,0,0,0,-6.478e-6,2.191,90,8.313,895.689,0.001,336.337,0.537,1.431e7,10,78.54,0.05,0.04,0.023
7.379,1037.706,1037.706,179.406,180.422,-1.346,1.931,89.448,0.027,89.448,89.983,19.115,1.384,28.61,-80.599,0.018,-1.319e-4,0.321,0.037,83.226,89.972,1263.05,437.023,0.179,0.001,9.789,97.559,73.648,2.391,81.658,6.605,70.856,0.499,0.255,0.086,0.158,0.499,0.004,0.008,-1.541e-4,0,0,0,0,4.051e-7,2.138,90,8.255,894.735,0.001,336.301,0.537,1.429e7,10,78.54,0.05,0.04,0.023
7.429,1046.674,1046.674,179.342,180.362,-1.218,1.225,90.405,0.027,90.405,89.983,19.158,0.137,28.61,-80.599,0.037,-1.225e-4,0.32,0.01,83.256,89.974,1260.549,434.522,0.178,0.001,9.789,97.543,73.569,2.397,81.506,6.605,70.75,0.499,0.255,0.086,0.158,0.499,0.008,0.018,-3.169e-4,0,0,0,0,4.025e-7,2.169,90,8.197,893.781,0.001,336.266,0.537,1.428e7,10,78.54,0.048,0.04,0.023
7.477,1055.343,1055.343,179.279,180.304,-1.38,1.906,91.332,0.028,91.332,89.983,19.192,1.314,28.61,-80.599,0.014,-1.071e-4,-1.62,0.038,83.164,89.978,1258.13,432.104,0.178,0.001,9.789,97.561,73.493,2.407,81.359,6.606,70.651,0.499,0.255,0.086,0.157,0.499,0.003,0.007,-1.723e-4,0,0,0,0,-1.032e-5,2.254,90,8.14,892.859,0.001,336.232,0.537,1.426e7,10,78.54,0.046,0.04,0.023
7.523,1063.52,1063.52,179.216,180.247,-1.377,1.788,92.209,0.028,92.209,89.983,19.251,1.141,28.61,-80.599,0.007,-1.035e-4,-0.15,-0.026,83.138,89.979,1255.848,429.822,0.178,0.001,9.789,97.566,73.42,2.415,81.22,6.607,70.553,0.499,0.255,0.086,0.157,0.499,0.001,0.003,1.518e-4,0,0,0,0,-8.812e-8,2.293,90,8.087,891.989,0.001,336.2,0.537,1.425e7,10,78.54,0.05,0.04,0.023
7.573,1072.479,1072.479,179.148,180.184,-1.335,1.489,93.173,0.028,93.173,89.982,19.294,0.659,28.61,-80.599,0.015,-1.104e-4,0.901,0.022,83.12,89.98,1253.483,427.456,0.177,0.001,9.789,97.56,73.345,2.422,81.075,6.607,70.449,0.499,0.255,0.086,0.157,0.499,0.003,0.007,-3.082e-4,0,0,0,0,3.194e-6,2.37,90,8.029,891.036,0.001,336.164,0.537,1.424e7,10,78.54,0.05,0.04,0.023
7.623,1081.435,1081.435,179.079,180.121,-1.486,2.334,94.138,0.029,94.138,89.982,19.346,1.8,28.61,-80.599,0.035,-1.022e-4,-0.674,-0.013,83.046,89.968,1251.117,425.09,0.177,0.001,9.789,97.543,73.269,2.427,80.93,6.608,70.339,0.499,0.255,0.086,0.157,0.499,0.007,0.018,-4.4e-4,0,0,0,0,-1.788e-6,2.385,90,7.971,890.083,0.001,336.129,0.537,1.422e7,10,78.54,0.049,0.04,0.023
7.672,1090.24,1090.24,179.009,180.058,-1.372,1.615,95.092,0.029,95.092,89.982,19.41,0.853,28.61,-80.599,0.006,-9.696e-5,-0.859,-0.066,83.098,89.983,1248.79,422.763,0.176,0.001,9.789,97.565,73.194,2.437,80.787,6.609,70.217,0.499,0.255,0.086,0.157,0.499,0.001,0.003,1.015e-4,0,0,0,0,-2.91e-6,2.28,90,7.913,889.147,0.001,336.094,0.537,1.421e7,10,78.54,0.05,0.041,0.023
7.722,1099.189,1099.189,178.941,179.994,-1.344,1.454,96.063,0.03,96.063,89.982,19.448,0.555,28.61,-80.599,0.019,-1.074e-4,0.368,-0.064,83.105,89.974,1246.424,420.398,0.176,0.001,9.789,97.555,73.117,2.444,80.641,6.609,70.102,0.499,0.255,0.086,0.157,0.499,0.004,0.009,-3.401e-4,0,0,0,0,5.331e-7,2.253,90,7.855,888.195,0.001,336.059,0.536,1.419e7,10,78.54,0.05,0.041,0.023
7.772,1108.134,1108.134,178.871,179.93,-1.434,1.866,97.036,0.03,97.036,89.982,19.493,1.194,28.61,-80.599,0.009,-1.226e-4,-0.833,-0.122,83.048,89.963,1244.059,418.032,0.176,0.001,9.789,97.562,73.041,2.452,80.496,6.61,69.993,0.499,0.255,0.086,0.157,0.499,0.002,0.004,-4.356e-4,0,0,0,0,-2.736e-6,2.29,90,7.797,887.243,0.001,336.024,0.536,1.418e7,10,78.54,0.05,0.041,0.023
7.822,1117.076,1117.076,178.799,179.865,-1.463,2.01,98.013,0.031,98.013,89.982,19.552,1.379,28.61,-80.599,0.017,-1.107e-4,0.011,-0.083,83.033,89.976,1241.693,415.666,0.175,0.001,9.789,97.556,72.964,2.459,80.351,6.611,69.875,0.499,0.255,0.086,0.157,0.499,0.003,0.008,2.032e-4,0,0,0,0,0,2.245,90,7.739,886.292,0.001,335.989,0.536,1.416e7,10,78.54,0.05,0.041,0.023
7.872,1126.014,1126.014,178.728,179.8,-1.396,1.615,98.992,0.031,98.992,89.982,19.606,0.812,28.61,-80.599,0.008,-1.104e-4,-0.474,7.48e-4,83.069,89.977,1239.327,413.301,0.175,0.001,9.789,97.562,72.887,2.468,80.206,6.611,69.752,0.499,0.255,0.086,0.157,0.499,0.002,0.004,2.945e-4,0,0,0,0,-8.883e-7,2.147,90,7.681,885.341,0.001,335.954,0.536,1.414e7,10,78.54,0.05,0.041,0.023
7.922,1134.949,1134.949,178.657,179.735,-1.432,1.797,99.973,0.032,99.973,89.982,19.652,1.086,28.61,-80.599,0.004,-9.427e-5,0.033,-0.012,83.065,89.988,1236.961,410.935,0.174,0.001,9.789,97.564,72.809,2.476,80.06,6.612,69.631,0.499,0.255,0.086,0.157,0.499,8.616e-4,0.002,-2.802e-4,0,0,0,0,0,2.064,90,7.623,884.391,0.001,335.918,0.536,1.413e7,10,78.54,0.05,0.042,0.023
7.972,1143.88,1143.88,178.586,179.67,-1.392,1.56,100.957,0.032,100.957,89.982,19.702,0.706,28.61,-80.599,0.013,-1.026e-4,-0.009,-0.034,83.08,89.965,1234.596,408.569,0.174,0.001,9.789,97.557,72.731,2.483,79.915,6.613,69.512,0.499,0.255,0.086,0.157,0.499,0.003,0.007,-4.679e-4,0,0,0,0,0,2.014,90,7.565,883.441,0.001,335.883,0.536,1.411e7,10,78.54,0.05,0.042,0.023
8.022,1152.808,1152.808,178.515,179.604,-1.418,1.642,101.943,0.033,101.943,89.982,19.745,0.827,28.61,-80.599,0.008,-7.986e-5,0.666,-0.087,83.049,89.971,1232.23,406.204,0.174,0.001,9.789,97.561,72.653,2.491,79.77,6.613,69.402,0.499,0.255,0.086,0.157,0.499,0.002,0.004,3.074e-6,0,0,0,0,1.755e-6,2.043,90,7.507,882.491,0.001,335.848,0.535,1.41e7,10,78.54,0.05,0.042,0.023
8.072,1161.732,1161.732,178.443,179.538,-1.494,2.017,102.931,0.033,102.931,89.982,19.797,1.356,28.61,-80.599,0.016,-8.98e-5,-0.472,-0.051,83.003,89.978,1229.864,403.838,0.173,0.001,9.789,97.554,72.574,2.498,79.625,6.614,69.289,0.499,0.255,0.086,0.157,0.499,0.003,0.008,-1.792e-4,0,0,0,0,-8.837e-7,2.055,90,7.449,881.542,0.001,335.813,0.535,1.408e7,10,78.54,0.05,0.042,0.023
8.122,1170.652,1170.652,178.37,179.471,-1.409,1.525,103.923,0.034,103.923,89.981,19.849,0.584,28.61,-80.599,0.018,-1.188e-4,0.201,0.019,83.016,89.975,1227.499,401.472,0.173,0.001,9.789,97.551,72.496,2.506,79.479,6.615,69.176,0.499,0.255,0.086,0.157,0.499,0.004,0.009,-1.966e-4,0,0,0,0,1.597e-7,2.058,90,7.391,880.593,0.001,335.778,0.535,1.407e7,10,78.54,0.05,0.042,0.023
8.172,1179.569,1179.569,178.297,179.403,-1.547,2.255,104.916,0.034,104.916,89.981,19.895,1.64,28.61,-80.599,0.028,-1.045e-4,-0.573,0.036,82.957,89.983,1225.133,399.106,0.172,0.001,9.789,97.543,72.417,2.513,79.334,6.615,69.06,0.499,0.255,0.086,0.157,0.499,0.006,0.014,-2.592e-4,0,0,0,0,-1.305e-6,2.045,90,7.333,879.645,0.001,335.743,0.535,1.405e7,10,78.54,0.05,0.042,0.023
8.222,1188.482,1188.482,178.223,179.336,-1.347,1.349,105.913,0.035,105.913,89.981,19.949,0.081,28.61,-80.599,0.048,-1.267e-4,0.234,-0.005,83.003,89.979,1222.767,396.741,0.172,0.001,9.789,97.528,72.337,2.519,79.189,6.616,68.949,0.499,0.255,0.086,0.157,0.499,0.01,0.024,2.275e-4,0,0,0,0,2.182e-7,2.074,90,7.275,878.697,0.001,335.707,0.535,1.404e7,10,78.54,0.036,0.043,0.023
8.258,1194.945,1194.945,178.173,179.287,-1.469,1.667,106.636,0.035,106.636,89.981,19.955,0.787,28.61,-80.599,0.01,-1.569e-4,3.385,-0.083,82.921,89.972,1221.051,395.025,0.172,0.001,9.789,97.557,72.279,2.528,79.084,6.617,68.878,0.499,0.255,0.086,0.157,0.499,0.002,0.005,-3.996e-4,0,0,0,0,4.554e-5,2.204,90,7.233,878.009,0.001,335.682,0.535,1.403e7,10,78.54,0.05,0.043,0.023
8.308,1203.851,1203.851,178.094,179.217,-1.546,2.017,107.636,0.036,107.636,89.981,20.035,1.296,28.61,-80.599,0.012,-1.653e-4,-0.312,0.017,82.853,89.983,1218.686,392.659,0.171,0.001,9.788,97.554,72.199,2.535,78.938,6.617,68.768,0.499,0.255,0.086,0.157,0.499,0.003,0.007,3.452e-4,0,0,0,0,-3.876e-7,2.256,90,7.175,877.062,0.001,335.647,0.535,1.401e7,10,78.54,0.05,0.043,0.023
8.358,1212.754,1212.754,178.018,179.148,-1.527,1.893,108.639,0.036,108.639,89.981,20.089,1.119,28.61,-80.599,0.005,-1.783e-4,0.016,0.065,82.857,89.975,1216.32,390.293,0.171,0.001,9.788,97.56,72.119,2.544,78.793,6.618,68.647,0.499,0.255,0.086,0.157,0.499,9.347e-4,0.003,-4.168e-4,0,0,0,0,0,2.207,90,7.117,876.115,0.001,335.612,0.535,1.4e7,10,78.54,0.05,0.043,0.023
8.408,1221.653,1221.653,177.942,179.078,-1.468,1.606,109.646,0.036,109.646,89.981,20.143,0.652,28.61,-80.599,0.016,-1.696e-4,-0.379,-0.017,82.89,89.986,1213.954,387.928,0.17,0.001,9.788,97.55,72.039,2.551,78.648,6.619,68.521,0.499,0.255,0.086,0.157,0.499,0.003,0.008,-4.963e-4,0,0,0,0,-5.723e-7,2.102,90,7.059,875.168,0.001,335.577,0.534,1.398e7,10,78.54,0.05,0.043,0.023
8.458,1230.548,1230.548,177.868,179.008,-1.562,2.006,110.653,0.037,110.653,89.981,20.176,1.259,28.61,-80.599,0.011,-1.968e-4,-1.476,-0.217,82.813,89.962,1211.589,385.562,0.17,0.001,9.788,97.554,71.958,2.56,78.503,6.619,68.417,0.499,0.255,0.086,0.157,0.499,0.002,0.005,-1.466e-4,0,0,0,0,-8.689e-6,2.221,90,7.001,874.222,0.001,335.542,0.534,1.397e7,10,78.54,0.05,0.044,0.023
8.508,1239.44,1239.44,177.789,178.938,-1.546,1.892,111.664,0.037,111.664,89.981,20.242,1.092,28.61,-80.599,0.003,-2.168e-4,0.18,0.031,82.808,89.973,1209.223,383.196,0.17,0.001,9.788,97.559,71.877,2.568,78.357,6.62,68.297,0.499,0.255,0.086,0.157,0.499,6.492e-4,0.002,-1.519e-4,0,0,0,0,1.295e-7,2.181,90,6.944,873.276,0.001,335.507,0.534,1.395e7,10,78.54,0.05,0.044,0.023
8.558,1248.327,1248.327,177.712,178.867,-1.532,1.825,112.677,0.038,112.677,89.981,20.295,0.992,28.61,-80.599,0.001,-2.168e-4,-0.277,-0.001,82.826,89.974,1206.857,380.831,0.169,0.001,9.788,97.56,71.795,2.576,78.212,6.621,68.17,0.499,0.255,0.086,0.157,0.499,2.173e-4,5.055e-4,1.177e-4,0,0,0,0,-3.059e-7,2.079,90,6.886,872.331,0.001,335.472,0.534,1.393e7,10,78.54,0.05,0.044,0.023
8.608,1257.211,1257.211,177.636,178.796,-1.514,1.721,113.693,0.038,113.693,89.981,20.342,0.817,28.61,-80.599,0.009,-2.142e-4,0.126,0.016,82.829,89.979,1204.492,378.465,0.169,0.001,9.788,97.554,71.713,2.584,78.067,6.621,68.05,0.499,0.255,0.086,0.157,0.499,0.002,0.005,-4.503e-4,0,0,0,0,6.335e-8,2.034,90,6.828,871.386,0.001,335.437,0.534,1.392e7,10,78.54,0.05,0.044,0.023
8.658,1266.091,1266.091,177.559,178.725,-1.576,1.966,114.711,0.039,114.711,89.981,20.383,1.175,28.61,-80.599,0.007,-2.195e-4,-1.159,-0.157,82.767,89.967,1202.126,376.099,0.168,0.001,9.788,97.555,71.631,2.592,77.922,6.622,67.943,0.499,0.255,0.086,0.157,0.499,0.001,0.004,1.439e-4,0,0,0,0,-5.375e-6,2.13,90,6.77,870.441,0.001,335.402,0.534,1.39e7,10,78.54,0.05,0.044,0.023
8.708,1274.967,1274.967,177.48,178.654,-1.556,1.833,115.732,0.039,115.732,89.98,20.444,0.97,28.61,-80.599,0.002,-2.168e-4,0.117,0.008,82.758,89.973,1199.76,373.734,0.168,0.001,9.788,97.558,71.549,2.601,77.776,6.623,67.825,0.499,0.255,0.086,0.157,0.499,4.703e-4,0.001,2.405e-4,0,0,0,0,5.487e-8,2.116,90,6.713,869.497,0.001,335.367,0.533,1.389e7,10,78.54,0.05,0.044,0.023
8.758,1283.839,1283.839,177.402,178.582,-1.587,1.959,116.755,0.04,116.755,89.98,20.491,1.149,28.61,-80.599,0.005,-2.075e-4,-0.479,0.014,82.73,89.977,1197.395,371.368,0.167,0.001,9.788,97.555,71.466,2.609,77.631,6.624,67.709,0.499,0.255,0.086,0.157,0.499,0.001,0.003,-2.628e-4,0,0,0,0,-9.187e-7,2.123,90,6.655,868.553,0.001,335.332,0.533,1.387e7,10,78.54,0.05,0.045,0.023
8.808,1292.707,1292.707,177.323,178.51,-1.561,1.825,117.781,0.04,117.781,89.98,20.549,0.946,28.61,-80.599,0.003,-2.037e-4,-0.207,0.013,82.744,89.972,1195.029,369.002,0.167,0.001,9.788,97.555,71.383,2.617,77.486,6.624,67.584,0.499,0.255,0.086,0.157,0.499,6.957e-4,0.002,1.557e-4,0,0,0,0,-1.714e-7,2.04,90,6.597,867.61,0.001,335.297,0.533,1.386e7,10,78.54,0.05,0.045,0.023
8.858,1301.571,1301.571,177.245,178.437,-1.556,1.779,118.81,0.041,118.81,89.98,20.595,0.862,28.61,-80.599,0.007,-1.933e-4,0.296,-0.071,82.735,89.97,1192.663,366.637,0.167,0.001,9.788,97.552,71.299,2.625,77.341,6.625,67.465,0.498,0.255,0.086,0.157,0.498,0.001,0.004,-3.266e-4,0,0,0,0,3.514e-7,2.023,90,6.54,866.667,0.001,335.262,0.533,1.384e7,10,78.54,0.05,0.045,0.023
8.908,1310.431,1310.431,177.166,178.365,-1.622,2.074,119.84,0.042,119.84,89.98,20.642,1.292,28.61,-80.599,0.012,-2.096e-4,-0.687,-0.034,82.685,89.96,1190.297,364.271,0.166,0.001,9.788,97.548,71.216,2.633,77.195,6.626,67.353,0.498,0.255,0.086,0.157,0.498,0.002,0.006,4.823e-4,0,0,0,0,-1.897e-6,2.064,90,6.482,865.725,0.001,335.227,0.533,1.383e7,10,78.54,0.05,0.045,0.023
8.958,1319.288,1319.288,177.085,178.292,-1.531,1.638,120.875,0.042,120.875,89.98,20.704,0.584,28.61,-80.599,0.019,-1.867e-4,-0.493,-0.025,82.725,89.981,1187.932,361.905,0.166,0.001,9.788,97.541,71.132,2.641,77.05,6.626,67.225,0.498,0.255,0.086,0.157,0.498,0.004,0.01,8.839e-5,0,0,0,0,-9.767e-7,1.964,90,6.425,864.783,0.001,335.192,0.533,1.381e7,10,78.54,0.026,0.045,0.023
8.984,1323.811,1323.811,177.047,178.254,-1.488,1.498,121.404,0.042,121.404,89.98,20.711,0.165,28.61,-80.599,0.038,-1.935e-4,1.618,-0.019,82.712,89.976,1186.723,360.696,0.166,0.001,9.788,97.527,71.088,2.644,76.976,6.627,67.175,0.498,0.255,0.086,0.157,0.498,0.008,0.02,4.154e-4,0,0,0,0,1.052e-5,2.051,90,6.395,864.301,0.001,335.174,0.533,1.38e7,10,78.54,0.038,0.045,0.023
9.022,1330.595,1330.595,176.96,178.172,-3.072,3.481,122.198,0.043,122.198,89.98,20.743,1.639,28.61,-80.599,0.034,-2.036e-4,-2.094,-0.025,82.616,89.969,1184.992,358.965,0.165,0.001,9.788,97.529,71.027,2.65,75.216,6.485,67.066,0.498,0.255,0.086,0.157,0.498,0.007,0.019,-1.744e-4,0,0,0,0,-1.765e-5,2.082,90,6.351,863.58,0.001,335.148,0.532,1.379e7,10,78.54,0.025,0.046,0.023
9.047,1334.961,1334.961,176.873,178.09,-3.959,4.316,122.71,0.043,122.71,89.98,20.787,1.719,28.61,-80.599,0.043,-2.066e-4,0.602,-0.034,82.598,89.973,1183.877,357.85,0.165,0.001,9.788,97.522,70.987,2.654,74.082,6.393,66.97,0.498,0.255,0.086,0.157,0.498,0.009,0.022,4.214e-4,0,0,0,0,1.461e-6,2.057,90,6.323,863.115,0.001,335.13,0.532,1.378e7,10,78.54,0.037,0.046,0.023
9.084,1341.505,1341.505,176.667,177.888,-7.17,7.183,123.48,0.044,123.48,89.98,20.806,0.432,28.61,-80.599,0.033,-2.131e-4,-0.497,-0.026,82.637,89.98,1182.879,356.853,0.165,0.001,9.788,97.528,70.951,2.658,69.783,6.027,66.771,0.498,0.255,0.086,0.157,0.498,0.007,0.017,2.402e-4,0,0,0,0,-9.977e-7,2.125,90,6.28,862.419,0.001,335.105,0.532,1.376e7,10,78.54,0.05,0.046,0.023
9.134,1350.327,1350.327,176.193,177.415,-11.763,11.771,124.52,0.044,124.52,89.98,20.784,0.449,28.61,-80.599,0.007,-2.329e-4,1.869,0.165,82.538,89.975,1181.532,355.505,0.165,0.001,9.788,97.543,70.902,2.664,63.976,5.532,66.352,0.498,0.255,0.086,0.157,0.498,0.001,0.004,2.077e-4,0,0,0,0,1.417e-5,2.317,90,6.223,861.481,0.001,335.07,0.53,1.371e7,10,78.54,0.05,0.046,0.023
9.184,1359.12,1359.12,175.493,176.717,-16.235,16.236,125.558,0.045,125.558,89.98,20.768,0.215,28.61,-80.599,0.029,-1.972e-4,-0.407,-0.035,82.469,89.977,1180.185,354.158,0.164,0.001,9.788,97.519,70.854,2.667,58.169,5.036,65.738,0.498,0.255,0.086,0.156,0.498,0.006,0.016,-4.014e-5,0,0,0,0,-6.788e-7,2.341,90,6.166,860.546,0.001,335.035,0.528,1.365e7,10,78.54,0.05,0.046,0.023
9.234,1367.873,1367.873,174.579,175.803,-20.315,20.41,126.596,0.045,126.596,89.98,20.706,1.963,28.61,-80.599,0.025,-2.378e-4,0.936,-4.459e-4,82.482,89.978,1178.838,352.811,0.164,0.001,9.788,97.514,70.805,2.671,52.362,4.538,64.961,0.497,0.256,0.086,0.156,0.497,0.005,0.014,-9.973e-5,0,0,0,0,3.62e-6,2.41,90,6.109,859.615,0.001,335.001,0.526,1.357e7,10,78.54,0.05,0.046,0.023
9.284,1376.575,1376.575,173.457,174.678,-24.522,24.589,127.629,0.046,127.629,89.979,20.619,1.817,28.61,-80.599,0.008,-2.292e-4,-1.174,0.048,82.395,89.975,1177.49,351.464,0.164,0.001,9.788,97.516,70.756,2.676,46.555,4.039,64.028,0.497,0.256,0.086,0.155,0.497,0.002,0.004,1.032e-4,0,0,0,0,-5.763e-6,2.515,90,6.052,858.689,0.001,334.967,0.522,1.347e7,10,78.54,0.05,0.047,0.022
9.334,1385.215,1385.215,172.131,173.349,-28.507,28.608,128.657,0.046,128.657,89.979,20.511,2.403,28.61,-80.599,0.006,-2.415e-4,-0.541,0.06,82.364,89.977,1176.143,350.116,0.164,0.001,9.788,97.505,70.707,2.68,40.748,3.54,62.937,0.496,0.256,0.086,0.155,0.496,0.001,0.003,-7.224e-5,0,0,0,0,-1.245e-6,2.548,90,5.996,857.77,0.001,334.933,0.519,1.336e7,10,78.54,0.05,0.047,0.022
9.384,1393.784,1393.784,170.609,171.821,-32.376,32.512,129.679,0.047,129.679,89.979,20.374,2.976,28.61,-80.599,0.004,-2.392e-4,-0.17,-0.027,82.353,89.968,1174.796,348.769,0.163,0.001,9.788,97.493,70.658,2.683,34.941,3.039,61.7,0.496,0.256,0.086,0.154,0.496,7.426e-4,0.002,4.55e-4,0,0,0,0,-1.253e-7,2.521,90,5.94,856.858,0.001,334.899,0.514,1.323e7,10,78.54,0.05,0.047,0.022
9.434,1402.273,1402.273,168.895,170.1,-36.166,36.317,130.694,0.047,130.694,89.979,20.215,3.311,28.61,-80.599,0.012,-2.445e-4,0.498,-0.011,82.362,89.975,1173.448,347.422,0.163,0.001,9.788,97.472,70.609,2.686,29.134,2.537,60.322,0.495,0.256,0.085,0.154,0.495,0.002,0.006,1.125e-4,0,0,0,0,1.095e-6,2.397,90,5.885,855.955,0.001,334.865,0.509,1.309e7,10,78.54,0.05,0.047,0.022
9.484,1410.671,1410.671,166.996,168.192,-39.77,40.008,131.7,0.048,131.701,89.979,20.022,4.359,28.61,-80.599,0.016,-2.457e-4,-0.1,-0.011,82.394,89.962,1172.101,346.075,0.163,0.001,9.788,97.452,70.56,2.689,23.327,2.033,58.829,0.494,0.256,0.085,0.153,0.494,0.003,0.009,9.83e-5,0,0,0,0,-4.541e-8,2.327,90,5.831,855.062,0.001,334.832,0.503,1.294e7,10,78.54,0.05,0.047,0.022
9.534,1418.969,1418.969,164.916,166.101,-43.41,43.644,132.696,0.048,132.696,89.979,19.803,4.508,28.61,-80.599,0.001,-2.524e-4,-0.404,0.183,82.364,89.976,1170.754,344.727,0.163,0.001,9.788,97.447,70.511,2.694,17.52,1.529,57.229,0.493,0.256,0.085,0.152,0.493,2.388e-4,6.258e-4,4.689e-4,0,0,0,0,-7.543e-7,2.302,90,5.777,854.179,0.001,334.8,0.497,1.277e7,10,78.54,0.013,0.047,0.021
9.547,1421.107,1421.107,164.347,165.528,-44.334,44.573,132.953,0.049,132.953,89.979,19.744,4.606,28.61,-80.599,0.003,-2.524e-4,-0.361,0.122,82.359,89.98,1170.404,344.377,0.162,0.001,9.788,97.442,70.498,2.694,16.012,1.398,56.797,0.493,0.256,0.085,0.152,0.493,5.418e-4,0.001,3.687e-6,0,0,0,0,-6.076e-7,2.296,90,5.763,853.952,0.001,334.791,0.495,1.272e7,10,78.54,0.019,0.047,0.021
9.566,1424.299,1424.299,163.478,164.655,-44.881,45.114,133.336,0.049,133.336,89.979,19.655,4.576,28.61,-80.599,0.008,-2.522e-4,-0.139,0.036,82.354,89.981,1170.28,344.254,0.162,0.001,9.788,97.431,70.493,2.694,14.729,1.286,56.14,0.493,0.256,0.085,0.152,0.493,0.002,0.005,2.089e-4,0,0,0,0,-9.123e-8,2.269,90,5.742,853.612,0.001,334.779,0.493,1.265e7,10,78.54,0.029,0.048,0.021
9.596,1429.055,1429.055,162.155,163.326,-45.671,45.915,133.909,0.049,133.909,89.979,19.519,4.728,28.61,-80.599,0.006,-2.516e-4,0.34,0.076,82.357,89.972,1170.095,344.068,0.162,0.001,9.788,97.422,70.486,2.694,12.805,1.118,55.148,0.492,0.257,0.085,0.151,0.492,0.001,0.003,7.569e-5,0,0,0,0,5.522e-7,2.223,90,5.711,853.107,0.001,334.76,0.489,1.254e7,10,78.54,0.044,0.048,0.021
9.64,1436.116,1436.116,160.129,161.288,-46.837,47.105,134.759,0.049,134.759,89.979,19.305,5.02,28.61,-80.599,0.002,-2.484e-4,-0.29,0.093,82.374,89.968,1169.817,343.79,0.162,0.001,9.788,97.409,70.476,2.693,9.919,0.866,53.649,0.491,0.257,0.085,0.15,0.491,4.284e-4,0.001,4.539e-4,0,0,0,0,-4.133e-7,2.141,90,5.665,852.355,0.001,334.732,0.483,1.238e7,10,78.54,0.05,0.048,0.021
9.69,1444.063,1444.063,157.754,158.899,-48.147,48.461,135.718,0.05,135.718,89.979,19.04,5.509,28.61,-80.599,0.019,-2.579e-4,0.899,0.075,82.357,89.976,1169.5,343.473,0.162,0.001,9.788,97.379,70.465,2.691,6.625,0.579,51.938,0.491,0.257,0.084,0.149,0.491,0.004,0.01,1.56e-4,0,0,0,0,4.089e-6,2.183,90,5.614,851.51,0.001,334.701,0.476,1.219e7,10,78.54,0.021,0.048,0.02
9.711,1447.444,1447.444,156.713,157.851,-48.755,49.048,136.126,0.05,136.126,89.979,18.922,5.353,28.61,-80.599,0.005,-2.577e-4,1.509,0.28,82.329,89.978,1169.363,343.337,0.162,0.001,9.788,97.382,70.46,2.692,5.209,0.455,51.198,0.49,0.257,0.084,0.149,0.49,9.618e-4,0.002,1.543e-4,0,0,0,0,1.166e-5,2.198,90,5.592,851.151,0.001,334.687,0.472,1.21e7,10,78.54,0.032,0.048,0.02
9.743,1452.472,1452.472,155.141,156.271,-48.7,48.948,136.733,0.051,136.733,89.979,18.758,4.917,28.61,-80.599,0.021,-2.55e-4,-0.841,0.026,82.288,89.971,1169.294,343.268,0.162,0.001,9.788,97.357,70.457,2.69,4.239,0.37,50.093,0.49,0.257,0.084,0.148,0.49,0.004,0.012,4.839e-4,0,0,0,0,-3.693e-6,2.193,90,5.559,850.616,0.001,334.668,0.468,1.198e7,10,78.54,0.048,0.048,0.02
9.792,1459.919,1459.919,152.79,153.908,-48.526,48.793,137.635,0.051,137.635,89.979,18.517,5.099,28.61,-80.599,0.009,-2.469e-4,0.766,-0.015,82.302,89.971,1169.191,343.164,0.162,0.001,9.788,97.349,70.453,2.69,2.783,0.243,48.46,0.489,0.257,0.084,0.148,0.489,0.002,0.005,-2.84e-4,0,0,0,0,3.161e-6,2.11,90,5.511,849.823,0.001,334.638,0.461,1.179e7,10,78.54,0.028,0.049,0.02
9.82,1464.236,1464.236,151.415,152.524,-48.358,48.711,138.158,0.051,138.158,89.979,18.363,5.856,28.61,-80.599,0.038,-2.487e-4,-0.19,0.012,82.321,89.973,1169.13,343.104,0.162,0.001,9.788,97.317,70.451,2.687,1.929,0.169,47.527,0.488,0.257,0.084,0.147,0.488,0.008,0.02,1.136e-4,0,0,0,0,-1.972e-7,2.155,90,5.482,849.364,0.001,334.621,0.457,1.168e7,10,78.54,0.043,0.049,0.02
9.863,1470.639,1470.639,149.372,150.467,-47.661,47.943,138.935,0.052,138.935,89.979,18.117,5.19,28.61,-80.599,0.001,-2.422e-4,2.617,0.044,82.249,89.972,1169.106,343.079,0.162,0.001,9.788,97.331,70.45,2.688,1.473,0.129,46.159,0.487,0.257,0.084,0.146,0.487,1.994e-4,1.426e-4,-1.663e-4,0,0,0,0,3.862e-5,2.218,90,5.441,848.683,0.001,334.596,0.451,1.152e7,10,78.54,0.05,0.049,0.019
9.913,1478.048,1478.048,147.007,148.092,-46.839,47.078,139.835,0.052,139.835,89.979,17.889,4.736,28.61,-80.599,0.022,-2.436e-4,0.697,0.004,82.217,89.969,1169.077,343.05,0.162,0.001,9.788,97.299,70.449,2.685,0.937,0.082,44.598,0.487,0.258,0.083,0.146,0.487,0.004,0.012,-2.113e-4,0,0,0,0,2.825e-6,2.145,90,5.393,847.895,0.001,334.567,0.443,1.133e7,10,78.54,0.05,0.052,0.019
9.963,1485.34,1485.34,144.689,145.759,-45.956,46.242,140.723,0.053,140.723,89.978,17.629,5.13,28.61,-80.599,0.012,-2.442e-4,0.421,-0.028,82.228,89.966,1169.048,343.022,0.162,0.001,9.788,97.291,70.448,2.684,0.401,0.035,43.101,0.486,0.258,0.083,0.145,0.486,0.002,0.006,3.113e-5,0,0,0,0,1.064e-6,2.148,90,5.345,847.119,0.001,334.538,0.437,1.114e7,10,78.54,0.037,0.053,0.019
10,1490.723,1490.723,142.979,144.04,-45.427,45.664,141.379,0.053,141.379,89.978,17.447,4.643,28.61,-80.599,0.017,-2.446e-4,-0.162,-0.029,82.213,89.968,1169.027,343,0.162,0.001,9.788,97.275,70.447,2.683,0,0,42.009,0.485,0.258,0.083,0.144,0.485,0.003,0.009,-2.264e-4,0,0,0,0,-1.607e-7,2.062,90,5.31,846.547,0.001,334.517,0.431,1.101e7,10,78.54,0.05,0.053,0.018
10.05,1497.816,1497.816,140.739,141.787,-44.204,44.457,142.246,0.054,142.246,89.978,17.212,4.743,28.61,-80.599,0.002,-2.476e-4,-0.427,-0.051,82.229,89.97,1169.027,343,0.162,0.001,9.788,97.272,70.447,2.682,0,0,40.608,0.484,0.258,0.083,0.143,0.484,3.987e-4,6.99e-4,4.089e-4,0,0,0,0,-1.157e-6,1.999,90,5.264,845.792,0.001,334.489,0.425,1.083e7,10,78.54,0.05,0.054,0.018
10.1,1504.798,1504.798,138.558,139.594,-43.049,43.313,143.1,0.054,143.1,89.978,16.97,4.775,28.61,-80.599,0.015,-2.482e-4,0.693,0.006,82.221,89.968,1169.027,343,0.162,0.001,9.788,97.247,70.447,2.68,0,0,39.275,0.484,0.258,0.083,0.143,0.484,0.003,0.009,1.42e-4,0,0,0,0,3.146e-6,1.996,90,5.219,845.074,0.001,334.461,0.418,1.065e7,10,78.54,0.05,0.054,0.018
10.15,1511.673,1511.673,136.43,137.456,-42.047,42.233,143.944,0.055,143.944,89.978,16.76,3.958,28.61,-80.599,0.035,-2.484e-4,0.94,0.01,82.22,89.967,1169.027,343,0.162,0.001,9.788,97.218,70.447,2.677,0,0,37.987,0.483,0.258,0.082,0.142,0.483,0.007,0.019,9.871e-5,0,0,0,0,5.969e-6,1.794,90,5.174,844.379,0.001,334.434,0.412,1.048e7,10,78.54,0.05,0.054,0.018
10.2,1518.442,1518.442,134.359,135.371,-40.864,41.169,144.776,0.055,144.776,89.978,16.524,5.001,28.61,-80.599,0.057,-2.441e-4,1.277,-0.03,82.228,89.964,1169.027,343,0.162,0.001,9.788,97.188,70.447,2.674,0,0,36.781,0.482,0.258,0.082,0.141,0.482,0.011,0.03,2.252e-5,0,0,0,0,1.136e-5,1.95,90,5.13,843.693,0.001,334.408,0.406,1.032e7,10,78.54,0.049,0.054,0.017
10.249,1524.963,1524.963,132.381,133.382,-40.036,40.219,145.578,0.056,145.578,89.978,16.313,3.833,28.61,-80.599,0.029,-2.563e-4,-1.765,-0.034,82.13,89.964,1169.027,343,0.162,0.001,9.787,97.198,70.447,2.675,0,0,35.637,0.481,0.259,0.082,0.141,0.481,0.006,0.015,-7.503e-5,0,0,0,0,-2.235e-5,1.919,90,5.088,843.033,0.001,334.382,0.4,1.016e7,10,78.54,0.05,0.054,0.017
10.299,1531.532,1531.532,130.404,131.396,-39.036,39.254,146.389,0.056,146.389,89.978,16.114,4.134,28.61,-80.599,0.004,-2.592e-4,0.842,-0.117,82.077,89.962,1169.027,343,0.162,0.001,9.787,97.205,70.447,2.676,0,0,34.527,0.481,0.259,0.082,0.14,0.481,7.659e-4,0.003,3.009e-4,0,0,0,0,5.235e-6,2.043,90,5.045,842.368,0.001,334.356,0.394,1.001e7,10,78.54,0.05,0.055,0.017
10.349,1538.004,1538.004,128.475,129.457,-38.14,38.341,147.19,0.057,147.19,89.978,15.913,3.915,28.61,-80.598,0.006,-2.609e-4,-0.766,0.027,82.035,89.968,1169.027,343,0.162,0.001,9.787,97.192,70.447,2.674,0,0,33.455,0.48,0.259,0.082,0.14,0.48,0.001,0.003,-2.266e-4,0,0,0,0,-4.468e-6,2.051,90,5.003,841.713,0.001,334.331,0.388,9.856e6,10,78.54,0.05,0.055,0.017
10.399,1544.38,1544.38,126.589,127.562,-37.276,37.46,147.981,0.058,147.981,89.978,15.725,3.708,28.61,-80.598,0.014,-2.598e-4,0.101,-0.004,82.019,89.971,1169.027,343,0.162,0.001,9.787,97.174,70.447,2.673,0,0,32.421,0.48,0.259,0.082,0.139,0.48,0.003,0.007,2.802e-4,0,0,0,0,7.92e-8,1.992,90,4.962,841.068,0.001,334.306,0.382,9.707e6,10,78.54,0.05,0.055,0.016
10.449,1550.663,1550.663,124.749,125.711,-36.379,36.602,148.762,0.058,148.762,89.978,15.528,4.034,28.61,-80.598,0.026,-2.608e-4,0.567,-0.041,82.015,89.965,1169.027,343,0.162,0.001,9.787,97.155,70.447,2.671,0,0,31.435,0.479,0.259,0.082,0.138,0.479,0.005,0.014,1.665e-4,0,0,0,0,2.594e-6,2.029,90,4.921,840.432,0.001,334.281,0.377,9.562e6,10,78.54,0.05,0.055,0.016
10.499,1556.856,1556.856,122.95,123.902,-35.592,35.797,149.533,0.059,149.533,89.978,15.33,3.825,28.61,-80.598,0.014,-2.593e-4,1.994,-0.068,81.943,89.961,1169.027,343,0.162,0.001,9.787,97.153,70.447,2.671,0,0,30.491,0.478,0.259,0.081,0.138,0.478,0.003,0.007,-2.035e-4,0,0,0,0,3.302e-5,2.105,90,4.88,839.805,0.001,334.256,0.372,9.421e6,10,78.54,0.05,0.055,0.016
10.549,1562.959,1562.959,121.188,122.132,-34.87,35.034,150.295,0.059,150.295,89.977,15.152,3.379,28.61,-80.598,0.022,-2.611e-4,-1.564,0.015,81.848,89.968,1169.027,343,0.162,0.001,9.787,97.138,70.447,2.669,0,0,29.581,0.478,0.259,0.081,0.137,0.478,0.004,0.011,-4.535e-4,0,0,0,0,-2.092e-5,2.161,90,4.841,839.188,0.001,334.232,0.366,9.283e6,10,78.54,0.05,0.055,0.016
10.599,1568.975,1568.975,119.463,120.399,-34.109,34.279,151.049,0.06,151.049,89.977,14.984,3.409,28.61,-80.598,0.011,-2.652e-4,-0.453,0.035,81.803,89.967,1169.027,343,0.162,0.001,9.787,97.137,70.447,2.669,0,0,28.706,0.477,0.259,0.081,0.137,0.477,0.002,0.005,2.937e-4,0,0,0,0,-1.803e-6,2.203,90,4.802,838.579,0.001,334.209,0.361,9.148e6,10,78.54,0.05,0.056,0.015
10.649,1574.906,1574.906,117.775,118.704,-33.408,33.556,151.794,0.06,151.794,89.977,14.822,3.152,28.61,-80.598,0.026,-2.66e-4,0.823,0.023,81.812,89.961,1169.027,343,0.162,0.001,9.787,97.115,70.447,2.667,0,0,27.852,0.477,0.259,0.081,0.136,0.477,0.005,0.014,-2.357e-4,0,0,0,0,6.134e-6,2.069,90,4.763,837.978,0.001,334.185,0.356,9.014e6,10,78.54,0.05,0.056,0.015
10.699,1580.753,1580.753,116.125,117.045,-32.631,32.836,152.531,0.061,152.531,89.977,14.649,3.668,28.61,-80.598,0.039,-2.675e-4,-0.148,0.008,81.848,89.959,1169.027,343,0.162,0.001,9.787,97.096,70.447,2.665,0,0,27.038,0.476,0.26,0.081,0.136,0.476,0.008,0.021,3.53e-4,0,0,0,0,-2.033e-7,2.067,90,4.725,837.386,0.001,334.162,0.351,8.884e6,10,78.54,0.05,0.056,0.015
10.749,1586.519,1586.519,114.511,115.42,-31.963,32.17,153.258,0.061,153.258,89.977,14.462,3.639,28.61,-80.598,0.045,-2.665e-4,2.541,0.068,81.783,89.967,1169.027,343,0.162,0.001,9.787,97.083,70.447,2.664,0,0,26.261,0.476,0.26,0.081,0.136,0.476,0.009,0.023,2.772e-4,0,0,0,0,6.178e-5,2.166,90,4.688,836.803,0.001,334.14,0.346,8.758e6,10,78.54,0.05,0.056,0.015
10.799,1592.205,1592.205,112.924,113.828,-31.475,31.571,153.978,0.062,153.978,89.977,14.315,2.463,28.61,-80.598,0.08,-2.538e-4,-1.061,0.032,81.673,89.967,1169.027,343,0.162,0.001,9.787,97.048,70.447,2.66,0,0,25.499,0.476,0.26,0.081,0.135,0.476,0.016,0.041,1.814e-4,0,0,0,0,-1.107e-5,2.053,90,4.651,836.227,0.001,334.117,0.342,8.632e6,10,78.54,0.05,0.056,0.015
10.849,1597.812,1597.812,111.369,112.267,-30.738,30.907,154.69,0.062,154.69,89.977,14.173,3.228,28.61,-80.598,0.017,-2.508e-4,-0.539,0.016,81.681,89.955,1169.027,343,0.162,0.001,9.787,97.089,70.447,2.664,0,0,24.776,0.475,0.26,0.081,0.135,0.475,0.003,0.009,-4.483e-4,0,0,0,0,-2.94e-6,2.146,90,4.614,835.66,0.001,334.095,0.337,8.512e6,10,78.54,0.05,0.056,0.014
10.899,1603.342,1603.342,109.847,110.737,-30.152,30.305,155.395,0.063,155.395,89.977,14.015,3.046,28.61,-80.598,0.007,-2.481e-4,0.152,0.017,81.688,89.959,1169.027,343,0.162,0.001,9.787,97.089,70.447,2.664,0,0,24.067,0.475,0.26,0.08,0.134,0.475,0.001,0.003,-4.437e-4,0,0,0,0,2.409e-7,2.047,90,4.578,835.1,0.001,334.073,0.332,8.391e6,10,78.54,0.05,0.057,0.014
10.949,1608.797,1608.797,108.355,109.237,-29.539,29.718,156.091,0.063,156.091,89.977,13.855,3.256,28.61,-80.598,0.041,-2.452e-4,1.496,0.046,81.65,89.969,1169.027,343,0.162,0.001,9.787,97.055,70.447,2.661,0,0,23.394,0.474,0.26,0.08,0.134,0.474,0.008,0.021,1.745e-4,0,0,0,0,2.39e-5,2.129,90,4.543,834.548,0.001,334.052,0.328,8.275e6,10,78.54,0.05,0.057,0.014
10.999,1614.178,1614.178,106.891,107.765,-29.018,29.172,156.78,0.064,156.78,89.977,13.697,2.993,28.61,-80.598,0.014,-2.515e-4,2.862,0.067,81.534,89.966,1169.027,343,0.162,0.001,9.787,97.068,70.447,2.662,0,0,22.747,0.474,0.26,0.08,0.134,0.474,0.003,0.008,-2.731e-4,0,0,0,0,8.986e-5,2.24,90,4.508,834.003,0.001,334.031,0.324,8.162e6,10,78.54,0.05,0.057,0.014
11.049,1619.487,1619.487,105.451,106.32,-28.57,28.665,157.462,0.064,157.462,89.977,13.568,2.326,28.61,-80.598,0.066,-2.514e-4,-1.383,0.011,81.417,89.959,1169.027,343,0.162,0.001,9.787,97.022,70.447,2.657,0,0,22.113,0.474,0.26,0.08,0.133,0.474,0.013,0.034,1.708e-4,0,0,0,0,-2.156e-5,2.223,90,4.473,833.466,0.001,334.01,0.319,8.049e6,10,78.54,0.05,0.057,0.014
11.099,1624.724,1624.724,104.037,104.902,-27.985,28.116,158.137,0.065,158.137,89.977,13.443,2.713,28.61,-80.598,0.007,-2.5e-4,0.35,0.061,81.404,89.954,1169.027,343,0.162,0.001,9.787,97.061,70.447,2.661,0,0,21.504,0.473,0.26,0.08,0.133,0.473,0.001,0.004,-2.265e-4,0,0,0,0,1.42e-6,2.271,90,4.439,832.936,0.001,333.989,0.315,7.94e6,10,78.54,0.05,0.057,0.013
11.149,1629.891,1629.891,102.651,103.51,-27.476,27.604,158.806,0.065,158.806,89.976,13.309,2.654,28.61,-80.598,0.003,-2.498e-4,0.533,-0.035,81.427,89.961,1169.027,343,0.162,0.001,9.787,97.057,70.447,2.661,0,0,20.906,0.473,0.26,0.08,0.133,0.473,6.794e-4,0.002,2.818e-5,0,0,0,0,3.372e-6,2.16,90,4.406,832.413,0.001,333.969,0.311,7.83e6,10,78.54,0.05,0.057,0.013
11.199,1634.989,1634.989,101.291,102.143,-26.938,27.1,159.468,0.066,159.468,89.976,13.167,2.957,28.61,-80.598,0.049,-2.478e-4,0.64,0.03,81.43,89.97,1169.027,343,0.162,0.001,9.787,97.015,70.447,2.657,0,0,20.337,0.473,0.26,0.08,0.132,0.473,0.01,0.026,-7.707e-5,0,0,0,0,5e-6,2.187,90,4.373,831.897,0.001,333.949,0.307,7.724e6,10,78.54,0.05,0.058,0.013
11.249,1640.02,1640.02,99.953,100.8,-26.571,26.658,160.123,0.066,160.123,89.976,13.041,2.152,28.61,-80.598,0.057,-2.439e-4,-0.328,0.037,81.391,89.966,1169.027,343,0.162,0.001,9.787,97.003,70.447,2.656,0,0,19.772,0.472,0.26,0.08,0.132,0.472,0.011,0.029,-7.068e-5,0,0,0,0,-1.352e-6,1.991,90,4.34,831.388,0.001,333.929,0.303,7.618e6,10,78.54,0.05,0.058,0.013
11.299,1644.985,1644.985,98.636,99.48,-26.095,26.187,160.772,0.067,160.772,89.976,12.934,2.193,28.61,-80.598,0.04,-2.478e-4,1.791,0.07,81.432,89.955,1169.027,343,0.162,0.001,9.787,97.01,70.447,2.656,0,0,19.229,0.472,0.26,0.08,0.132,0.472,0.008,0.021,3.215e-4,0,0,0,0,4.131e-5,1.856,90,4.308,830.885,0.001,333.909,0.299,7.514e6,10,78.54,0.05,0.058,0.013
11.349,1649.884,1649.884,97.344,98.184,-25.579,25.712,161.416,0.067,161.416,89.976,12.813,2.606,28.61,-80.598,0.036,-2.457e-4,-1.774,0.061,81.532,89.955,1169.027,343,0.162,0.001,9.787,97.007,70.447,2.656,0,0,18.705,0.472,0.261,0.08,0.131,0.472,0.007,0.019,-3.097e-4,0,0,0,0,-4.161e-5,1.742,90,4.276,830.389,0.001,333.89,0.295,7.412e6,10,78.54,0.05,0.058,0.013
11.399,1654.72,1654.72,96.077,96.91,-25.137,25.275,162.053,0.068,162.053,89.976,12.68,2.636,28.61,-80.598,0.054,-2.479e-4,0.099,0.032,81.574,89.966,1169.027,343,0.162,0.001,9.787,96.988,70.447,2.654,0,0,18.198,0.471,0.261,0.08,0.131,0.471,0.01,0.027,-2.349e-4,0,0,0,0,1.319e-7,1.643,90,4.244,829.9,0.001,333.871,0.291,7.312e6,10,78.54,0.05,0.058,0.012
11.449,1659.492,1659.492,94.831,95.657,-24.716,24.859,162.684,0.068,162.684,89.976,12.545,2.665,28.61,-80.598,0.067,-2.517e-4,2.468,0.035,81.509,89.969,1169.027,343,0.162,0.001,9.787,96.972,70.447,2.652,0,0,17.717,0.471,0.261,0.08,0.131,0.471,0.013,0.035,-9.311e-5,0,0,0,0,8.485e-5,1.725,90,4.213,829.417,0.001,333.852,0.287,7.216e6,10,78.54,0.05,0.058,0.012
11.499,1664.203,1664.203,93.604,94.424,-24.381,24.481,163.308,0.069,163.308,89.976,12.423,2.213,28.61,-80.598,0.003,-2.499e-4,-3.596,-0.463,81.347,89.959,1169.027,343,0.162,0.001,9.787,97.016,70.447,2.657,0,0,17.251,0.471,0.261,0.079,0.13,0.471,6.347e-4,0.002,-1.141e-4,0,0,0,0,-1.848e-4,1.817,90,4.183,828.94,0.001,333.834,0.284,7.122e6,10,78.54,0.05,0.058,0.012
11.549,1668.853,1668.853,92.392,93.211,-24.082,24.134,163.927,0.069,163.927,89.976,12.331,1.581,28.61,-80.598,0.106,-2.506e-4,-1.472,-0.018,81.209,89.949,1169.027,343,0.162,0.001,9.787,96.931,70.447,2.648,0,0,16.794,0.47,0.261,0.079,0.13,0.47,0.021,0.055,-1.93e-4,0,0,0,0,-3.178e-5,1.783,90,4.152,828.469,0.001,333.815,0.28,7.028e6,10,78.54,0.05,0.059,0.012
11.599,1673.443,1673.443,91.199,92.016,-23.623,23.715,164.541,0.07,164.541,89.976,12.24,2.095,28.61,-80.598,0.01,-2.538e-4,0.598,0.011,81.201,89.954,1169.027,343,0.162,0.001,9.787,97.001,70.447,2.655,0,0,16.355,0.47,0.261,0.079,0.13,0.47,0.002,0.005,2.963e-4,0,0,0,0,5.379e-6,1.861,90,4.123,828.005,0.001,333.797,0.276,6.936e6,10,78.54,0.05,0.059,0.012
11.649,1677.973,1677.973,90.028,90.841,-23.227,23.334,165.15,0.07,165.15,89.976,12.131,2.236,28.61,-80.598,0.026,-2.544e-4,-0.258,0.02,81.226,89.965,1169.027,343,0.162,0.001,9.787,96.983,70.447,2.654,0,0,15.922,0.47,0.261,0.079,0.13,0.47,0.005,0.013,3.113e-4,0,0,0,0,-1.025e-6,1.806,90,4.093,827.546,0.001,333.779,0.273,6.845e6,10,78.54,0.05,0.059,0.012
11.699,1682.446,1682.446,88.875,89.685,-22.881,22.979,165.754,0.071,165.754,89.976,12.022,2.111,28.61,-80.598,0.014,-2.537e-4,0.423,0.01,81.22,89.966,1169.027,343,0.162,0.001,9.787,96.988,70.447,2.654,0,0,15.501,0.47,0.261,0.079,0.129,0.47,0.003,0.007,1.9e-4,0,0,0,0,2.84e-6,1.727,90,4.064,827.094,0.001,333.762,0.269,6.755e6,10,78.54,0.05,0.059,0.012
11.749,1686.861,1686.861,87.742,88.545,-22.476,22.617,166.352,0.071,166.352,89.975,11.904,2.521,28.61,-80.598,0.098,-2.565e-4,2.32,-0.039,81.159,89.957,1169.027,343,0.162,0.001,9.787,96.918,70.447,2.647,0,0,15.106,0.469,0.261,0.079,0.129,0.469,0.019,0.051,-2.004e-4,0,0,0,0,8.738e-5,1.897,90,4.035,826.647,0.001,333.744,0.266,6.669e6,10,78.54,0.05,0.059,0.011
11.799,1691.22,1691.22,86.622,87.423,-22.288,22.339,166.945,0.072,166.945,89.975,11.805,1.499,28.61,-80.598,0.092,-2.594e-4,-2.318,-0.023,81.023,89.953,1169.027,343,0.162,0.001,9.787,96.919,70.447,2.647,0,0,14.705,0.469,0.261,0.079,0.129,0.469,0.018,0.047,-9.988e-5,0,0,0,0,-8.956e-5,1.738,90,4.007,826.206,0.001,333.727,0.263,6.581e6,10,78.54,0.05,0.059,0.011
11.849,1695.524,1695.524,85.518,86.317,-21.87,21.972,167.533,0.072,167.533,89.975,11.715,2.121,28.61,-80.598,0.036,-2.579e-4,1.444,0.002,80.943,89.956,1169.027,343,0.162,0.001,9.787,96.958,70.447,2.651,0,0,14.336,0.469,0.261,0.079,0.129,0.469,0.007,0.019,8.525e-5,0,0,0,0,3.56e-5,1.972,90,3.979,825.77,0.001,333.71,0.26,6.498e6,10,78.54,0.05,0.059,0.011
11.899,1699.772,1699.772,84.433,85.227,-21.571,21.663,168.116,0.073,168.116,89.975,11.611,1.994,28.61,-80.598,0.017,-2.577e-4,2.266,0.108,80.847,89.962,1169.027,343,0.162,0.001,9.787,96.969,70.447,2.652,0,0,13.967,0.469,0.261,0.079,0.129,0.469,0.003,0.009,-8.605e-5,0,0,0,0,8.995e-5,2.018,90,3.951,825.34,0.001,333.693,0.256,6.415e6,10,78.54,0.05,0.06,0.011
11.949,1703.967,1703.967,83.36,84.153,-21.314,21.377,168.694,0.073,168.694,89.975,11.521,1.647,28.61,-80.598,0.049,-2.567e-4,-1.738,0.041,80.741,89.966,1169.027,343,0.162,0.001,9.787,96.939,70.447,2.649,0,0,13.606,0.468,0.261,0.079,0.128,0.468,0.01,0.026,9.608e-5,0,0,0,0,-5.428e-5,1.995,90,3.924,824.915,0.001,333.677,0.253,6.332e6,10,78.54,0.05,0.06,0.011
11.999,1708.108,1708.108,82.301,83.093,-21.041,21.09,169.268,0.074,169.268,89.975,11.446,1.434,28.61,-80.598,0.087,-2.511e-4,0.27,0.022,80.701,89.962,1169.027,343,0.162,0.001,9.787,96.906,70.447,2.646,0,0,13.251,0.468,0.261,0.079,0.128,0.468,0.017,0.046,-1.547e-4,0,0,0,0,1.34e-6,1.901,90,3.897,824.496,0.001,333.661,0.25,6.25e6,10,78.54,0.05,0.06,0.011
12.049,1712.197,1712.197,81.259,82.049,-20.655,20.752,169.839,0.074,169.839,89.975,11.36,2.007,28.61,-80.598,0.048,-2.496e-4,-0.774,-0.001,80.741,89.956,1169.027,343,0.162,0.001,9.787,96.932,70.447,2.649,0,0,12.913,0.468,0.261,0.079,0.128,0.468,0.009,0.025,-2.375e-4,0,0,0,0,-1.132e-5,1.958,90,3.871,824.082,0.001,333.645,0.247,6.17e6,10,78.54,0.05,0.06,0.011
12.099,1716.235,1716.235,80.235,81.02,-20.332,20.455,170.404,0.075,170.404,89.975,11.251,2.241,28.61,-80.598,0.112,-2.561e-4,1.459,0.002,80.728,89.956,1169.027,343,0.162,0.001,9.787,96.879,70.447,2.643,0,0,12.585,0.468,0.261,0.079,0.128,0.468,0.022,0.058,-1.366e-4,0,0,0,0,4.125e-5,2.008,90,3.844,823.674,0.001,333.629,0.244,6.092e6,10,78.54,0.05,0.06,0.01
12.149,1720.221,1720.221,79.222,80.004,-20.162,20.22,170.964,0.075,170.964,89.975,11.157,1.538,28.61,-80.598,0.042,-2.558e-4,-2.337,0.001,80.619,89.959,1169.027,343,0.162,0.001,9.787,96.93,70.447,2.648,0,0,12.256,0.468,0.261,0.079,0.128,0.468,0.008,0.022,-3.873e-4,0,0,0,0,-1.086e-4,1.872,90,3.819,823.27,0.001,333.613,0.241,6.012e6,10,78.54,0.05,0.06,0.01
12.199,1724.157,1724.157,78.22,79.002,-19.934,19.973,171.52,0.076,171.52,89.975,11.089,1.259,28.61,-80.598,0.102,-2.502e-4,-0.446,-5.085e-4,80.545,89.959,1169.027,343,0.162,0.001,9.787,96.88,70.447,2.643,0,0,11.939,0.467,0.261,0.079,0.127,0.467,0.02,0.052,7.923e-5,0,0,0,0,-4.059e-6,1.795,90,3.793,822.872,0.001,333.597,0.238,5.934e6,10,78.54,0.05,0.061,0.01
12.249,1728.043,1728.043,77.231,78.013,-19.601,19.673,172.073,0.076,172.073,89.975,11.015,1.681,28.61,-80.598,0.01,-2.515e-4,-0.682,-0.002,80.561,89.957,1169.027,343,0.162,0.001,9.787,96.948,70.447,2.65,0,0,11.636,0.467,0.261,0.079,0.127,0.467,0.002,0.005,-4.254e-4,0,0,0,0,-9.718e-6,1.838,90,3.768,822.478,0.001,333.582,0.235,5.859e6,10,78.54,0.05,0.061,0.01
12.299,1731.88,1731.88,76.258,77.037,-19.347,19.415,172.621,0.077,172.622,89.975,10.932,1.632,28.61,-80.598,0.009,-2.516e-4,-0.443,0.016,80.589,89.953,1169.027,343,0.162,0.001,9.787,96.945,70.447,2.65,0,0,11.334,0.467,0.261,0.079,0.127,0.467,0.002,0.004,3.886e-4,0,0,0,0,-4.212e-6,1.72,90,3.743,822.09,0.001,333.567,0.232,5.783e6,10,78.54,0.05,0.061,0.01
12.349,1735.669,1735.669,75.297,76.074,-19.092,19.162,173.166,0.077,173.166,89.974,10.85,1.638,28.61,-80.598,0.022,-2.511e-4,-0.067,-0.003,80.602,89.95,1169.027,343,0.162,0.001,9.787,96.932,70.447,2.648,0,0,11.041,0.467,0.261,0.079,0.127,0.467,0.004,0.012,4.853e-4,0,0,0,0,-9.976e-8,1.642,90,3.718,821.707,0.001,333.552,0.229,5.708e6,10,78.54,0.05,0.061,0.01
12.399,1739.41,1739.41,74.349,75.124,-18.828,18.911,173.706,0.078,173.706,89.974,10.765,1.762,28.61,-80.598,0.065,-2.51e-4,0.942,-0.012,80.584,89.949,1169.027,343,0.162,0.001,9.787,96.895,70.447,2.645,0,0,10.761,0.467,0.261,0.079,0.127,0.467,0.013,0.033,2.722e-4,0,0,0,0,2.002e-5,1.653,90,3.694,821.328,0.001,333.537,0.226,5.636e6,10,78.54,0.05,0.061,0.01
12.449,1743.104,1743.104,73.413,74.186,-18.628,18.691,174.243,0.078,174.243,89.974,10.682,1.524,28.61,-80.598,0.01,-2.523e-4,1.77,-0.07,80.511,89.951,1169.027,343,0.162,0.001,9.787,96.935,70.447,2.649,0,0,10.485,0.466,0.261,0.078,0.126,0.466,0.002,0.005,-1.93e-4,0,0,0,0,7.243e-5,1.601,90,3.67,820.954,0.001,333.523,0.223,5.563e6,10,78.54,0.05,0.061,0.01
12.499,1746.752,1746.752,72.488,73.259,-18.35,18.443,174.775,0.079,174.775,89.974,10.597,1.855,28.61,-80.598,0.107,-2.548e-4,3.03,0.02,80.398,89.955,1169.027,343,0.162,0.001,9.787,96.856,70.447,2.641,0,0,10.228,0.466,0.262,0.078,0.126,0.466,0.021,0.055,5.331e-5,0,0,0,0,2.174e-4,1.806,90,3.646,820.585,0.001,333.508,0.221,5.495e6,10,78.54,0.05,0.061,0.009
12.549,1750.353,1750.353,71.575,72.343,-18.182,18.246,175.302,0.079,175.302,89.974,10.512,1.525,28.61,-80.598,0.018,-2.553e-4,4.33,0.168,80.207,89.959,1169.027,343,0.162,0.001,9.787,96.922,70.447,2.647,0,0,9.971,0.466,0.262,0.078,0.126,0.466,0.004,0.009,5.074e-5,0,0,0,0,4.552e-4,1.867,90,3.623,820.22,0.001,333.494,0.218,5.426e6,10,78.54,0.05,0.062,0.009
12.599,1753.909,1753.909,70.67,71.438,-18.009,18.055,175.826,0.08,175.826,89.974,10.442,1.278,28.61,-80.598,0.051,-2.559e-4,-3.936,0.067,79.995,89.96,1169.027,343,0.162,0.001,9.787,96.894,70.447,2.645,0,0,9.722,0.466,0.262,0.078,0.126,0.466,0.01,0.027,1.114e-4,0,0,0,0,-3.854e-4,1.96,90,3.6,819.86,0.001,333.48,0.215,5.358e6,10,78.54,0.05,0.062,0.009
12.649,1757.42,1757.42,69.775,70.543,-17.81,17.851,176.347,0.08,176.347,89.974,10.38,1.22,28.61,-80.598,0.066,-2.56e-4,-2.727,0.033,79.828,89.958,1169.027,343,0.162,0.001,9.787,96.879,70.447,2.643,0,0,9.48,0.466,0.262,0.078,0.126,0.466,0.013,0.035,4.06e-4,0,0,0,0,-1.897e-4,2.056,90,3.577,819.505,0.001,333.466,0.213,5.291e6,10,78.54,0.05,0.062,0.009
12.699,1760.887,1760.887,68.888,69.658,-17.661,17.682,176.864,0.081,176.864,89.974,10.33,0.861,28.61,-80.598,0.17,-2.599e-4,-0.4,0.019,79.743,89.952,1169.027,343,0.162,0.001,9.787,96.796,70.447,2.635,0,0,9.234,0.466,0.262,0.078,0.126,0.466,0.033,0.088,-4.462e-4,0,0,0,0,-4.183e-6,1.925,90,3.554,819.154,0.001,333.453,0.21,5.222e6,10,78.54,0.05,0.062,0.009
12.749,1764.309,1764.309,68.011,68.784,-17.393,17.435,177.38,0.081,177.38,89.974,10.279,1.21,28.61,-80.598,0.052,-2.595e-4,1.711,0.032,79.785,89.949,1169.027,343,0.162,0.001,9.787,96.885,70.447,2.644,0,0,8.998,0.466,0.262,0.078,0.126,0.466,0.01,0.027,7.855e-5,0,0,0,0,7.854e-5,1.913,90,3.532,818.808,0.001,333.439,0.207,5.156e6,10,78.54,0.05,0.062,0.009
12.799,1767.688,1767.688,67.149,67.92,-17.103,17.19,177.892,0.082,177.892,89.974,10.205,1.729,28.61,-80.598,0.129,-2.611e-4,-0.953,0.015,79.863,89.95,1169.027,343,0.162,0.001,9.787,96.822,70.447,2.638,0,0,8.772,0.465,0.262,0.078,0.125,0.465,0.025,0.067,-1.557e-4,0,0,0,0,-2.5e-5,1.957,90,3.51,818.466,0.001,333.426,0.205,5.09e6,10,78.54,0.05,0.062,0.009
12.849,1771.025,1771.025,66.301,67.066,-16.843,16.978,178.4,0.082,178.4,89.974,10.106,2.136,28.61,-80.598,0.275,-2.602e-4,2.717,0.017,79.828,89.955,1169.027,343,0.162,0.001,9.787,96.707,70.447,2.626,0,0,8.557,0.465,0.262,0.078,0.125,0.465,0.054,0.142,-1.654e-4,0,0,0,0,2.08e-4,2.12,90,3.488,818.128,0.001,333.413,0.202,5.028e6,10,78.54,0.043,0.063,0.009
12.892,1773.892,1773.892,65.571,66.332,-16.74,16.835,178.837,0.082,178.837,89.974,10.019,1.789,28.61,-80.598,0.167,-2.604e-4,6.034,0.028,79.631,89.957,1169.027,343,0.162,0.001,9.787,96.789,70.447,2.634,0,0,8.369,0.465,0.262,0.078,0.125,0.465,0.033,0.084,-1.122e-4,0,0,0,0,0.001,2.175,90,3.47,817.838,0.001,333.402,0.2,4.973e6,10,78.54,0.05,0.063,0.009
12.942,1777.15,1777.15,64.735,65.495,-16.71,16.736,179.336,0.083,179.336,89.974,9.951,0.942,28.61,-80.598,0.126,-2.615e-4,-6.379,0.041,79.302,89.959,1169.027,343,0.162,0.001,9.787,96.818,70.447,2.637,0,0,8.154,0.465,0.262,0.078,0.125,0.465,0.024,0.066,2.521e-4,0,0,0,0,-0.001,2.131,90,3.449,817.508,0.001,333.389,0.198,4.908e6,10,78.54,0.05,0.063,0.008
12.992,1780.366,1780.366,63.901,64.666,-16.592,16.604,179.833,0.083,179.833,89.973,9.914,0.633,28.61,-80.598,0.237,-2.653e-4,-3.209,0.019,79.057,89.958,1169.027,343,0.162,0.001,9.787,96.729,70.447,2.628,0,0,7.948,0.465,0.262,0.078,0.125,0.465,0.046,0.122,7.334e-5,0,0,0,0,-3.119e-4,2.167,90,3.428,817.183,0.001,333.376,0.195,4.846e6,10,78.54,0.05,0.063,0.008
13.042,1783.54,1783.54,63.077,63.846,-16.395,16.412,180.328,0.084,180.328,89.973,9.881,0.738,28.61,-80.598,0.196,-2.635e-4,0.271,0.016,78.987,89.954,1169.027,343,0.162,0.001,9.787,96.759,70.447,2.631,0,0,7.745,0.465,0.262,0.078,0.125,0.465,0.038,0.1,1.793e-4,0,0,0,0,2.278e-6,2.171,90,3.407,816.861,0.001,333.364,0.193,4.784e6,10,78.54,0.05,0.063,0.008
13.092,1786.673,1786.673,62.263,63.035,-16.136,16.179,180.821,0.084,180.821,89.973,9.834,1.185,28.61,-80.598,0.018,-2.657e-4,1.952,0.085,79.053,89.951,1169.027,343,0.162,0.001,9.787,96.894,70.447,2.645,0,0,7.547,0.465,0.262,0.078,0.125,0.465,0.004,0.01,-2.268e-4,0,0,0,0,1.214e-4,2.188,90,3.387,816.544,0.001,333.351,0.19,4.723e6,10,78.54,0.05,0.063,0.008
13.142,1789.767,1789.767,61.462,62.233,-15.914,15.98,181.311,0.085,181.311,89.973,9.767,1.45,28.61,-80.598,0.099,-2.658e-4,-1.245,0.004,79.14,89.948,1169.027,343,0.162,0.001,9.787,96.829,70.447,2.638,0,0,7.351,0.464,0.262,0.078,0.125,0.464,0.019,0.051,-9.986e-5,0,0,0,0,-5.064e-5,2.135,90,3.367,816.231,0.001,333.339,0.188,4.661e6,10,78.54,0.05,0.063,0.008
13.192,1792.82,1792.82,60.672,61.44,-15.688,15.791,181.797,0.085,181.797,89.973,9.685,1.798,28.61,-80.598,0.251,-2.647e-4,1.272,0.005,79.147,89.948,1169.027,343,0.162,0.001,9.787,96.71,70.447,2.626,0,0,7.168,0.464,0.262,0.078,0.124,0.464,0.049,0.129,-2.005e-4,0,0,0,0,5.423e-5,2.223,90,3.347,815.922,0.001,333.327,0.185,4.603e6,10,78.54,0.05,0.064,0.008
13.242,1795.834,1795.834,59.891,60.656,-15.572,15.65,182.279,0.086,182.279,89.973,9.599,1.553,28.61,-80.598,0.165,-2.608e-4,4.374,0.017,79,89.952,1169.027,343,0.162,0.001,9.787,96.774,70.447,2.633,0,0,6.983,0.464,0.262,0.078,0.124,0.464,0.032,0.084,-4.934e-4,0,0,0,0,6.576e-4,2.221,90,3.327,815.617,0.001,333.315,0.183,4.543e6,10,78.54,0.05,0.064,0.008
13.292,1798.809,1798.809,59.115,59.878,-15.491,15.535,182.757,0.086,182.757,89.973,9.531,1.165,28.61,-80.598,0.009,-2.591e-4,5.502,0.482,78.744,89.957,1169.027,343,0.162,0.001,9.787,96.893,70.447,2.645,0,0,6.803,0.464,0.262,0.078,0.124,0.464,0.002,0.004,3.174e-4,0,0,0,0,0.001,2.243,90,3.308,815.316,0.001,333.303,0.181,4.485e6,10,78.54,0.05,0.064,0.008
13.342,1801.745,1801.745,58.341,59.107,-15.44,15.454,183.233,0.087,183.233,89.973,9.486,0.653,28.61,-80.598,0.208,-2.586e-4,-4.179,0.023,78.491,89.958,1169.027,343,0.162,0.001,9.787,96.736,70.447,2.629,0,0,6.625,0.464,0.262,0.078,0.124,0.464,0.041,0.108,-2.164e-5,0,0,0,0,-6.321e-4,2.173,90,3.289,815.019,0.001,333.292,0.179,4.426e6,10,78.54,0.05,0.064,0.008
13.392,1804.643,1804.643,57.573,58.344,-15.291,15.305,183.706,0.087,183.706,89.973,9.456,0.661,28.61,-80.598,0.203,-2.615e-4,-1.319,0.017,78.355,89.956,1169.027,343,0.162,0.001,9.787,96.738,70.447,2.629,0,0,6.455,0.464,0.262,0.078,0.124,0.464,0.04,0.104,-2.839e-4,0,0,0,0,-6.463e-5,2.198,90,3.27,814.725,0.001,333.28,0.176,4.368e6,10,78.54,0.05,0.064,0.007
13.442,1807.503,1807.503,56.814,57.588,-15.065,15.103,184.178,0.088,184.178,89.973,9.413,1.061,28.61,-80.598,0.015,-2.625e-4,0.138,0.014,78.335,89.952,1169.027,343,0.162,0.001,9.787,96.882,70.447,2.643,0,0,6.291,0.464,0.262,0.078,0.124,0.464,0.003,0.008,4.692e-4,0,0,0,0,7.249e-7,2.301,90,3.251,814.436,0.001,333.269,0.174,4.313e6,10,78.54,0.05,0.064,0.007
13.492,1810.325,1810.325,56.065,56.84,-14.883,14.935,184.647,0.088,184.647,89.973,9.354,1.256,28.61,-80.598,0.088,-2.627e-4,0.411,-0.01,78.333,89.95,1169.027,343,0.162,0.001,9.787,96.824,70.447,2.638,0,0,6.128,0.464,0.262,0.078,0.124,0.464,0.017,0.045,-6.407e-5,0,0,0,0,6.589e-6,2.313,90,3.233,814.15,0.001,333.258,0.172,4.257e6,10,78.54,0.05,0.064,0.007
13.542,1813.109,1813.109,55.325,56.099,-14.729,14.788,185.113,0.089,185.113,89.973,9.289,1.324,28.61,-80.598,0.133,-2.625e-4,1.776,-0.005,78.28,89.95,1169.027,343,0.162,0.001,9.787,96.787,70.447,2.634,0,0,5.969,0.464,0.262,0.078,0.124,0.464,0.026,0.068,3.007e-4,0,0,0,0,1.264e-4,2.323,90,3.215,813.868,0.001,333.247,0.17,4.201e6,10,78.54,0.05,0.065,0.007
13.592,1815.857,1815.857,54.591,55.365,-14.634,14.676,185.576,0.089,185.576,89.972,9.228,1.11,28.61,-80.598,0.041,-2.638e-4,2.873,-0.006,78.159,89.951,1169.027,343,0.162,0.001,9.787,96.857,70.447,2.641,0,0,5.81,0.463,0.262,0.078,0.124,0.463,0.008,0.02,-2.468e-4,0,0,0,0,3.397e-4,2.258,90,3.197,813.59,0.001,333.236,0.167,4.145e6,10,78.54,0.05,0.065,0.007
13.642,1818.569,1818.569,53.862,54.638,-14.538,14.568,186.036,0.09,186.036,89.972,9.177,0.924,28.61,-80.598,0.044,-2.637e-4,-2.81,0.011,78.013,89.953,1169.027,343,0.162,0.001,9.787,96.852,70.447,2.641,0,0,5.655,0.463,0.262,0.078,0.124,0.463,0.009,0.023,1.626e-4,0,0,0,0,-3.337e-4,2.215,90,3.179,813.316,0.001,333.226,0.165,4.09e6,10,78.54,0.05,0.065,0.007
13.692,1821.244,1821.244,53.139,53.917,-14.354,14.405,186.494,0.09,186.494,89.972,9.125,1.21,28.61,-80.598,0.109,-2.641e-4,3.027,0.009,77.874,89.954,1169.027,343,0.162,0.001,9.787,96.8,70.447,2.635,0,0,5.514,0.463,0.262,0.078,0.123,0.463,0.021,0.056,-4.785e-4,0,0,0,0,3.97e-4,2.399,90,3.162,813.045,0.001,333.215,0.163,4.038e6,10,78.54,0.05,0.065,0.007
13.742,1823.883,1823.883,52.425,53.202,-14.238,14.285,186.949,0.091,186.949,89.972,9.064,1.163,28.61,-80.598,0.094,-2.635e-4,4.249,0.019,77.691,89.955,1169.027,343,0.162,0.001,9.787,96.81,70.447,2.636,0,0,5.371,0.463,0.262,0.078,0.123,0.463,0.018,0.047,2.082e-5,0,0,0,0,8.026e-4,2.465,90,3.145,812.778,0.001,333.205,0.161,3.986e6,10,78.54,0.05,0.065,0.007
13.792,1826.486,1826.486,51.715,52.494,-14.165,14.195,187.4,0.091,187.401,89.972,9.012,0.926,28.61,-80.598,0.028,-2.634e-4,-4.602,0.05,77.465,89.954,1169.027,343,0.162,0.001,9.787,96.86,70.447,2.641,0,0,5.228,0.463,0.262,0.078,0.123,0.463,0.005,0.016,-1.29e-4,0,0,0,0,-9.667e-4,2.46,90,3.128,812.514,0.001,333.194,0.159,3.932e6,10,78.54,0.05,0.065,0.007
13.842,1829.054,1829.054,51.008,51.791,-14.078,14.099,187.85,0.091,187.85,89.972,8.97,0.772,28.61,-80.598,0.11,-2.631e-4,-3.842,0.005,77.251,89.952,1169.027,343,0.162,0.001,9.787,96.795,70.447,2.635,0,0,5.09,0.463,0.262,0.078,0.123,0.463,0.021,0.057,2.316e-4,0,0,0,0,-6.918e-4,2.469,90,3.111,812.255,0.001,333.184,0.157,3.88e6,10,78.54,0.05,0.066,0.007
13.892,1831.587,1831.587,50.306,51.094,-14.005,14.017,188.298,0.092,188.298,89.972,8.937,0.558,28.61,-80.598,0.226,-2.642e-4,-2.176,0.003,77.096,89.95,1169.027,343,0.162,0.001,9.787,96.703,70.447,2.626,0,0,4.95,0.463,0.262,0.078,0.123,0.463,0.044,0.116,-1.369e-4,0,0,0,0,-2.282e-4,2.38,90,3.095,811.998,0.001,333.174,0.155,3.826e6,10,78.54,0.05,0.066,0.007
13.942,1834.085,1834.085,49.61,50.403,-13.832,13.856,188.744,0.092,188.744,89.972,8.904,0.814,28.61,-80.598,0.07,-2.631e-4,-0.588,-0.002,77.033,89.949,1169.027,343,0.162,0.001,9.787,96.823,70.447,2.638,0,0,4.82,0.463,0.262,0.078,0.123,0.463,0.014,0.035,3.636e-4,0,0,0,0,-1.709e-5,2.456,90,3.078,811.745,0.001,333.164,0.153,3.776e6,10,78.54,0.05,0.066,0.006
13.992,1836.548,1836.548,48.922,49.718,-13.691,13.723,189.188,0.093,189.188,89.972,8.86,0.927,28.61,-80.598,0.012,-2.632e-4,0.397,-0.012,77.012,89.949,1169.027,343,0.162,0.001,9.787,96.866,70.447,2.642,0,0,4.689,0.463,0.262,0.078,0.123,0.463,0.002,0.006,1.042e-4,0,0,0,0,8.017e-6,2.435,90,3.062,811.496,0.001,333.155,0.151,3.724e6,10,78.54,0.05,0.066,0.006
14.042,1838.977,1838.977,48.241,49.039,-13.543,13.587,189.63,0.093,189.63,89.972,8.809,1.09,28.61,-80.598,0.128,-2.632e-4,1.019,0.005,76.98,89.951,1169.027,343,0.162,0.001,9.787,96.774,70.447,2.633,0,0,4.563,0.463,0.262,0.078,0.123,0.463,0.025,0.065,2.265e-4,0,0,0,0,5.416e-5,2.459,90,3.047,811.25,0.001,333.145,0.149,3.674e6,10,78.54,0.05,0.066,0.006
14.092,1841.372,1841.372,47.567,48.366,-13.431,13.476,190.069,0.094,190.069,89.972,8.754,1.102,28.61,-80.598,0.151,-2.633e-4,2.314,0.01,76.898,89.952,1169.027,343,0.162,0.001,9.787,96.755,70.447,2.631,0,0,4.438,0.463,0.262,0.078,0.123,0.463,0.029,0.077,3.147e-4,0,0,0,0,2.872e-4,2.45,90,3.031,811.008,0.001,333.136,0.147,3.623e6,10,78.54,0.05,0.066,0.006
14.142,1843.734,1843.734,46.898,47.698,-13.35,13.386,190.505,0.094,190.505,89.972,8.701,0.982,28.61,-80.598,0.086,-2.633e-4,3.363,0.025,76.753,89.953,1169.027,343,0.162,0.001,9.787,96.804,70.447,2.636,0,0,4.315,0.463,0.262,0.078,0.123,0.463,0.017,0.043,-3.934e-4,0,0,0,0,6.237e-4,2.413,90,3.016,810.769,0.001,333.126,0.145,3.573e6,10,78.54,0.05,0.066,0.006
14.192,1846.062,1846.062,46.232,47.035,-13.288,13.312,190.939,0.095,190.939,89.972,8.657,0.794,28.61,-80.598,0.031,-2.63e-4,-3.592,0.078,76.575,89.954,1169.027,343,0.162,0.001,9.787,96.846,70.447,2.64,0,0,4.194,0.462,0.262,0.078,0.123,0.462,0.006,0.016,-1.441e-4,0,0,0,0,-7.319e-4,2.352,90,3.001,810.533,0.001,333.117,0.143,3.522e6,10,78.54,0.05,0.067,0.006
14.242,1848.357,1848.357,45.57,46.377,-13.17,13.199,191.371,0.095,191.371,89.971,8.616,0.87,28.61,-80.598,0.03,-2.63e-4,3.492,0.032,76.4,89.953,1169.027,343,0.162,0.001,9.786,96.845,70.447,2.64,0,0,4.081,0.462,0.262,0.078,0.123,0.462,0.006,0.015,2.097e-4,0,0,0,0,7.106e-4,2.434,90,2.986,810.301,0.001,333.108,0.141,3.475e6,10,78.54,0.05,0.067,0.006
14.292,1850.619,1850.619,44.913,45.725,-13.129,13.143,191.801,0.096,191.801,89.971,8.578,0.613,28.61,-80.598,0.144,-2.627e-4,-3.149,0.01,76.229,89.951,1169.027,343,0.162,0.001,9.786,96.755,70.447,2.631,0,0,3.963,0.462,0.262,0.077,0.123,0.462,0.028,0.074,-2.859e-4,0,0,0,0,-5.948e-4,2.31,90,2.971,810.072,0.001,333.099,0.139,3.424e6,10,78.54,0.05,0.067,0.006
14.342,1852.849,1852.849,44.259,45.077,-12.995,13.018,192.229,0.096,192.229,89.971,8.545,0.773,28.61,-80.598,0.019,-2.621e-4,-2.355,-0.044,76.095,89.949,1169.027,343,0.162,0.001,9.786,96.851,70.447,2.64,0,0,3.855,0.462,0.262,0.077,0.122,0.462,0.004,0.01,3.112e-4,0,0,0,0,-3.418e-4,2.397,90,2.956,809.846,0.001,333.091,0.137,3.377e6,10,78.54,0.05,0.067,0.006
14.392,1855.045,1855.045,43.613,44.434,-12.863,12.897,192.655,0.097,192.655,89.971,8.502,0.931,28.61,-80.598,0.113,-2.622e-4,2.74,-0.019,75.972,89.948,1169.027,343,0.162,0.001,9.786,96.777,70.447,2.633,0,0,3.751,0.462,0.262,0.077,0.122,0.462,0.022,0.057,4.413e-4,0,0,0,0,4.755e-4,2.486,90,2.942,809.624,0.001,333.082,0.135,3.331e6,10,78.54,0.05,0.067,0.006
14.442,1857.21,1857.21,42.971,43.796,-12.813,12.835,193.079,0.097,193.079,89.971,8.459,0.742,28.61,-80.598,0.021,-2.622e-4,-3.17,-0.086,75.82,89.948,1169.027,343,0.162,0.001,9.786,96.847,70.447,2.64,0,0,3.64,0.462,0.262,0.077,0.122,0.462,0.004,0.012,-3.875e-4,0,0,0,0,-6.555e-4,2.382,90,2.928,809.405,0.001,333.073,0.133,3.282e6,10,78.54,0.05,0.067,0.006
14.492,1859.343,1859.343,42.332,43.162,-12.747,12.762,193.501,0.098,193.501,89.971,8.425,0.635,28.61,-80.598,0.096,-2.621e-4,-2.698,-0.013,75.671,89.948,1169.027,343,0.162,0.001,9.786,96.787,70.447,2.634,0,0,3.534,0.462,0.262,0.077,0.122,0.462,0.019,0.049,-4.474e-4,0,0,0,0,-4.891e-4,2.312,90,2.914,809.189,0.001,333.065,0.131,3.233e6,10,78.54,0.05,0.068,0.006
14.542,1861.443,1861.443,41.697,42.534,-12.653,12.67,193.921,0.098,193.921,89.971,8.393,0.648,28.61,-80.598,0.075,-2.621e-4,-2.071,-0.008,75.552,89.948,1169.027,343,0.162,0.001,9.786,96.802,70.447,2.635,0,0,3.431,0.462,0.262,0.077,0.122,0.462,0.015,0.038,-1.952e-4,0,0,0,0,-2.965e-4,2.291,90,2.901,808.976,0.001,333.057,0.129,3.186e6,10,78.54,0.05,0.068,0.005
14.592,1863.512,1863.512,41.067,41.909,-12.568,12.584,194.34,0.099,194.34,89.971,8.361,0.63,28.61,-80.598,0.078,-2.622e-4,-1.575,-0.004,75.461,89.949,1169.027,343,0.162,0.001,9.786,96.798,70.447,2.635,0,0,3.33,0.462,0.262,0.077,0.122,0.462,0.015,0.041,-1.183e-4,0,0,0,0,-1.766e-4,2.229,90,2.887,808.767,0.001,333.049,0.127,3.139e6,10,78.54,0.05,0.068,0.005
14.642,1865.55,1865.55,40.441,41.29,-12.435,12.462,194.757,0.099,194.757,89.971,8.326,0.821,28.61,-80.598,0.104,-2.623e-4,1.585,0.005,75.387,89.95,1169.027,343,0.162,0.001,9.786,96.777,70.447,2.633,0,0,3.236,0.462,0.262,0.077,0.122,0.462,0.02,0.053,3.406e-4,0,0,0,0,1.841e-4,2.297,90,2.874,808.561,0.001,333.04,0.126,3.094e6,10,78.54,0.05,0.068,0.005
14.692,1867.557,1867.557,39.821,40.674,-12.382,12.401,195.173,0.1,195.173,89.971,8.287,0.685,28.61,-80.598,0.001,-2.625e-4,0,0,75.294,89.95,1169.027,343,0.162,0.001,9.786,96.856,70.447,2.641,0,0,3.136,0.462,0.262,0.077,0.122,0.462,2.121e-4,3.238e-4,3.928e-4,0,0,0,0,0,2.164,90,2.861,808.357,0.001,333.033,0.124,3.046e6,10,78.54,0.05,0.068,0.005
14.742,1869.532,1869.532,39.204,40.063,-12.308,12.325,195.586,0.1,195.586,89.971,8.254,0.646,28.61,-80.598,0.022,-2.625e-4,-1.9,0.045,75.195,89.95,1169.027,343,0.162,0.001,9.786,96.839,70.447,2.639,0,0,3.04,0.462,0.262,0.077,0.122,0.462,0.004,0.011,-8.879e-5,0,0,0,0,-2.814e-4,2.091,90,2.848,808.158,0.001,333.025,0.122,2.999e6,10,78.54,0.05,0.069,0.005
14.792,1871.477,1871.477,38.591,39.457,-12.188,12.215,195.998,0.1,195.998,89.971,8.218,0.804,28.61,-80.598,0.146,-2.626e-4,2.206,0.001,75.097,89.949,1169.027,343,0.162,0.001,9.786,96.742,70.447,2.629,0,0,2.953,0.462,0.262,0.077,0.122,0.462,0.028,0.074,-5.108e-5,0,0,0,0,3.902e-4,2.158,90,2.835,807.961,0.001,333.017,0.12,2.956e6,10,78.54,0.05,0.069,0.005
14.842,1873.391,1873.391,37.984,38.854,-12.093,12.124,196.408,0.101,196.408,89.971,8.176,0.873,28.61,-80.598,0.232,-2.628e-4,3.32,-0.006,74.96,89.948,1169.027,343,0.162,0.001,9.786,96.674,70.447,2.623,0,0,2.866,0.462,0.262,0.077,0.122,0.462,0.045,0.117,1.317e-4,0,0,0,0,9.109e-4,2.196,90,2.823,807.767,0.001,333.01,0.118,2.912e6,10,78.54,0.05,0.069,0.005
14.892,1875.276,1875.276,37.381,38.256,-12.052,12.074,196.816,0.101,196.816,89.97,8.135,0.728,28.61,-80.598,0.103,-2.63e-4,4.302,-0.007,74.767,89.947,1169.027,343,0.162,0.001,9.786,96.773,70.447,2.633,0,0,2.776,0.462,0.262,0.077,0.122,0.462,0.02,0.051,-4.614e-4,0,0,0,0,0.002,2.117,90,2.811,807.576,0.001,333.002,0.116,2.866e6,10,78.54,0.05,0.069,0.005
14.942,1877.13,1877.13,36.78,37.661,-11.99,12.009,197.222,0.102,197.222,89.97,8.101,0.678,28.61,-80.598,0.064,-2.63e-4,4.686,-0.016,74.541,89.947,1169.027,343,0.162,0.001,9.786,96.802,70.447,2.636,0,0,2.691,0.461,0.262,0.077,0.122,0.461,0.012,0.03,-6.696e-5,0,0,0,0,0.002,2.115,90,2.799,807.389,0.001,332.995,0.115,2.822e6,10,78.54,0.05,0.07,0.005
14.992,1878.954,1878.954,36.182,37.07,-11.944,11.958,197.626,0.102,197.626,89.97,8.069,0.575,28.61,-80.598,0.036,-2.63e-4,-4.763,-0.024,74.303,89.946,1169.027,343,0.162,0.001,9.786,96.823,70.447,2.638,0,0,2.607,0.461,0.262,0.077,0.122,0.461,0.007,0.021,4.585e-4,0,0,0,0,-0.002,2.075,90,2.787,807.204,0.001,332.988,0.113,2.777e6,10,78.54,0.05,0.07,0.005
15.042,1880.748,1880.748,35.586,36.483,-11.895,11.905,198.029,0.103,198.029,89.97,8.043,0.49,28.61,-80.598,0.122,-2.63e-4,-4.33,-0.004,74.074,89.946,1169.027,343,0.162,0.001,9.786,96.755,70.447,2.631,0,0,2.525,0.461,0.262,0.077,0.122,0.461,0.024,0.065,1.611e-4,0,0,0,0,-0.002,2.03,90,2.775,807.022,0.001,332.981,0.111,2.733e6,10,78.54,0.05,0.07,0.005
15.092,1882.512,1882.512,34.992,35.899,-11.837,11.845,198.43,0.103,198.43,89.97,8.019,0.446,28.61,-80.598,0.164,-2.632e-4,-3.602,-8.422e-4,73.875,89.946,1169.027,343,0.162,0.001,9.786,96.721,70.447,2.627,0,0,2.445,0.461,0.262,0.077,0.122,0.461,0.032,0.086,-4.648e-5,0,0,0,0,-0.001,1.989,90,2.764,806.844,0.001,332.974,0.109,2.689e6,10,78.54,0.05,0.07,0.005
15.142,1884.247,1884.247,34.402,35.319,-11.756,11.766,198.831,0.104,198.831,89.97,7.996,0.489,28.61,-80.598,0.102,-2.63e-4,-2.933,0.005,73.713,89.947,1169.027,343,0.162,0.001,9.786,96.769,70.447,2.632,0,0,2.367,0.461,0.262,0.077,0.122,0.461,0.02,0.053,-1.174e-4,0,0,0,0,-8.59e-4,1.989,90,2.752,806.668,0.001,332.967,0.108,2.647e6,10,78.54,0.05,0.071,0.005
15.192,1885.953,1885.953,33.817,34.743,-11.665,11.679,199.23,0.104,199.23,89.97,7.97,0.572,28.61,-80.598,0.016,-2.629e-4,2.719,0.052,73.574,89.947,1169.027,343,0.162,0.001,9.786,96.835,70.447,2.639,0,0,2.293,0.461,0.263,0.077,0.121,0.461,0.003,0.008,-1.859e-4,0,0,0,0,7.62e-4,2.01,90,2.741,806.496,0.001,332.96,0.106,2.605e6,10,78.54,0.05,0.071,0.004
15.242,1887.629,1887.629,33.236,34.171,-11.576,11.595,199.627,0.105,199.627,89.97,7.939,0.652,28.61,-80.598,0.138,-2.631e-4,3.059,0.009,73.431,89.947,1169.027,343,0.162,0.001,9.786,96.739,70.447,2.629,0,0,2.22,0.461,0.263,0.077,0.121,0.461,0.027,0.069,-1.016e-4,0,0,0,0,9.955e-4,2.037,90,2.73,806.326,0.001,332.954,0.104,2.563e6,10,78.54,0.05,0.071,0.004
15.292,1889.276,1889.276,32.66,33.602,-11.477,11.503,200.023,0.105,200.024,89.97,7.903,0.778,28.61,-80.598,0.327,-2.629e-4,4.033,0.004,73.257,89.947,1169.027,343,0.162,0.001,9.786,96.592,70.447,2.614,0,0,2.152,0.461,0.263,0.077,0.121,0.461,0.064,0.165,4.299e-4,0,0,0,0,0.002,2.125,90,2.72,806.159,0.001,332.947,0.103,2.523e6,10,78.54,0.05,0.071,0.004
15.342,1890.895,1890.895,32.087,33.037,-11.423,11.448,200.418,0.106,200.418,89.97,7.865,0.744,28.61,-80.598,0.305,-2.632e-4,5.383,0.006,73.021,89.947,1169.027,343,0.162,0.001,9.786,96.608,70.447,2.616,0,0,2.082,0.461,0.263,0.077,0.121,0.461,0.06,0.153,-3.652e-5,0,0,0,0,0.003,2.12,90,2.709,805.995,0.001,332.941,0.101,2.481e6,10,78.54,0.05,0.071,0.004
15.392,1892.485,1892.485,31.516,32.475,-11.422,11.435,200.81,0.106,200.81,89.97,7.833,0.529,28.61,-80.598,0.022,-2.633e-4,6.061,0.151,72.73,89.947,1169.027,343,0.162,0.001,9.786,96.827,70.447,2.638,0,0,2.007,0.461,0.263,0.077,0.121,0.461,0.004,0.007,-1.986e-4,0,0,0,0,0.004,1.979,90,2.699,805.834,0.001,332.934,0.099,2.437e6,10,78.54,0.05,0.072,0.004
15.442,1894.046,1894.046,30.946,31.916,-11.379,11.389,201.201,0.107,201.201,89.97,7.808,0.474,28.61,-80.598,0.047,-2.633e-4,-5.918,0.063,72.43,89.947,1169.027,343,0.162,0.001,9.786,96.806,70.447,2.636,0,0,1.94,0.461,0.263,0.077,0.121,0.461,0.009,0.028,2.141e-4,0,0,0,0,-0.004,1.963,90,2.689,805.676,0.001,332.928,0.097,2.396e6,10,78.54,0.05,0.072,0.004
15.492,1895.58,1895.58,30.378,31.36,-11.341,11.349,201.591,0.107,201.591,89.97,7.786,0.405,28.61,-80.598,0.141,-2.633e-4,-5.552,0.018,72.141,89.946,1169.027,343,0.162,0.001,9.786,96.732,70.447,2.629,0,0,1.873,0.461,0.263,0.077,0.121,0.461,0.027,0.076,7.781e-6,0,0,0,0,-0.004,1.919,90,2.679,805.521,0.001,332.922,0.096,2.354e6,10,78.54,0.05,0.072,0.004
15.542,1897.084,1897.084,29.813,30.807,-11.238,11.252,201.98,0.108,201.98,89.969,7.763,0.561,28.61,-80.598,0.12,-2.634e-4,5.408,-0.01,71.871,89.945,1169.027,343,0.162,0.001,9.786,96.748,70.447,2.63,0,0,1.814,0.461,0.263,0.077,0.121,0.461,0.023,0.058,3.021e-4,0,0,0,0,0.004,2.068,90,2.669,805.369,0.001,332.916,0.094,2.317e6,10,78.54,0.05,0.072,0.004
15.592,1898.561,1898.561,29.254,30.258,-11.157,11.176,202.367,0.108,202.367,89.969,7.732,0.644,28.61,-80.598,0.276,-2.634e-4,6.109,-0.017,71.586,89.944,1169.027,343,0.162,0.001,9.786,96.627,70.447,2.618,0,0,1.756,0.461,0.263,0.077,0.121,0.461,0.054,0.136,-3.679e-4,0,0,0,0,0.005,2.164,90,2.659,805.219,0.001,332.91,0.093,2.279e6,10,78.54,0.05,0.072,0.004
15.642,1900.01,1900.01,28.697,29.712,-11.127,11.141,202.753,0.108,202.753,89.969,7.701,0.563,28.61,-80.598,0.163,-2.633e-4,6.859,-0.028,71.26,89.944,1169.027,343,0.162,0.001,9.786,96.713,70.447,2.627,0,0,1.693,0.461,0.263,0.077,0.121,0.461,0.032,0.077,-2.64e-4,0,0,0,0,0.007,2.125,90,2.65,805.073,0.001,332.905,0.091,2.238e6,10,78.54,0.05,0.072,0.004
15.692,1901.431,1901.431,28.142,29.169,-11.046,11.065,203.137,0.109,203.137,89.969,7.671,0.654,28.61,-80.598,0.341,-2.632e-4,7.571,-0.019,70.901,89.943,1169.027,343,0.162,0.001,9.786,96.575,70.447,2.613,0,0,1.639,0.461,0.263,0.077,0.121,0.461,0.067,0.166,-3.562e-4,0,0,0,0,0.008,2.261,90,2.641,804.929,0.001,332.899,0.09,2.202e6,10,78.54,0.05,0.072,0.004
15.742,1902.824,1902.824,27.591,28.629,-11.01,11.026,203.52,0.109,203.52,89.969,7.639,0.605,28.61,-80.598,0.277,-2.632e-4,8.547,-0.019,70.497,89.944,1169.027,343,0.162,0.001,9.786,96.623,70.447,2.618,0,0,1.582,0.461,0.263,0.077,0.121,0.461,0.054,0.13,-7.087e-5,0,0,0,0,0.011,2.283,90,2.632,804.788,0.001,332.894,0.088,2.163e6,10,78.54,0.05,0.073,0.004
15.792,1904.19,1904.19,27.04,28.092,-11.023,11.031,203.901,0.11,203.901,89.969,7.614,0.41,28.61,-80.598,0.073,-2.632e-4,-8.83,-0.029,70.058,89.944,1169.027,343,0.162,0.001,9.786,96.781,70.447,2.633,0,0,1.52,0.461,0.263,0.077,0.121,0.461,0.014,0.049,2.376e-4,0,0,0,0,-0.012,2.158,90,2.623,804.65,0.001,332.888,0.086,2.121e6,10,78.54,0.05,0.073,0.004
15.842,1905.528,1905.528,26.49,27.557,-10.96,10.97,204.281,0.11,204.281,89.969,7.593,0.454,28.61,-80.598,0.026,-2.632e-4,8.606,-0.02,69.624,89.945,1169.027,343,0.162,0.001,9.786,96.817,70.447,2.637,0,0,1.469,0.461,0.263,0.077,0.121,0.461,0.005,0.002,4.553e-4,0,0,0,0,0.012,2.26,90,2.614,804.514,0.001,332.883,0.085,2.084e6,10,78.54,0.05,0.073,0.004
15.892,1906.839,1906.839,25.943,27.025,-10.953,10.958,204.661,0.111,204.661,89.969,7.573,0.336,28.61,-80.598,0.202,-2.633e-4,-8.362,0.011,69.197,89.946,1169.027,343,0.162,0.001,9.786,96.679,70.447,2.623,0,0,1.412,0.461,0.263,0.077,0.121,0.461,0.039,0.115,1.302e-4,0,0,0,0,-0.012,2.179,90,2.606,804.381,0.001,332.878,0.083,2.044e6,10,78.54,0.05,0.073,0.003
15.942,1908.122,1908.122,25.395,26.496,-10.964,10.965,205.039,0.111,205.039,89.969,7.56,0.175,28.61,-80.598,0.537,-2.633e-4,-7.306,0.01,68.802,89.947,1169.027,343,0.162,0.001,9.786,96.422,70.447,2.597,0,0,1.355,0.461,0.263,0.077,0.121,0.461,0.105,0.283,1.068e-5,0,0,0,0,-0.009,2.016,90,2.597,804.252,0.001,332.873,0.082,2.001e6,10,78.54,0.05,0.073,0.003
15.992,1909.378,1909.378,24.847,25.97,-10.925,10.926,205.417,0.112,205.417,89.969,7.552,0.153,28.61,-80.598,0.586,-2.634e-4,-5.759,0.012,68.475,89.947,1169.027,343,0.162,0.001,9.786,96.384,70.447,2.594,0,0,1.302,0.461,0.263,0.077,0.121,0.461,0.115,0.305,-1.868e-4,0,0,0,0,-0.006,1.956,90,2.589,804.124,0.001,332.868,0.08,1.961e6,10,78.54,0.05,0.073,0.003
16.042,1910.607,1910.607,24.304,25.447,-10.813,10.818,205.794,0.112,205.794,89.969,7.541,0.331,28.61,-80.598,0.167,-2.633e-4,-4.726,0.029,68.217,89.947,1169.027,343,0.162,0.001,9.786,96.705,70.447,2.626,0,0,1.256,0.461,0.263,0.077,0.121,0.461,0.032,0.09,-4.165e-4,0,0,0,0,-0.004,2.09,90,2.581,804,0.001,332.863,0.079,1.927e6,10,78.54,0.05,0.073,0.003
16.092,1911.809,1911.809,23.764,24.927,-10.772,10.777,206.171,0.113,206.171,89.969,7.524,0.314,28.61,-80.598,0.185,-2.633e-4,-4.356,0.029,67.99,89.946,1169.027,343,0.162,0.001,9.786,96.69,70.447,2.624,0,0,1.204,0.46,0.263,0.077,0.121,0.461,0.036,0.098,2.638e-4,0,0,0,0,-0.004,1.993,90,2.573,803.878,0.001,332.858,0.077,1.887e6,10,78.54,0.05,0.074,0.003
16.142,1912.984,1912.984,23.229,24.411,-10.646,10.659,206.546,0.113,206.546,89.969,7.503,0.533,28.61,-80.598,0.394,-2.633e-4,4.484,-0.003,67.775,89.945,1169.027,343,0.162,0.001,9.786,96.529,70.447,2.608,0,0,1.163,0.46,0.263,0.077,0.121,0.461,0.077,0.197,3.301e-4,0,0,0,0,0.004,2.175,90,2.566,803.76,0.001,332.854,0.076,1.855e6,10,78.54,0.05,0.074,0.003
16.192,1914.132,1914.132,22.698,23.897,-10.608,10.621,206.921,0.114,206.921,89.969,7.476,0.512,28.61,-80.598,0.387,-2.631e-4,5.428,-0.004,67.526,89.944,1169.027,343,0.162,0.001,9.786,96.534,70.447,2.609,0,0,1.114,0.46,0.263,0.077,0.121,0.461,0.076,0.191,-3.881e-4,0,0,0,0,0.006,2.093,90,2.558,803.643,0.001,332.849,0.074,1.815e6,10,78.54,0.05,0.074,0.003
16.242,1915.253,1915.253,22.168,23.387,-10.574,10.585,207.294,0.114,207.294,89.968,7.452,0.486,28.61,-80.598,0.366,-2.63e-4,6.184,-0.005,67.236,89.944,1169.027,343,0.162,0.001,9.786,96.549,70.447,2.61,0,0,1.067,0.46,0.263,0.077,0.121,0.461,0.071,0.178,-3.414e-4,0,0,0,0,0.008,2.017,90,2.551,803.53,0.001,332.845,0.072,1.776e6,10,78.54,0.05,0.074,0.003
16.292,1916.349,1916.349,21.641,22.88,-10.504,10.519,207.666,0.115,207.666,89.968,7.426,0.561,28.61,-80.598,0.622,-2.63e-4,7.123,-0.011,66.905,89.943,1169.027,343,0.162,0.001,9.786,96.354,70.447,2.591,0,0,1.027,0.46,0.263,0.077,0.121,0.461,0.122,0.305,2.648e-4,0,0,0,0,0.012,2.081,90,2.544,803.419,0.001,332.84,0.071,1.742e6,10,78.54,0.05,0.074,0.003
16.342,1917.418,1917.418,21.117,22.375,-10.479,10.492,208.037,0.115,208.037,89.968,7.398,0.518,28.61,-80.598,0.552,-2.631e-4,8.266,-0.014,66.52,89.942,1169.027,343,0.162,0.001,9.786,96.406,70.447,2.596,0,0,0.982,0.46,0.263,0.077,0.121,0.461,0.108,0.265,1.921e-5,0,0,0,0,0.016,2.018,90,2.537,803.311,0.001,332.836,0.069,1.703e6,10,78.54,0.05,0.074,0.003
16.392,1918.46,1918.46,20.594,21.874,-10.43,10.444,208.406,0.115,208.406,89.968,7.372,0.541,28.61,-80.598,0.671,-2.63e-4,9.316,-0.016,66.081,89.941,1169.027,343,0.162,0.001,9.786,96.316,70.447,2.587,0,0,0.942,0.46,0.263,0.077,0.121,0.461,0.132,0.32,-1.149e-5,0,0,0,0,0.022,2.052,90,2.53,803.205,0.001,332.832,0.068,1.668e6,10,78.54,0.05,0.075,0.003
16.442,1919.477,1919.477,20.074,21.375,-10.377,10.393,208.774,0.116,208.774,89.968,7.344,0.578,28.61,-80.598,0.844,-2.631e-4,10.591,-0.018,65.584,89.94,1169.027,343,0.162,0.001,9.786,96.185,70.447,2.574,0,0,0.906,0.46,0.263,0.077,0.121,0.461,0.167,0.4,-9.833e-5,0,0,0,0,0.029,2.128,90,2.523,803.102,0.001,332.828,0.067,1.635e6,10,78.54,0.05,0.075,0.003
16.492,1920.468,1920.468,19.556,20.879,-10.336,10.353,209.14,0.116,209.14,89.968,7.315,0.584,28.61,-80.598,0.926,-2.631e-4,12.017,-0.02,65.019,89.94,1169.027,343,0.162,0.001,9.786,96.124,70.447,2.568,0,0,0.869,0.46,0.263,0.077,0.121,0.461,0.183,0.432,4.461e-4,0,0,0,0,0.039,2.184,90,2.517,803.002,0.001,332.824,0.065,1.601e6,10,78.54,0.05,0.075,0.003
16.542,1921.433,1921.433,19.04,20.386,-10.304,10.32,209.505,0.117,209.505,89.968,7.286,0.572,28.61,-80.598,0.949,-2.629e-4,13.429,-0.021,64.383,89.94,1169.027,343,0.162,0.001,9.786,96.106,70.447,2.566,0,0,0.833,0.46,0.263,0.077,0.121,0.461,0.188,0.432,-4.602e-4,0,0,0,0,0.051,2.234,90,2.511,802.904,0.001,332.82,0.064,1.568e6,10,78.54,0.05,0.075,0.003
16.592,1922.372,1922.372,18.524,19.896,-10.343,10.351,209.869,0.117,209.869,89.968,7.261,0.401,28.61,-80.598,0.387,-2.63e-4,14.369,-0.028,63.684,89.94,1169.027,343,0.162,0.001,9.786,96.53,70.447,2.608,0,0,0.789,0.46,0.263,0.077,0.121,0.46,0.076,0.136,-3.067e-4,0,0,0,0,0.062,2.057,90,2.505,802.809,0.001,332.817,0.062,1.527e6,10,78.54,0.05,0.075,0.003
16.642,1923.285,1923.285,18.007,19.409,-10.34,10.345,210.231,0.118,210.231,89.968,7.243,0.334,28.61,-80.598,0.164,-2.63e-4,14.554,-0.041,62.959,89.94,1169.027,343,0.162,0.001,9.786,96.701,70.447,2.625,0,0,0.752,0.46,0.263,0.077,0.12,0.46,0.032,0.018,-1.769e-4,0,0,0,0,0.066,2.013,90,2.499,802.717,0.001,332.813,0.061,1.491e6,10,78.54,0.05,0.075,0.003
16.692,1924.172,1924.172,17.49,18.925,-10.312,10.318,210.593,0.118,210.593,89.968,7.227,0.323,28.61,-80.598,0.152,-2.63e-4,14.577,-0.03,62.231,89.941,1169.027,343,0.162,0.001,9.786,96.71,70.447,2.626,0,0,0.718,0.46,0.263,0.077,0.12,0.46,0.03,0.008,1.315e-4,0,0,0,0,0.069,2.042,90,2.493,802.627,0.001,332.81,0.059,1.458e6,10,78.54,0.05,0.075,0.002
16.742,1925.034,1925.034,16.975,18.443,-10.308,10.312,210.954,0.119,210.954,89.968,7.212,0.267,28.61,-80.598,0.064,-2.63e-4,-14.465,0.015,61.503,89.941,1169.027,343,0.162,0.001,9.786,96.778,70.447,2.633,0,0,0.683,0.46,0.263,0.077,0.12,0.46,0.012,0.105,-8.481e-5,0,0,0,0,-0.072,1.979,90,2.487,802.54,0.001,332.806,0.058,1.421e6,10,78.54,0.05,0.076,0.002
16.792,1925.87,1925.87,16.46,17.965,-10.295,10.297,211.314,0.119,211.314,89.968,7.2,0.232,28.61,-80.598,0.2,-2.63e-4,-14.098,0.029,60.789,89.941,1169.027,343,0.162,0.001,9.786,96.672,70.447,2.622,0,0,0.649,0.46,0.263,0.077,0.12,0.46,0.039,0.174,4.164e-4,0,0,0,0,-0.072,1.928,90,2.482,802.455,0.001,332.803,0.057,1.386e6,10,78.54,0.05,0.076,0.002
16.842,1926.68,1926.68,15.946,17.491,-10.258,10.261,211.674,0.12,211.674,89.968,7.188,0.245,28.61,-80.598,0.107,-2.63e-4,-13.715,0.068,60.094,89.941,1169.027,343,0.162,0.001,9.786,96.744,70.447,2.63,0,0,0.619,0.46,0.263,0.077,0.12,0.46,0.021,0.126,7.937e-5,0,0,0,0,-0.071,1.944,90,2.477,802.373,0.001,332.8,0.055,1.353e6,10,78.54,0.05,0.076,0.002
16.892,1927.464,1927.464,15.435,17.02,-10.18,10.185,212.033,0.12,212.033,89.968,7.173,0.337,28.61,-80.598,0.411,-2.63e-4,13.697,0.005,59.411,89.941,1169.027,343,0.162,0.001,9.786,96.509,70.447,2.606,0,0,0.594,0.46,0.263,0.077,0.12,0.46,0.08,0.135,-1.745e-4,0,0,0,0,0.074,2.101,90,2.471,802.294,0.001,332.797,0.054,1.326e6,10,78.54,0.05,0.076,0.002
16.942,1928.223,1928.223,14.927,16.554,-10.125,10.132,212.391,0.121,212.391,89.967,7.155,0.383,28.61,-80.598,0.724,-2.63e-4,14.184,2.792e-4,58.715,89.942,1169.027,343,0.162,0.001,9.786,96.271,70.447,2.582,0,0,0.569,0.46,0.263,0.077,0.12,0.461,0.143,0.285,2.114e-4,0,0,0,0,0.083,2.175,90,2.467,802.217,0.001,332.794,0.053,1.296e6,10,78.54,0.05,0.076,0.002
16.992,1928.957,1928.957,14.422,16.091,-10.099,10.106,212.749,0.121,212.749,89.967,7.136,0.373,28.61,-80.598,0.756,-2.631e-4,14.809,0.004,57.99,89.942,1169.027,343,0.162,0.001,9.786,96.246,70.447,2.58,0,0,0.54,0.46,0.263,0.077,0.12,0.461,0.149,0.289,-4.187e-4,0,0,0,0,0.096,2.146,90,2.462,802.143,0.001,332.791,0.052,1.262e6,10,78.54,0.05,0.076,0.002
17.042,1929.666,1929.666,13.918,15.632,-10.054,10.062,213.105,0.122,213.105,89.967,7.117,0.401,28.61,-80.598,1.007,-2.631e-4,15.491,0.003,57.234,89.942,1169.027,343,0.162,0.001,9.786,96.059,70.447,2.561,0,0,0.515,0.46,0.263,0.077,0.12,0.461,0.2,0.402,-4.209e-4,0,0,0,0,0.11,2.191,90,2.457,802.071,0.001,332.788,0.05,1.232e6,10,78.54,0.05,0.076,0.002
17.092,1930.349,1930.349,13.416,15.177,-10.031,10.039,213.46,0.122,213.46,89.967,7.097,0.389,28.61,-80.598,1.043,-2.631e-4,16.279,0.007,56.439,89.942,1169.027,343,0.162,0.001,9.786,96.032,70.447,2.558,0,0,0.488,0.46,0.263,0.077,0.12,0.461,0.207,0.402,-3.682e-4,0,0,0,0,0.128,2.159,90,2.453,802.002,0.001,332.785,0.049,1.2e6,10,78.54,0.05,0.077,0.002
17.142,1931.007,1931.007,12.915,14.727,-9.993,10.002,213.815,0.123,213.815,89.967,7.077,0.404,28.61,-80.598,1.255,-2.63e-4,17.078,0.006,55.606,89.942,1169.027,343,0.162,0.001,9.786,95.875,70.447,2.543,0,0,0.465,0.46,0.263,0.077,0.12,0.462,0.251,0.489,2.689e-4,0,0,0,0,0.148,2.186,90,2.448,801.935,0.001,332.783,0.048,1.17e6,10,78.54,0.05,0.077,0.002
17.192,1931.641,1931.641,12.416,14.282,-9.972,9.979,214.168,0.123,214.168,89.967,7.057,0.392,28.61,-80.598,1.305,-2.631e-4,17.935,0.009,54.73,89.942,1169.027,343,0.162,0.001,9.786,95.838,70.447,2.539,0,0,0.44,0.46,0.263,0.077,0.12,0.462,0.261,0.49,3.889e-4,0,0,0,0,0.172,2.155,90,2.444,801.871,0.001,332.78,0.046,1.138e6,10,78.54,0.05,0.077,0.002
17.242,1932.249,1932.249,11.918,13.841,-9.955,9.962,214.521,0.124,214.521,89.967,7.038,0.374,28.61,-80.598,1.31,-2.631e-4,18.716,0.013,53.814,89.942,1169.027,343,0.162,0.001,9.786,95.835,70.447,2.539,0,0,0.415,0.46,0.263,0.077,0.12,0.462,0.262,0.466,-1.603e-4,0,0,0,0,0.199,2.105,90,2.44,801.81,0.001,332.778,0.045,1.105e6,10,78.54,0.05,0.077,0.002
17.292,1932.832,1932.832,11.42,13.406,-9.944,9.95,214.872,0.124,214.872,89.967,7.02,0.347,28.61,-80.598,1.253,-2.631e-4,19.392,0.019,52.86,89.942,1169.027,343,0.162,0.001,9.786,95.876,70.447,2.543,0,0,0.39,0.46,0.263,0.077,0.12,0.462,0.25,0.409,-7.773e-5,0,0,0,0,0.227,2.029,90,2.437,801.751,0.001,332.775,0.044,1.072e6,10,78.54,0.05,0.077,0.002
17.342,1933.391,1933.391,10.924,12.976,-9.917,9.923,215.223,0.125,215.223,89.967,7.003,0.347,28.61,-80.598,1.403,-2.631e-4,20.009,0.019,51.876,89.942,1169.027,343,0.162,0.001,9.786,95.766,70.447,2.532,0,0,0.369,0.46,0.263,0.077,0.12,0.463,0.281,0.456,-3.163e-4,0,0,0,0,0.256,2.011,90,2.433,801.694,0.001,332.773,0.043,1.042e6,10,78.54,0.05,0.077,0.002
17.392,1933.925,1933.925,10.429,12.552,-9.875,9.882,215.572,0.125,215.572,89.967,6.985,0.369,28.61,-80.598,1.753,-2.631e-4,20.726,0.014,50.858,89.942,1169.027,343,0.162,0.001,9.786,95.514,70.447,2.507,0,0,0.351,0.46,0.263,0.077,0.12,0.464,0.354,0.6,1.117e-4,0,0,0,0,0.289,2.047,90,2.429,801.64,0.001,332.771,0.041,1.015e6,10,78.54,0.05,0.078,0.002
17.442,1934.434,1934.434,9.936,12.135,-9.844,9.851,215.921,0.125,215.921,89.967,6.966,0.377,28.61,-80.598,2.011,-2.631e-4,21.567,0.011,49.801,89.941,1169.027,343,0.162,0.001,9.786,95.331,70.447,2.488,0,0,0.334,0.461,0.264,0.077,0.12,0.466,0.409,0.687,-4.06e-4,0,0,0,0,0.331,2.046,90,2.426,801.588,0.001,332.769,0.04,9.869e5,10,78.54,0.05,0.078,0.002
17.492,1934.918,1934.918,9.444,11.725,-9.83,9.837,216.269,0.126,216.269,89.967,6.948,0.36,28.61,-80.598,2.062,-2.631e-4,22.4,0.014,48.701,89.941,1169.027,343,0.162,0.001,9.786,95.295,70.447,2.485,0,0,0.314,0.463,0.266,0.077,0.12,0.468,0.42,0.662,2.558e-4,0,0,0,0,0.381,1.971,90,2.423,801.539,0.001,332.767,0.039,9.556e5,10,78.54,0.05,0.078,0.002
17.542,1935.378,1935.378,8.953,11.322,-9.802,9.809,216.616,0.126,216.616,89.967,6.93,0.363,28.61,-80.598,2.319,-2.631e-4,23.197,0.013,47.562,89.941,1169.027,343,0.162,0.001,9.786,95.116,70.447,2.467,0,0,0.298,0.464,0.267,0.077,0.12,0.471,0.475,0.738,3.938e-5,0,0,0,0,0.434,1.948,90,2.42,801.493,0.001,332.765,0.038,9.275e5,10,78.54,0.05,0.078,0.002
17.592,1935.814,1935.814,8.465,10.927,-9.746,9.754,216.962,0.127,216.962,89.966,6.911,0.401,28.61,-80.598,2.96,-2.632e-4,24.133,0.005,46.379,89.941,1169.027,343,0.162,0.001,9.786,94.679,70.447,2.423,0,0,0.288,0.466,0.268,0.077,0.12,0.477,0.616,1.001,-3.624e-4,0,0,0,0,0.492,2.034,90,2.417,801.449,0.001,332.764,0.037,9.059e5,10,78.54,0.05,0.078,0.001
17.642,1936.225,1936.225,7.979,10.542,-9.69,9.7,217.307,0.127,217.307,89.966,6.89,0.437,28.61,-80.598,3.622,-2.631e-4,25.31,-1.746e-4,45.144,89.94,1169.027,343,0.162,0.001,9.786,94.242,70.447,2.38,0,0,0.278,0.467,0.27,0.077,0.12,0.483,0.766,1.255,-3.537e-4,0,0,0,0,0.566,2.121,90,2.415,801.407,0.001,332.762,0.036,8.854e5,10,78.54,0.05,0.078,0.001
17.692,1936.612,1936.612,7.495,10.166,-9.657,9.667,217.651,0.128,217.651,89.966,6.868,0.441,28.61,-80.598,4.011,-2.631e-4,26.61,-0.001,43.846,89.94,1169.027,343,0.162,0.001,9.786,93.993,70.447,2.355,0,0,0.266,0.468,0.271,0.077,0.12,0.488,0.855,1.352,-4.524e-4,0,0,0,0,0.663,2.117,90,2.412,801.368,0.001,332.761,0.035,8.606e5,10,78.54,0.05,0.078,0.001
17.742,1936.974,1936.974,7.012,9.8,-9.655,9.663,217.994,0.128,217.994,89.966,6.847,0.41,28.61,-80.598,4.049,-2.631e-4,27.828,0.003,42.485,89.94,1169.027,343,0.162,0.001,9.786,93.969,70.447,2.352,0,0,0.248,0.47,0.273,0.077,0.12,0.49,0.864,1.254,3.878e-4,0,0,0,0,0.78,1.99,90,2.41,801.331,0.001,332.759,0.034,8.297e5,10,78.54,0.05,0.079,0.001
17.792,1937.313,1937.313,6.53,9.447,-9.616,9.625,218.336,0.129,218.336,89.966,6.826,0.42,28.61,-80.598,4.568,-2.631e-4,28.966,4.255e-4,41.065,89.939,1169.027,343,0.162,0.001,9.786,93.644,70.447,2.32,0,0,0.238,0.472,0.275,0.077,0.12,0.497,0.987,1.398,2.636e-4,0,0,0,0,0.892,2.001,90,2.407,801.297,0.001,332.758,0.033,8.076e5,10,78.54,0.05,0.079,0.001
17.842,1937.627,1937.627,6.051,9.106,-9.565,9.575,218.676,0.129,218.676,89.966,6.804,0.441,28.61,-80.598,5.256,-2.631e-4,30.21,-0.003,39.586,89.939,1169.027,343,0.162,0.001,9.786,93.227,70.447,2.278,0,0,0.231,0.473,0.276,0.077,0.12,0.505,1.153,1.612,-2.079e-5,0,0,0,0,1.015,2.056,90,2.405,801.265,0.001,332.757,0.032,7.892e5,10,78.54,0.05,0.079,0.001
17.892,1937.918,1937.918,5.573,8.779,-9.549,9.559,219.016,0.13,219.016,89.966,6.783,0.424,28.61,-80.598,5.544,-2.632e-4,31.473,-4.381e-4,38.044,89.939,1169.027,343,0.162,0.001,9.786,93.056,70.447,2.261,0,0,0.219,0.475,0.278,0.077,0.12,0.511,1.224,1.589,4.878e-4,0,0,0,0,1.179,1.966,90,2.404,801.236,0.001,332.755,0.031,7.629e5,10,78.54,0.05,0.079,0.001
17.942,1938.185,1938.185,5.097,8.467,-9.506,9.516,219.355,0.13,219.355,89.966,6.761,0.433,28.61,-80.598,6.19,-2.632e-4,32.691,-0.002,36.44,89.938,1169.027,343,0.162,0.001,9.786,92.683,70.447,2.224,0,0,0.211,0.476,0.279,0.077,0.12,0.519,1.387,1.746,-1.883e-5,0,0,0,0,1.337,1.978,90,2.402,801.209,0.001,332.754,0.03,7.441e5,10,78.54,0.05,0.079,0.001
17.992,1938.428,1938.428,4.622,8.172,-9.475,9.485,219.692,0.131,219.692,89.966,6.74,0.428,28.61,-80.598,6.713,-2.632e-4,33.938,-0.001,34.774,89.938,1169.027,343,0.162,0.001,9.786,92.389,70.447,2.194,0,0,0.203,0.478,0.281,0.077,0.12,0.527,1.521,1.809,-2.598e-4,0,0,0,0,1.528,1.931,90,2.4,801.184,0.001,332.753,0.03,7.227e5,10,78.54,0.05,0.079,0.001
18.042,1938.647,1938.647,4.149,7.896,-9.457,9.466,220.029,0.131,220.029,89.966,6.719,0.411,28.61,-80.598,7.138,-2.632e-4,35.12,0.001,33.047,89.938,1169.027,343,0.162,0.001,9.786,92.156,70.447,2.171,0,0,0.192,0.48,0.283,0.077,0.12,0.535,1.632,1.791,1.097e-4,0,0,0,0,1.752,1.822,90,2.399,801.162,0.001,332.753,0.029,6.983e5,10,78.54,0.05,0.079,0.001
18.092,1938.843,1938.843,3.677,7.641,-9.424,9.432,220.364,0.132,220.364,89.966,6.698,0.406,28.61,-80.598,7.768,-2.632e-4,36.241,0.003,31.263,89.937,1169.027,343,0.162,0.001,9.786,91.819,70.447,2.137,0,0,0.184,0.482,0.285,0.077,0.12,0.545,1.8,1.869,2.105e-4,0,0,0,0,1.978,1.76,90,2.398,801.142,0.001,332.752,0.028,6.783e5,10,78.54,0.05,0.08,0.001
18.142,1939.015,1939.015,3.206,7.408,-9.405,9.413,220.698,0.132,220.698,89.966,6.678,0.387,28.61,-80.598,8.292,-2.632e-4,37.315,0.006,29.424,89.937,1169.027,343,0.162,0.001,9.786,91.547,70.447,2.11,0,0,0.174,0.484,0.287,0.077,0.12,0.554,1.943,1.843,2.531e-4,0,0,0,0,2.255,1.617,90,2.396,801.125,0.001,332.751,0.027,6.54e5,10,78.54,0.05,0.08,0.001
18.192,1939.163,1939.163,2.737,7.2,-9.356,9.364,221.032,0.133,221.032,89.966,6.659,0.389,28.61,-80.598,9.17,-2.632e-4,38.355,0.006,27.532,89.937,1169.027,343,0.162,0.001,9.786,91.106,70.447,2.066,0,0,0.17,0.485,0.288,0.077,0.12,0.567,2.187,2.022,-4.35e-4,0,0,0,0,2.496,1.587,90,2.395,801.11,0.001,332.751,0.026,6.39e5,10,78.54,0.05,0.08,0.001
18.242,1939.288,1939.288,2.271,7.017,-9.276,9.285,221.364,0.133,221.364,89.966,6.639,0.408,28.61,-80.598,10.318,-2.632e-4,39.507,0.001,25.586,89.937,1169.027,343,0.162,0.001,9.786,90.558,70.447,2.011,0,0,0.172,0.486,0.289,0.077,0.12,0.582,2.518,2.376,-3.041e-4,0,0,0,0,2.688,1.681,90,2.395,801.097,0.001,332.75,0.026,6.343e5,10,78.54,0.05,0.08,0.001
18.292,1939.39,1939.39,1.81,6.861,-9.164,9.175,221.696,0.134,221.696,89.965,6.618,0.44,28.61,-80.598,11.579,-2.632e-4,40.879,-0.006,23.578,89.936,1169.027,343,0.162,0.001,9.786,89.989,70.447,1.954,0,0,0.18,0.485,0.288,0.077,0.12,0.596,2.895,2.834,2.128e-4,0,0,0,0,2.823,1.899,90,2.394,801.087,0.001,332.75,0.026,6.403e5,10,78.54,0.05,0.08,9.925e-4
18.342,1939.47,1939.47,1.354,6.733,-9.096,9.107,222.026,0.134,222.026,89.965,6.596,0.437,28.61,-80.598,12.467,-2.632e-4,42.425,-0.007,21.495,89.936,1169.027,343,0.162,0.001,9.786,89.609,70.447,1.916,0,0,0.179,0.486,0.289,0.077,0.12,0.606,3.17,2.976,5.013e-5,0,0,0,0,3.098,1.924,90,2.393,801.079,0.001,332.749,0.026,6.344e5,10,78.54,0.05,0.08,9.773e-4
18.392,1939.526,1939.526,0.9,6.636,-9.035,9.045,222.355,0.134,222.355,89.965,6.574,0.426,28.61,-80.598,13.283,-2.632e-4,43.986,-0.007,19.335,89.936,1169.027,343,0.162,0.001,9.786,89.274,70.447,1.883,0,0,0.178,0.486,0.289,0.077,0.12,0.614,3.428,3.055,-4.732e-4,0,0,0,0,3.398,1.919,90,2.393,801.073,0.001,332.749,0.026,6.281e5,10,78.54,0.05,0.08,9.657e-4
18.442,1939.56,1939.56,0.451,6.569,-8.938,8.949,222.683,0.135,222.684,89.965,6.553,0.426,28.61,-80.598,14.101,-2.633e-4,45.615,-0.01,17.096,89.935,1169.027,343,0.162,0.001,9.786,88.95,70.447,1.85,0,0,0.184,0.486,0.289,0.077,0.12,0.62,3.692,3.256,3.933e-4,0,0,0,0,3.576,2.068,90,2.393,801.07,0.001,332.749,0.026,6.348e5,10,78.54,0.05,0.081,9.574e-4
18.492,1939.571,1939.571,0.005,6.533,-8.902,8.911,223.011,0.135,223.011,89.965,6.533,0.392,28.61,-80.598,14.738,-2.633e-4,47.277,-0.008,14.773,89.935,1169.027,343,0.162,0.001,9.786,88.707,70.447,1.826,0,0,0.179,0.487,0.29,0.077,0.12,0.626,3.903,3.148,-4.764e-4,0,0,0,0,3.978,1.952,90,2.393,801.068,0.001,332.749,0.025,6.239e5,10,78.54,0.05,0.081,9.527e-4
18.542,1939.56,1939.56,-0.438,6.528,-8.835,8.842,223.337,0.136,223.337,89.965,6.514,0.367,28.61,-80.598,15.323,-2.633e-4,48.869,-0.008,12.369,89.935,1169.027,343,0.162,0.001,9.786,88.49,70.447,1.804,0,0,0.181,0.486,0.29,0.077,0.12,0.628,4.099,3.167,1.134e-4,0,0,0,0,4.228,1.981,90,2.393,801.07,0.001,332.749,0.026,6.255e5,10,78.54,0.05,0.081,9.517e-4
18.592,1939.527,1939.527,-0.879,6.555,-8.786,8.792,223.662,0.136,223.662,89.965,6.496,0.331,28.61,-80.598,15.843,-2.633e-4,50.456,-0.007,9.886,89.935,1169.027,343,0.162,0.001,9.786,88.302,70.447,1.785,0,0,0.18,0.487,0.29,0.077,0.12,0.631,4.275,3.086,4.993e-4,0,0,0,0,4.548,1.926,90,2.393,801.073,0.001,332.749,0.025,6.227e5,10,78.54,0.05,0.082,9.542e-4
18.642,1939.472,1939.472,-1.316,6.613,-8.719,8.724,223.986,0.137,223.986,89.965,6.481,0.296,28.61,-80.598,16.149,-2.633e-4,52.021,-0.009,7.324,89.934,1169.027,343,0.162,0.001,9.786,88.193,70.447,1.775,0,0,0.185,0.486,0.289,0.077,0.12,0.631,4.381,3.066,-3.864e-5,0,0,0,0,4.708,1.999,90,2.393,801.078,0.001,332.749,0.026,6.31e5,10,78.54,0.05,0.082,9.602e-4
18.692,1939.396,1939.396,-1.751,6.7,-8.662,8.665,224.31,0.137,224.31,89.965,6.467,0.255,28.61,-80.598,16.279,-2.633e-4,53.611,-0.01,4.683,89.934,1169.027,343,0.162,0.001,9.786,88.148,70.447,1.77,0,0,0.19,0.485,0.288,0.077,0.12,0.63,4.425,2.981,1.228e-4,0,0,0,0,4.852,2.067,90,2.394,801.086,0.001,332.75,0.026,6.406e5,10,78.54,0.05,0.082,9.695e-4
18.742,1939.297,1939.297,-2.183,6.814,-8.611,8.613,224.633,0.138,224.633,89.965,6.455,0.21,28.61,-80.598,16.141,-2.632e-4,55.203,-0.013,1.963,89.934,1169.027,343,0.162,0.001,9.786,88.196,70.447,1.775,0,0,0.198,0.484,0.287,0.077,0.12,0.628,4.378,2.854,-1.901e-4,0,0,0,0,4.916,2.185,90,2.395,801.096,0.001,332.75,0.027,6.553e5,10,78.54,0.05,0.082,9.822e-4
18.792,1939.177,1939.177,-2.612,6.955,-8.583,8.585,224.956,0.138,224.956,89.965,6.446,0.157,28.61,-80.598,15.93,-2.632e-4,56.765,-0.014,-0.836,89.934,1169.027,343,0.162,0.001,9.786,88.271,70.447,1.782,0,0,0.204,0.483,0.286,0.077,0.12,0.626,4.305,2.64,4.856e-4,0,0,0,0,5.033,2.225,90,2.395,801.108,0.001,332.75,0.027,6.66e5,10,78.54,0.05,0.082,9.98e-4
18.842,1939.036,1939.036,-3.041,7.122,-8.576,8.576,225.278,0.139,225.278,89.965,6.439,0.098,28.61,-80.598,15.786,-2.632e-4,58.221,-0.012,-3.712,89.934,1169.027,343,0.162,0.001,9.786,88.322,70.447,1.787,0,0,0.206,0.482,0.285,0.077,0.12,0.625,4.256,2.378,-3.801e-4,0,0,0,0,5.23,2.15,90,2.396,801.123,0.001,332.751,0.027,6.701e5,10,78.54,0.05,0.083,0.001
18.892,1938.873,1938.873,-3.47,7.312,-8.574,8.574,225.6,0.139,225.6,89.965,6.436,0.045,28.61,-80.598,15.05,-2.632e-4,59.566,-0.015,-6.657,89.934,1169.027,343,0.162,0.001,9.786,88.591,70.447,1.814,0,0,0.217,0.481,0.284,0.077,0.12,0.62,4.007,2.106,-3.902e-4,0,0,0,0,5.163,2.281,90,2.397,801.139,0.001,332.752,0.028,6.9e5,10,78.54,0.05,0.083,0.001
18.942,1938.689,1938.689,-3.899,7.524,-8.59,8.59,225.921,0.14,225.921,89.965,6.435,0.014,28.61,-80.598,14.658,-2.632e-4,60.789,-0.012,-9.666,89.933,1169.027,343,0.162,0.001,9.786,88.737,70.447,1.829,0,0,0.22,0.48,0.283,0.077,0.12,0.617,3.876,1.807,1.137e-4,0,0,0,0,5.283,2.191,90,2.399,801.158,0.001,332.752,0.028,6.962e5,10,78.54,0.049,0.083,0.001
18.992,1938.486,1938.486,-4.324,7.754,-8.616,8.616,226.239,0.14,226.239,89.964,6.437,0.069,28.61,-80.598,14.192,-2.632e-4,61.831,-0.009,-12.693,89.933,1169.027,343,0.162,0.001,9.786,88.915,70.447,1.847,0,0,0.223,0.48,0.283,0.077,0.12,0.613,3.722,1.518,-8.842e-5,0,0,0,0,5.357,2.091,90,2.4,801.178,0.001,332.753,0.029,7.032e5,10,78.54,0.049,0.083,0.001
19.04,1938.266,1938.266,-4.743,7.999,-8.658,8.659,226.551,0.141,226.551,89.964,6.442,0.114,28.61,-80.598,13.319,-2.633e-4,62.696,-0.01,-15.714,89.933,1169.027,343,0.162,0.001,9.786,89.26,70.447,1.881,0,0,0.23,0.478,0.281,0.077,0.12,0.605,3.439,1.198,-3.446e-4,0,0,0,0,5.273,2.103,90,2.401,801.201,0.001,332.754,0.029,7.187e5,10,78.54,0.048,0.083,0.001
19.088,1938.029,1938.029,-5.158,8.257,-8.71,8.712,226.86,0.141,226.86,89.964,6.448,0.154,28.61,-80.598,12.452,-2.633e-4,63.375,-0.009,-18.731,89.933,1169.027,343,0.162,0.001,9.786,89.616,70.447,1.917,0,0,0.235,0.477,0.28,0.077,0.12,0.595,3.165,0.883,1.23e-4,0,0,0,0,5.184,2.074,90,2.403,801.225,0.001,332.755,0.03,7.327e5,10,78.54,0.047,0.083,0.001
19.135,1937.775,1937.775,-5.572,8.528,-8.762,8.764,227.165,0.142,227.165,89.964,6.456,0.19,28.61,-80.598,11.749,-2.633e-4,63.872,-0.005,-21.744,89.933,1169.027,343,0.162,0.001,9.786,89.916,70.447,1.947,0,0,0.238,0.476,0.279,0.077,0.12,0.587,2.947,0.611,-1.62e-4,0,0,0,0,5.126,1.964,90,2.404,801.25,0.001,332.756,0.03,7.426e5,10,78.54,0.047,0.083,0.001
19.182,1937.504,1937.504,-5.985,8.81,-8.849,8.851,227.469,0.142,227.469,89.964,6.466,0.203,28.61,-80.598,10.429,-2.633e-4,64.174,-0.007,-24.752,89.933,1169.027,343,0.162,0.001,9.786,90.507,70.447,2.006,0,0,0.245,0.475,0.278,0.077,0.12,0.57,2.55,0.228,1.7e-4,0,0,0,0,4.889,2.025,90,2.406,801.278,0.001,332.757,0.031,7.64e5,10,78.54,0.047,0.084,0.001
19.229,1937.215,1937.215,-6.401,9.105,-8.943,8.945,227.771,0.143,227.771,89.964,6.475,0.203,28.61,-80.598,9.12,-2.633e-4,64.191,-0.009,-27.753,89.933,1169.027,343,0.162,0.001,9.786,91.132,70.447,2.068,0,0,0.25,0.473,0.276,0.077,0.12,0.552,2.173,-0.144,2.778e-4,0,0,0,0,4.638,2.059,90,2.408,801.307,0.001,332.758,0.032,7.846e5,10,78.54,0.047,0.084,0.001
19.276,1936.906,1936.906,-6.821,9.411,-9.021,9.024,228.074,0.143,228.074,89.964,6.485,0.205,28.61,-80.598,8.122,-2.633e-4,63.967,-0.006,-30.749,89.933,1169.027,343,0.162,0.001,9.786,91.635,70.447,2.119,0,0,0.253,0.472,0.275,0.077,0.12,0.538,1.896,-0.419,-4.918e-4,0,0,0,0,4.437,1.977,90,2.41,801.338,0.001,332.759,0.033,7.994e5,10,78.54,0.047,0.084,0.001
19.323,1936.576,1936.576,-7.246,9.73,-9.112,9.114,228.378,0.143,228.378,89.964,6.494,0.187,28.61,-80.598,6.943,-2.633e-4,63.528,-0.004,-33.74,89.932,1169.027,343,0.162,0.001,9.786,92.263,70.447,2.182,0,0,0.257,0.471,0.274,0.077,0.12,0.523,1.581,-0.735,1.159e-4,0,0,0,0,4.184,1.935,90,2.412,801.372,0.001,332.761,0.033,8.176e5,10,78.54,0.047,0.084,0.001
19.37,1936.223,1936.223,-7.679,10.062,-9.238,9.239,228.685,0.144,228.685,89.964,6.502,0.13,28.61,-80.598,5.259,-2.633e-4,62.728,-0.012,-36.722,89.932,1169.027,343,0.162,0.001,9.786,93.225,70.447,2.278,0,0,0.263,0.469,0.272,0.077,0.12,0.501,1.154,-1.196,4.147e-4,0,0,0,0,3.824,2.032,90,2.415,801.407,0.001,332.762,0.034,8.445e5,10,78.54,0.048,0.084,0.001
19.418,1935.846,1935.846,-8.124,10.408,-9.354,9.355,228.996,0.144,228.996,89.964,6.506,0.06,28.61,-80.598,3.678,-2.633e-4,61.4,-0.021,-39.692,89.932,1169.027,343,0.162,0.001,9.786,94.206,70.447,2.376,0,0,0.27,0.468,0.271,0.077,0.12,0.485,0.778,-1.601,-2.735e-4,0,0,0,0,3.451,2.094,90,2.417,801.446,0.001,332.764,0.036,8.702e5,10,78.54,0.049,0.084,0.001
19.467,1935.437,1935.437,-8.583,10.771,-9.424,9.424,229.314,0.145,229.314,89.964,6.508,0.015,28.61,-80.598,2.693,-2.633e-4,59.747,-0.013,-42.653,89.932,1169.027,343,0.162,0.001,9.786,94.859,70.447,2.441,0,0,0.276,0.467,0.27,0.077,0.12,0.476,0.557,-1.782,-2.619e-4,0,0,0,0,3.141,1.972,90,2.42,801.487,0.001,332.765,0.036,8.875e5,10,78.54,0.05,0.085,0.001
19.517,1934.996,1934.996,-9.056,11.151,-9.513,9.513,229.64,0.145,229.64,89.964,6.507,0.068,28.61,-80.598,1.364,-2.633e-4,57.784,-0.019,-45.592,89.932,1169.027,343,0.162,0.001,9.786,95.793,70.447,2.535,0,0,0.286,0.465,0.268,0.077,0.12,0.468,0.273,-1.924,1.323e-4,0,0,0,0,2.616,1.95,90,2.423,801.531,0.001,332.767,0.037,9.116e5,10,78.54,0.05,0.085,0.001
19.567,1934.532,1934.532,-9.534,11.539,-9.604,9.606,229.965,0.146,229.965,89.964,6.5,0.18,28.61,-80.598,0.136,-2.634e-4,-56.907,-0.275,-48.453,89.931,1169.027,343,0.162,0.001,9.786,96.717,70.447,2.627,0,0,0.301,0.464,0.266,0.077,0.12,0.464,0.026,0.324,-3.958e-4,0,0,0,0,-0.255,1.989,90,2.426,801.579,0.001,332.769,0.038,9.392e5,10,78.54,0.05,0.085,0.002
19.617,1934.043,1934.043,-10.016,11.934,-9.674,9.678,230.29,0.146,230.29,89.964,6.489,0.291,28.61,-80.598,1.347,-2.634e-4,-55.196,-0.017,-51.269,89.931,1169.027,343,0.162,0.001,9.786,95.806,70.447,2.536,0,0,0.317,0.462,0.265,0.077,0.12,0.465,0.27,2.961,-3.729e-4,0,0,0,0,-2.278,1.938,90,2.429,801.628,0.001,332.771,0.039,9.63e5,10,78.54,0.05,0.085,0.002
19.667,1933.53,1933.53,-10.502,12.335,-9.774,9.786,230.614,0.147,230.614,89.964,6.47,0.479,28.61,-80.598,2.939,-2.637e-4,-51.228,-0.016,-53.932,89.931,1169.027,343,0.162,0.001,9.786,94.694,70.447,2.425,0,0,0.343,0.461,0.263,0.077,0.12,0.472,0.611,3.323,-4.194e-4,0,0,0,0,-1.84,2.037,90,2.432,801.68,0.001,332.773,0.041,9.944e5,10,78.54,0.047,0.085,0.002
19.714,1933.027,1933.027,-10.962,12.716,-9.829,9.849,230.916,0.147,230.916,89.963,6.444,0.624,28.61,-80.598,3.912,-2.637e-4,-47.06,-0.01,-56.238,89.93,1169.027,343,0.162,0.001,9.786,94.057,70.447,2.361,0,0,0.365,0.46,0.263,0.077,0.12,0.478,0.833,3.445,1.052e-4,0,0,0,0,-1.479,2.02,90,2.435,801.731,0.001,332.775,0.042,1.019e6,10,78.54,0.043,0.085,0.002
19.757,1932.546,1932.546,-11.386,13.068,-9.879,9.91,231.193,0.148,231.193,89.963,6.414,0.779,28.61,-80.598,4.786,-2.637e-4,-42.885,-0.008,-58.176,89.93,1169.027,343,0.162,0.001,9.786,93.512,70.447,2.306,0,0,0.39,0.46,0.263,0.077,0.12,0.487,1.039,3.568,-2.041e-4,0,0,0,0,-1.171,2.046,90,2.438,801.78,0.001,332.777,0.043,1.044e6,10,78.54,0.04,0.086,0.002
19.796,1932.087,1932.087,-11.779,13.395,-9.916,9.958,231.447,0.148,231.447,89.963,6.38,0.922,28.61,-80.598,5.466,-2.638e-4,-38.747,-0.007,-59.794,89.93,1169.027,343,0.162,0.001,9.786,93.105,70.447,2.266,0,0,0.413,0.46,0.263,0.077,0.12,0.494,1.205,3.645,-4.021e-4,0,0,0,0,-0.915,2.075,90,2.441,801.826,0.001,332.778,0.044,1.067e6,10,78.54,0.037,0.086,0.002
19.833,1931.642,1931.642,-12.147,13.704,-9.931,9.984,231.683,0.149,231.683,89.963,6.344,1.028,28.61,-80.598,5.873,-2.637e-4,-34.67,-0.006,-61.158,89.93,1169.027,343,0.162,0.001,9.786,92.867,70.447,2.242,0,0,0.433,0.46,0.263,0.077,0.12,0.498,1.307,3.635,-4.817e-4,0,0,0,0,-0.705,2.072,90,2.444,801.871,0.001,332.78,0.044,1.087e6,10,78.54,0.036,0.086,0.002
19.869,1931.201,1931.201,-12.503,14.003,-9.938,10.001,231.91,0.149,231.91,89.963,6.305,1.118,28.61,-80.598,6.15,-2.637e-4,-30.619,-0.005,-62.328,89.93,1169.027,343,0.162,0.001,9.786,92.708,70.447,2.226,0,0,0.452,0.46,0.263,0.077,0.12,0.501,1.377,3.595,-4.829e-4,0,0,0,0,-0.53,2.072,90,2.447,801.916,0.001,332.782,0.045,1.108e6,10,78.54,0.035,0.086,0.002
19.904,1930.758,1930.758,-12.85,14.296,-9.939,10.01,232.129,0.149,232.129,89.963,6.265,1.196,28.61,-80.598,6.335,-2.637e-4,-26.578,-0.004,-63.328,89.93,1169.027,343,0.162,0.001,9.786,92.604,70.447,2.216,0,0,0.47,0.46,0.263,0.077,0.12,0.503,1.424,3.54,-3.103e-4,0,0,0,0,-0.385,2.083,90,2.45,801.961,0.001,332.784,0.046,1.128e6,10,78.54,0.034,0.086,0.002
19.938,1930.312,1930.312,-13.191,14.585,-9.942,10.025,232.343,0.15,232.343,89.963,6.222,1.282,28.61,-80.598,6.528,-2.638e-4,-22.512,-0.005,-64.168,89.93,1169.027,343,0.162,0.001,9.786,92.496,70.447,2.205,0,0,0.491,0.46,0.263,0.077,0.12,0.505,1.473,3.515,1.06e-4,0,0,0,0,-0.266,2.136,90,2.453,802.006,0.001,332.785,0.047,1.149e6,10,78.54,0.033,0.086,0.002
19.972,1929.869,1929.869,-13.52,14.866,-9.912,9.994,232.549,0.15,232.549,89.963,6.18,1.276,28.61,-80.598,6.298,-2.638e-4,-18.533,-0.004,-64.849,89.931,1169.027,343,0.162,0.001,9.786,92.625,70.447,2.218,0,0,0.503,0.46,0.263,0.077,0.12,0.503,1.414,3.312,-8.265e-5,0,0,0,0,-0.175,2.089,90,2.456,802.05,0.001,332.787,0.048,1.166e6,10,78.54,0.034,0.087,0.002
20.006,1929.401,1929.401,-13.858,15.156,-9.864,9.939,232.759,0.15,232.76,89.963,6.137,1.219,28.61,-80.598,5.842,-2.639e-4,-14.663,-0.002,-65.416,89.931,1169.027,343,0.162,0.001,9.786,92.886,70.447,2.244,0,0,0.512,0.46,0.263,0.077,0.12,0.498,1.299,3.021,-4.035e-4,0,0,0,0,-0.107,2.002,90,2.459,802.098,0.001,332.789,0.048,1.183e6,10,78.54,0.036,0.087,0.002
20.042,1928.889,1928.889,-14.217,15.468,-9.826,9.898,232.982,0.151,232.982,89.963,6.093,1.186,28.61,-80.598,5.477,-2.637e-4,-10.745,-0.001,-65.878,89.931,1169.027,343,0.162,0.001,9.786,93.099,70.447,2.265,0,0,0.526,0.46,0.263,0.077,0.12,0.494,1.208,2.792,4.225e-4,0,0,0,0,-0.055,1.983,90,2.462,802.15,0.001,332.791,0.049,1.203e6,10,78.54,0.038,0.087,0.002
20.08,1928.34,1928.34,-14.59,15.795,-9.747,9.802,233.214,0.151,233.214,89.963,6.05,1.034,28.61,-80.598,4.6,-2.638e-4,-6.996,-1.064e-4,-66.214,89.931,1169.027,343,0.162,0.001,9.786,93.628,70.447,2.318,0,0,0.531,0.46,0.263,0.077,0.12,0.485,0.995,2.329,-4.259e-4,0,0,0,0,-0.023,1.834,90,2.466,802.205,0.001,332.793,0.05,1.221e6,10,78.54,0.044,0.087,0.002
20.125,1927.683,1927.683,-15.021,16.178,-9.676,9.719,233.481,0.151,233.481,89.963,6.008,0.91,28.61,-80.598,3.822,-2.64e-4,-3.377,6.503e-4,-66.443,89.931,1169.027,343,0.162,0.001,9.786,94.117,70.447,2.367,0,0,0.544,0.46,0.263,0.077,0.12,0.478,0.812,1.926,4.461e-4,0,0,0,0,-0.005,1.771,90,2.47,802.272,0.001,332.796,0.051,1.245e6,10,78.54,0.05,0.087,0.002
20.175,1926.92,1926.92,-15.503,16.611,-9.614,9.648,233.781,0.152,233.781,89.963,5.965,0.816,28.61,-80.598,3.175,-2.642e-4,0.286,8.253e-4,-66.518,89.931,1169.027,343,0.162,0.001,9.786,94.539,70.447,2.409,0,0,0.566,0.46,0.263,0.077,0.12,0.473,0.664,1.6,4.942e-5,0,0,0,0,3.488e-5,1.818,90,2.475,802.349,0.001,332.799,0.052,1.277e6,10,78.54,0.05,0.087,0.002
20.225,1926.133,1926.133,-15.982,17.046,-9.544,9.57,234.078,0.152,234.078,89.963,5.927,0.702,28.61,-80.598,2.472,-2.642e-4,3.342,0.002,-66.425,89.931,1169.027,343,0.162,0.001,9.786,95.014,70.447,2.457,0,0,0.59,0.46,0.263,0.077,0.12,0.468,0.509,1.245,-3.885e-4,0,0,0,0,0.005,1.884,90,2.48,802.429,0.001,332.802,0.053,1.31e6,10,78.54,0.05,0.087,0.002
20.275,1925.322,1925.322,-16.457,17.482,-9.447,9.462,234.373,0.153,234.374,89.963,5.895,0.523,28.61,-80.598,1.514,-2.638e-4,5.731,0.001,-66.194,89.931,1169.027,343,0.162,0.001,9.786,95.689,70.447,2.524,0,0,0.612,0.46,0.263,0.077,0.12,0.463,0.304,0.755,-2.631e-4,0,0,0,0,0.013,1.891,90,2.485,802.511,0.001,332.805,0.055,1.34e6,10,78.54,0.05,0.088,0.002
20.325,1924.487,1924.487,-16.927,17.917,-9.334,9.339,234.668,0.153,234.668,89.963,5.875,0.315,28.61,-80.598,0.45,-2.638e-4,6.802,-0.003,-65.875,89.93,1169.027,343,0.162,0.001,9.786,96.479,70.447,2.603,0,0,0.635,0.46,0.263,0.077,0.12,0.46,0.088,0.212,-2.558e-4,0,0,0,0,0.017,1.866,90,2.491,802.595,0.001,332.808,0.056,1.37e6,10,78.54,0.05,0.088,0.002
20.375,1923.629,1923.629,-17.391,18.353,-9.208,9.209,234.961,0.154,234.961,89.962,5.864,0.096,28.61,-80.598,0.622,-2.638e-4,-6.736,-0.011,-65.531,89.93,1169.027,343,0.162,0.001,9.786,96.349,70.447,2.59,0,0,0.663,0.46,0.263,0.077,0.12,0.461,0.122,0.333,4.062e-5,0,0,0,0,-0.016,1.823,90,2.496,802.682,0.001,332.812,0.057,1.4e6,10,78.54,0.05,0.088,0.002
20.425,1922.748,1922.748,-17.847,18.787,-9.071,9.072,235.254,0.154,235.254,89.962,5.866,0.133,28.61,-80.598,1.618,-2.639e-4,-5.121,-0.008,-65.229,89.929,1169.027,343,0.162,0.001,9.786,95.615,70.447,2.517,0,0,0.696,0.46,0.263,0.077,0.12,0.464,0.326,0.829,-3.514e-4,0,0,0,0,-0.009,1.767,90,2.502,802.771,0.001,332.815,0.058,1.429e6,10,78.54,0.05,0.088,0.002
20.475,1921.844,1921.844,-18.298,19.219,-8.998,9,235.548,0.155,235.548,89.962,5.876,0.213,28.61,-80.598,1.915,-2.639e-4,-2.505,-0.007,-65.036,89.928,1169.027,343,0.162,0.001,9.786,95.404,70.447,2.496,0,0,0.733,0.46,0.263,0.077,0.12,0.465,0.389,0.972,2.472e-4,0,0,0,0,-0.002,1.91,90,2.508,802.863,0.001,332.819,0.06,1.465e6,10,78.54,0.05,0.088,0.002
20.525,1920.918,1920.918,-18.747,19.65,-8.944,8.947,235.842,0.155,235.842,89.962,5.886,0.253,28.61,-80.598,2.028,-2.637e-4,0.223,-0.007,-64.978,89.927,1169.027,343,0.162,0.001,9.786,95.324,70.447,2.488,0,0,0.77,0.46,0.263,0.077,0.12,0.466,0.413,1.027,3.417e-4,0,0,0,0,1.53e-5,2.069,90,2.514,802.956,0.001,332.822,0.061,1.5e6,10,78.54,0.05,0.088,0.003
20.575,1919.97,1919.97,-19.193,20.079,-8.853,8.861,236.137,0.156,236.137,89.962,5.902,0.378,28.61,-80.598,2.429,-2.635e-4,3.525,-0.007,-65.069,89.926,1169.027,343,0.162,0.001,9.786,95.046,70.447,2.46,0,0,0.805,0.46,0.263,0.077,0.121,0.468,0.499,1.224,4.253e-4,0,0,0,0,0.004,2.049,90,2.52,803.052,0.001,332.826,0.062,1.53e6,10,78.54,0.05,0.089,0.003
20.625,1918.999,1918.999,-19.633,20.507,-8.794,8.806,236.432,0.156,236.432,89.962,5.923,0.446,28.61,-80.598,2.588,-2.642e-4,7.545,-0.007,-65.344,89.926,1169.027,343,0.162,0.001,9.786,94.937,70.447,2.449,0,0,0.839,0.46,0.263,0.077,0.121,0.469,0.534,1.292,2.442e-4,0,0,0,0,0.016,2.036,90,2.527,803.151,0.001,332.83,0.064,1.561e6,10,78.54,0.049,0.089,0.003
20.674,1918.026,1918.026,-20.064,20.926,-8.778,8.788,236.723,0.157,236.723,89.962,5.945,0.433,28.61,-80.598,2.464,-2.638e-4,11.464,-0.008,-65.81,89.925,1169.027,343,0.162,0.001,9.786,95.023,70.447,2.458,0,0,0.87,0.46,0.263,0.077,0.121,0.468,0.507,1.209,-4.673e-4,0,0,0,0,0.036,2.051,90,2.533,803.249,0.001,332.834,0.065,1.591e6,10,78.54,0.05,0.089,0.003
20.724,1917.012,1917.012,-20.503,21.353,-8.774,8.783,237.021,0.157,237.021,89.962,5.965,0.399,28.61,-80.598,2.272,-2.646e-4,15.32,-0.007,-66.481,89.925,1169.027,343,0.162,0.001,9.786,95.155,70.447,2.471,0,0,0.901,0.46,0.263,0.077,0.121,0.467,0.465,1.087,-1.72e-4,0,0,0,0,0.062,2.006,90,2.539,803.352,0.001,332.838,0.066,1.621e6,10,78.54,0.05,0.089,0.003
20.774,1915.976,1915.976,-20.942,21.78,-8.823,8.826,237.32,0.158,237.32,89.962,5.983,0.246,28.61,-80.598,1.721,-2.648e-4,18.698,-0.008,-67.335,89.926,1169.027,343,0.162,0.001,9.786,95.544,70.447,2.51,0,0,0.931,0.46,0.263,0.077,0.121,0.464,0.348,0.783,2.303e-4,0,0,0,0,0.089,2.033,90,2.546,803.457,0.001,332.842,0.067,1.652e6,10,78.54,0.05,0.089,0.003
20.824,1914.918,1914.918,-21.385,22.208,-8.886,8.886,237.619,0.158,237.619,89.962,5.989,0.044,28.61,-80.598,1.049,-2.648e-4,20.762,-0.013,-68.327,89.926,1169.027,343,0.162,0.001,9.786,96.033,70.447,2.559,0,0,0.961,0.46,0.263,0.077,0.121,0.462,0.208,0.427,2.212e-4,0,0,0,0,0.106,2.06,90,2.553,803.564,0.001,332.846,0.069,1.684e6,10,78.54,0.05,0.089,0.003
20.874,1913.837,1913.837,-21.831,22.637,-8.957,8.96,237.918,0.159,237.918,89.962,5.987,0.21,28.61,-80.598,0.259,-2.647e-4,21.772,-0.057,-69.396,89.926,1169.027,343,0.162,0.001,9.786,96.631,70.447,2.618,0,0,0.995,0.46,0.263,0.077,0.121,0.46,0.05,0.02,-9.743e-5,0,0,0,0,0.112,2.108,90,2.56,803.673,0.001,332.85,0.07,1.716e6,10,78.54,0.05,0.089,0.003
20.924,1912.734,1912.734,-22.281,23.066,-9.036,9.052,238.217,0.159,238.217,89.962,5.967,0.532,28.61,-80.598,0.667,-2.647e-4,-20.841,-0.03,-70.469,89.927,1169.027,343,0.162,0.001,9.786,96.319,70.447,2.587,0,0,1.036,0.46,0.263,0.077,0.121,0.461,0.131,0.438,2.703e-4,0,0,0,0,-0.099,2.23,90,2.567,803.785,0.001,332.855,0.071,1.75e6,10,78.54,0.05,0.09,0.003
20.974,1911.609,1911.609,-22.734,23.496,-9.074,9.106,238.515,0.16,238.515,89.962,5.934,0.769,28.61,-80.598,1.268,-2.645e-4,-18.43,-0.014,-71.456,89.928,1169.027,343,0.162,0.001,9.786,95.873,70.447,2.543,0,0,1.077,0.46,0.263,0.077,0.121,0.463,0.253,0.719,3.859e-4,0,0,0,0,-0.075,2.256,90,2.575,803.899,0.001,332.859,0.073,1.781e6,10,78.54,0.05,0.09,0.003
21.024,1910.461,1910.461,-23.188,23.925,-9.086,9.136,238.81,0.16,238.811,89.962,5.891,0.948,28.61,-80.598,1.666,-2.643e-4,-15.041,-0.008,-72.296,89.929,1169.027,343,0.162,0.001,9.786,95.586,70.447,2.514,0,0,1.119,0.46,0.263,0.077,0.121,0.464,0.336,0.893,-4.412e-4,0,0,0,0,-0.048,2.261,90,2.582,804.015,0.001,332.864,0.074,1.812e6,10,78.54,0.05,0.09,0.003
21.074,1909.29,1909.29,-23.642,24.353,-9.074,9.134,239.104,0.161,239.104,89.961,5.841,1.05,28.61,-80.598,1.847,-2.631e-4,-10.957,-0.005,-72.948,89.93,1169.027,343,0.162,0.001,9.786,95.457,70.447,2.501,0,0,1.158,0.46,0.263,0.077,0.121,0.465,0.374,0.96,-9.667e-5,0,0,0,0,-0.025,2.253,90,2.59,804.133,0.001,332.868,0.075,1.842e6,10,78.54,0.047,0.09,0.003
21.121,1908.161,1908.161,-24.071,24.758,-9.019,9.072,239.379,0.161,239.379,89.961,5.791,0.982,28.61,-80.598,1.638,-2.625e-4,-7.02,-8.891e-4,-73.372,89.931,1169.027,343,0.162,0.001,9.786,95.607,70.447,2.516,0,0,1.19,0.46,0.263,0.077,0.121,0.464,0.33,0.841,-1.168e-4,0,0,0,0,-0.01,2.154,90,2.597,804.248,0.001,332.873,0.076,1.869e6,10,78.54,0.05,0.09,0.003
21.171,1906.946,1906.946,-24.52,25.184,-8.95,8.992,239.668,0.162,239.668,89.961,5.747,0.861,28.61,-80.598,1.312,-2.627e-4,-3.71,0.002,-73.637,89.931,1169.027,343,0.162,0.001,9.786,95.843,70.447,2.54,0,0,1.223,0.46,0.263,0.077,0.121,0.463,0.262,0.669,-2.932e-4,0,0,0,0,-0.003,2.067,90,2.605,804.371,0.001,332.877,0.077,1.898e6,10,78.54,0.05,0.09,0.003
21.221,1905.709,1905.709,-24.966,25.609,-8.898,8.935,239.954,0.162,239.954,89.961,5.705,0.808,28.61,-80.598,1.139,-2.617e-4,-0.706,0.002,-73.746,89.931,1169.027,343,0.162,0.001,9.786,95.971,70.447,2.552,0,0,1.263,0.461,0.263,0.077,0.121,0.462,0.227,0.579,-3.136e-4,0,0,0,0,-9.34e-5,2.116,90,2.613,804.496,0.001,332.882,0.079,1.929e6,10,78.54,0.05,0.09,0.003
21.271,1904.45,1904.45,-25.409,26.033,-8.819,8.843,240.238,0.163,240.238,89.961,5.667,0.649,28.61,-80.598,0.745,-2.613e-4,1.719,0.004,-73.717,89.931,1169.027,343,0.162,0.001,9.786,96.264,70.447,2.582,0,0,1.3,0.461,0.263,0.077,0.121,0.461,0.147,0.379,-7.417e-5,0,0,0,0,5.36e-4,2.115,90,2.621,804.623,0.001,332.887,0.08,1.96e6,10,78.54,0.05,0.091,0.003
21.321,1903.168,1903.168,-25.847,26.456,-8.711,8.72,240.521,0.163,240.521,89.961,5.641,0.392,28.61,-80.598,0.156,-2.615e-4,2.909,-0.004,-73.595,89.929,1169.027,343,0.162,0.001,9.786,96.714,70.447,2.627,0,0,1.337,0.461,0.263,0.077,0.121,0.461,0.03,0.078,-5.266e-5,0,0,0,0,0.001,2.045,90,2.629,804.753,0.001,332.892,0.081,1.989e6,10,78.54,0.05,0.091,0.003
21.371,1901.865,1901.865,-26.28,26.876,-8.614,8.616,240.802,0.164,240.802,89.961,5.628,0.188,28.61,-80.598,0.302,-2.615e-4,-2.547,-0.012,-73.454,89.928,1169.027,343,0.162,0.001,9.786,96.602,70.447,2.615,0,0,1.378,0.461,0.263,0.077,0.121,0.461,0.059,0.155,1.239e-4,0,0,0,0,-0.001,2.029,90,2.638,804.885,0.001,332.897,0.082,2.019e6,10,78.54,0.05,0.091,0.003
21.421,1900.54,1900.54,-26.709,27.294,-8.534,8.534,241.084,0.164,241.084,89.961,5.621,0.053,28.61,-80.598,0.588,-2.617e-4,-1.409,-0.009,-73.352,89.926,1169.027,343,0.162,0.001,9.786,96.384,70.447,2.594,0,0,1.422,0.461,0.263,0.077,0.121,0.461,0.116,0.3,2.81e-5,0,0,0,0,-3.29e-4,2.068,90,2.646,805.019,0.001,332.903,0.083,2.051e6,10,78.54,0.05,0.091,0.004
21.471,1899.194,1899.194,-27.133,27.71,-8.442,8.443,241.365,0.165,241.365,89.961,5.623,0.124,28.61,-80.598,0.931,-2.619e-4,0.753,-0.008,-73.331,89.924,1169.027,343,0.162,0.001,9.786,96.126,70.447,2.568,0,0,1.466,0.461,0.263,0.077,0.121,0.462,0.185,0.473,6.146e-5,0,0,0,0,9.129e-5,2.023,90,2.655,805.155,0.001,332.908,0.085,2.08e6,10,78.54,0.05,0.091,0.004
21.521,1897.827,1897.827,-27.554,28.123,-8.354,8.359,241.646,0.165,241.646,89.961,5.633,0.296,28.61,-80.598,1.237,-2.611e-4,3.827,-0.008,-73.442,89.923,1169.027,343,0.162,0.001,9.786,95.901,70.447,2.545,0,0,1.509,0.461,0.263,0.077,0.121,0.463,0.247,0.627,-2.177e-5,0,0,0,0,0.002,1.916,90,2.664,805.294,0.001,332.913,0.086,2.108e6,10,78.54,0.05,0.091,0.004
21.571,1896.439,1896.439,-27.969,28.534,-8.294,8.303,241.928,0.166,241.928,89.961,5.651,0.388,28.61,-80.598,1.372,-2.62e-4,7.818,-0.007,-73.731,89.922,1169.027,343,0.162,0.001,9.786,95.803,70.447,2.536,0,0,1.55,0.461,0.263,0.077,0.121,0.463,0.275,0.688,1.658e-4,0,0,0,0,0.009,1.789,90,2.673,805.434,0.001,332.919,0.087,2.136e6,10,78.54,0.049,0.092,0.004
21.62,1895.053,1895.053,-28.377,28.938,-8.293,8.298,242.206,0.166,242.207,89.961,5.668,0.29,28.61,-80.598,1.164,-2.614e-4,11.577,-0.009,-74.21,89.921,1169.027,343,0.162,0.001,9.786,95.956,70.447,2.551,0,0,1.59,0.461,0.263,0.077,0.121,0.463,0.232,0.572,-2.042e-4,0,0,0,0,0.02,1.737,90,2.682,805.574,0.001,332.924,0.088,2.165e6,10,78.54,0.05,0.092,0.004
21.67,1893.624,1893.624,-28.792,29.347,-8.316,8.317,242.49,0.167,242.49,89.961,5.678,0.106,28.61,-80.598,0.81,-2.611e-4,14.516,-0.01,-74.867,89.921,1169.027,343,0.162,0.001,9.786,96.219,70.447,2.577,0,0,1.629,0.461,0.263,0.077,0.121,0.462,0.16,0.382,2.086e-4,0,0,0,0,0.031,1.673,90,2.691,805.719,0.001,332.93,0.089,2.194e6,10,78.54,0.05,0.092,0.004
21.72,1892.174,1892.174,-29.209,29.756,-8.375,8.379,242.774,0.167,242.774,89.961,5.677,0.247,28.61,-80.598,0.178,-2.613e-4,16.122,-0.049,-75.641,89.92,1169.027,343,0.162,0.001,9.786,96.702,70.447,2.625,0,0,1.672,0.461,0.263,0.077,0.121,0.461,0.035,0.054,1.454e-4,0,0,0,0,0.037,1.704,90,2.701,805.866,0.001,332.936,0.09,2.224e6,10,78.54,0.05,0.092,0.004
21.77,1890.703,1890.703,-29.63,30.164,-8.439,8.467,243.057,0.168,243.058,89.96,5.652,0.688,28.61,-80.598,0.569,-2.612e-4,-15.039,-0.021,-76.43,89.919,1169.027,343,0.162,0.001,9.786,96.402,70.447,2.596,0,0,1.721,0.461,0.263,0.077,0.121,0.461,0.112,0.321,-3.101e-4,0,0,0,0,-0.031,1.811,90,2.71,806.015,0.001,332.941,0.092,2.256e6,10,78.54,0.05,0.092,0.004
21.82,1889.211,1889.211,-30.052,30.571,-8.451,8.503,243.339,0.168,243.339,89.96,5.611,0.944,28.61,-80.598,0.964,-2.6e-4,-12.227,-0.01,-77.117,89.92,1169.027,343,0.162,0.001,9.786,96.106,70.447,2.566,0,0,1.77,0.461,0.263,0.077,0.121,0.462,0.191,0.51,3.375e-5,0,0,0,0,-0.02,1.796,90,2.72,806.166,0.001,332.947,0.093,2.286e6,10,78.54,0.05,0.092,0.004
21.87,1887.698,1887.698,-30.475,30.977,-8.446,8.523,243.618,0.169,243.618,89.96,5.559,1.147,28.61,-80.598,1.246,-2.601e-4,-8.283,-0.006,-77.634,89.92,1169.027,343,0.162,0.001,9.786,95.898,70.447,2.545,0,0,1.82,0.461,0.263,0.077,0.121,0.463,0.249,0.643,4.292e-4,0,0,0,0,-0.009,1.82,90,2.73,806.319,0.001,332.953,0.094,2.316e6,10,78.54,0.045,0.092,0.004
21.915,1886.323,1886.323,-30.853,31.34,-8.415,8.501,243.866,0.169,243.866,89.96,5.505,1.201,28.61,-80.598,1.295,-2.598e-4,-4.042,-0.006,-77.911,89.921,1169.027,343,0.162,0.001,9.786,95.863,70.447,2.542,0,0,1.863,0.461,0.263,0.077,0.121,0.463,0.259,0.661,-5.862e-5,0,0,0,0,-0.002,1.836,90,2.739,806.458,0.001,332.959,0.095,2.343e6,10,78.54,0.043,0.093,0.004
21.958,1885.001,1885.001,-31.21,31.683,-8.351,8.417,244.1,0.17,244.1,89.96,5.457,1.05,28.61,-80.597,1.049,-2.603e-4,-0.385,-0.005,-78.003,89.922,1169.027,343,0.162,0.001,9.786,96.044,70.447,2.56,0,0,1.898,0.461,0.263,0.077,0.121,0.462,0.209,0.533,-1.359e-4,0,0,0,0,-1.853e-5,1.775,90,2.747,806.592,0.001,332.964,0.096,2.367e6,10,78.54,0.05,0.093,0.004
22.008,1883.43,1883.43,-31.626,32.085,-8.272,8.317,244.372,0.17,244.372,89.96,5.409,0.859,28.61,-80.597,0.743,-2.608e-4,2.991,-0.004,-77.934,89.923,1169.027,343,0.162,0.001,9.786,96.273,70.447,2.583,0,0,1.943,0.461,0.263,0.077,0.121,0.462,0.147,0.377,-8.765e-5,0,0,0,0,0.001,1.782,90,2.758,806.751,0.001,332.97,0.097,2.396e6,10,78.54,0.05,0.093,0.004
22.058,1881.838,1881.838,-32.037,32.484,-8.183,8.208,244.641,0.171,244.641,89.96,5.372,0.629,28.61,-80.597,0.386,-2.614e-4,5.125,-0.005,-77.725,89.923,1169.027,343,0.162,0.001,9.786,96.545,70.447,2.61,0,0,1.989,0.461,0.263,0.077,0.121,0.461,0.075,0.193,-4.45e-4,0,0,0,0,0.003,1.825,90,2.768,806.912,0.001,332.976,0.099,2.426e6,10,78.54,0.05,0.093,0.004
22.108,1880.226,1880.226,-32.444,32.881,-8.094,8.105,244.909,0.171,244.909,89.96,5.345,0.42,28.61,-80.597,0.062,-2.611e-4,6.058,-0.005,-77.441,89.923,1169.027,343,0.162,0.001,9.786,96.796,70.447,2.635,0,0,2.039,0.461,0.263,0.077,0.121,0.461,0.012,0.028,1.003e-4,0,0,0,0,0.004,1.92,90,2.779,807.075,0.001,332.983,0.1,2.457e6,10,78.54,0.05,0.093,0.004
22.158,1878.594,1878.594,-32.845,33.276,-7.958,7.958,245.176,0.172,245.176,89.96,5.334,0.006,28.61,-80.597,0.522,-2.609e-4,-5.049,-0.003,-77.153,89.923,1169.027,343,0.162,0.001,9.786,96.442,70.447,2.599,0,0,2.087,0.461,0.263,0.077,0.121,0.461,0.102,0.27,3.981e-4,0,0,0,0,-0.003,1.842,90,2.789,807.24,0.001,332.989,0.101,2.485e6,10,78.54,0.05,0.093,0.004
22.208,1876.942,1876.942,-33.24,33.667,-7.849,7.853,245.443,0.172,245.443,89.96,5.342,0.265,28.61,-80.597,0.881,-2.61e-4,-2.049,-0.005,-76.97,89.922,1169.027,343,0.162,0.001,9.786,96.172,70.447,2.572,0,0,2.139,0.461,0.263,0.077,0.121,0.462,0.175,0.449,2.72e-4,0,0,0,0,-4.652e-4,1.814,90,2.8,807.408,0.001,332.996,0.102,2.514e6,10,78.54,0.05,0.093,0.004
22.258,1875.27,1875.27,-33.631,34.055,-7.788,7.795,245.71,0.172,245.71,89.96,5.356,0.333,28.61,-80.597,0.96,-2.601e-4,1.832,-0.005,-76.962,89.921,1169.027,343,0.162,0.001,9.786,96.114,70.447,2.567,0,0,2.19,0.461,0.263,0.077,0.121,0.462,0.19,0.489,4.424e-5,0,0,0,0,3.636e-4,1.84,90,2.811,807.577,0.001,333.002,0.103,2.543e6,10,78.54,0.049,0.094,0.004
22.307,1873.615,1873.615,-34.011,34.433,-7.723,7.736,245.973,0.173,245.973,89.96,5.376,0.451,28.61,-80.597,1.087,-2.607e-4,6.19,-0.005,-77.156,89.92,1169.027,343,0.162,0.001,9.786,96.02,70.447,2.557,0,0,2.236,0.461,0.263,0.077,0.121,0.463,0.216,0.549,-2.326e-4,0,0,0,0,0.004,1.702,90,2.821,807.744,0.001,333.009,0.104,2.569e6,10,78.54,0.043,0.094,0.004
22.349,1872.157,1872.157,-34.34,34.761,-7.694,7.708,246.202,0.173,246.203,89.96,5.396,0.456,28.61,-80.597,1.069,-2.596e-4,10.223,-0.003,-77.507,89.919,1169.027,343,0.162,0.001,9.786,96.034,70.447,2.559,0,0,2.275,0.461,0.263,0.077,0.121,0.463,0.213,0.533,2.527e-5,0,0,0,0,0.011,1.543,90,2.831,807.892,0.001,333.014,0.105,2.591e6,10,78.54,0.043,0.094,0.004
22.393,1870.666,1870.666,-34.673,35.092,-7.736,7.737,246.436,0.174,246.436,89.96,5.409,0.14,28.61,-80.597,0.662,-2.601e-4,13.487,-0.006,-78.025,89.918,1169.027,343,0.162,0.001,9.786,96.339,70.447,2.589,0,0,2.313,0.461,0.263,0.077,0.121,0.462,0.13,0.319,4.172e-4,0,0,0,0,0.019,1.528,90,2.841,808.043,0.001,333.02,0.106,2.615e6,10,78.54,0.05,0.094,0.005
22.443,1868.923,1868.923,-35.061,35.475,-7.772,7.775,246.706,0.174,246.706,89.96,5.408,0.204,28.61,-80.597,0.221,-2.601e-4,15.293,-0.011,-78.752,89.916,1169.027,343,0.162,0.001,9.786,96.676,70.447,2.623,0,0,2.358,0.461,0.263,0.077,0.121,0.461,0.043,0.089,8.78e-5,0,0,0,0,0.023,1.424,90,2.852,808.219,0.001,333.027,0.107,2.642e6,10,78.54,0.05,0.094,0.005
22.493,1867.16,1867.16,-35.45,35.857,-7.823,7.856,246.976,0.175,246.976,89.959,5.385,0.712,28.61,-80.597,0.398,-2.597e-4,-14.694,-0.008,-79.514,89.914,1169.027,343,0.162,0.001,9.786,96.541,70.447,2.609,0,0,2.41,0.461,0.262,0.077,0.122,0.461,0.078,0.224,-8.274e-5,0,0,0,0,-0.021,1.431,90,2.863,808.398,0.001,333.034,0.108,2.671e6,10,78.54,0.05,0.094,0.005
22.543,1865.378,1865.378,-35.842,36.238,-7.845,7.928,247.245,0.175,247.245,89.959,5.338,1.142,28.61,-80.597,0.884,-2.597e-4,-11.4,-0.004,-80.175,89.912,1169.027,343,0.162,0.001,9.786,96.174,70.447,2.573,0,0,2.466,0.461,0.262,0.077,0.122,0.462,0.175,0.463,2.333e-4,0,0,0,0,-0.013,1.44,90,2.875,808.578,0.001,333.041,0.11,2.699e6,10,78.54,0.046,0.094,0.005
22.588,1863.726,1863.726,-36.202,36.585,-7.837,7.96,247.488,0.176,247.488,89.959,5.279,1.397,28.61,-80.597,1.148,-2.588e-4,-6.742,-0.003,-80.596,89.91,1169.027,343,0.162,0.001,9.786,95.979,70.447,2.553,0,0,2.517,0.461,0.262,0.077,0.122,0.463,0.229,0.589,1.602e-4,0,0,0,0,-0.004,1.465,90,2.886,808.745,0.001,333.048,0.111,2.725e6,10,78.54,0.035,0.095,0.005
22.624,1862.44,1862.44,-36.479,36.852,-7.81,7.945,247.674,0.176,247.674,89.959,5.228,1.455,28.61,-80.597,1.193,-2.594e-4,-2.608,-0.004,-80.762,89.91,1169.027,343,0.162,0.001,9.786,95.946,70.447,2.55,0,0,2.555,0.461,0.262,0.077,0.122,0.463,0.238,0.608,-3.406e-5,0,0,0,0,-6.332e-4,1.487,90,2.894,808.875,0.001,333.053,0.111,2.745e6,10,78.54,0.034,0.095,0.005
22.658,1861.202,1861.202,-36.742,37.105,-7.77,7.894,247.85,0.176,247.85,89.959,5.18,1.395,28.61,-80.597,1.111,-2.59e-4,1.305,-0.003,-80.783,89.911,1169.027,343,0.162,0.001,9.786,96.007,70.447,2.556,0,0,2.59,0.461,0.262,0.077,0.122,0.463,0.221,0.565,2.347e-5,0,0,0,0,1.564e-4,1.516,90,2.902,809.001,0.001,333.058,0.112,2.765e6,10,78.54,0.036,0.095,0.005
22.693,1859.881,1859.881,-37.02,37.374,-7.716,7.815,248.034,0.177,248.035,89.959,5.132,1.241,28.61,-80.597,0.929,-2.584e-4,5.036,-0.002,-80.668,89.912,1169.027,343,0.162,0.001,9.786,96.142,70.447,2.57,0,0,2.625,0.461,0.262,0.077,0.122,0.463,0.184,0.471,2.465e-4,0,0,0,0,0.002,1.569,90,2.911,809.134,0.001,333.063,0.113,2.785e6,10,78.54,0.042,0.095,0.005
22.736,1858.305,1858.305,-37.345,37.69,-7.629,7.683,248.251,0.177,248.251,89.959,5.086,0.909,28.61,-80.597,0.557,-2.584e-4,8.288,-0.002,-80.38,89.914,1169.027,343,0.162,0.001,9.786,96.422,70.447,2.597,0,0,2.667,0.461,0.262,0.077,0.122,0.462,0.109,0.278,1.153e-4,0,0,0,0,0.006,1.618,90,2.921,809.294,0.001,333.069,0.114,2.809e6,10,78.54,0.05,0.095,0.005
22.786,1856.429,1856.429,-37.724,38.06,-7.522,7.542,248.504,0.178,248.504,89.959,5.051,0.55,28.61,-80.597,0.153,-2.585e-4,10.004,0.007,-79.914,89.917,1169.027,343,0.162,0.001,9.786,96.733,70.447,2.629,0,0,2.72,0.461,0.262,0.077,0.122,0.462,0.03,0.069,-3.454e-4,0,0,0,0,0.009,1.763,90,2.933,809.484,0.001,333.076,0.115,2.839e6,10,78.54,0.05,0.095,0.005
22.836,1854.533,1854.533,-38.096,38.428,-7.373,7.373,248.756,0.178,248.756,89.959,5.036,0.005,28.61,-80.597,0.44,-2.584e-4,-9.276,0.005,-79.419,89.919,1169.027,343,0.162,0.001,9.786,96.513,70.447,2.607,0,0,2.775,0.462,0.262,0.077,0.122,0.462,0.086,0.232,-2.291e-5,0,0,0,0,-0.007,1.778,90,2.946,809.676,0.001,333.084,0.116,2.866e6,10,78.54,0.05,0.096,0.005
22.886,1852.619,1852.619,-38.462,38.791,-7.263,7.269,249.008,0.179,249.008,89.959,5.045,0.29,28.61,-80.597,0.734,-2.58e-4,-5.746,0.004,-79.037,89.921,1169.027,343,0.162,0.001,9.786,96.29,70.447,2.584,0,0,2.834,0.462,0.262,0.077,0.122,0.462,0.145,0.377,2.566e-4,0,0,0,0,-0.003,1.895,90,2.958,809.869,0.001,333.091,0.117,2.895e6,10,78.54,0.049,0.096,0.005
22.935,1850.724,1850.724,-38.816,39.145,-7.175,7.191,249.256,0.179,249.256,89.959,5.064,0.48,28.61,-80.597,0.917,-2.594e-4,-1.267,0.004,-78.861,89.923,1169.027,343,0.162,0.001,9.786,96.155,70.447,2.571,0,0,2.889,0.462,0.262,0.077,0.122,0.463,0.182,0.467,2.428e-4,0,0,0,0,-1.321e-4,1.936,90,2.97,810.061,0.001,333.099,0.118,2.922e6,10,78.54,0.039,0.096,0.005
22.974,1849.212,1849.212,-39.093,39.422,-7.128,7.148,249.453,0.18,249.453,89.959,5.084,0.537,28.61,-80.597,0.962,-2.609e-4,2.905,0.003,-78.892,89.924,1169.027,343,0.162,0.001,9.786,96.121,70.447,2.567,0,0,2.931,0.462,0.262,0.077,0.122,0.463,0.191,0.489,-3.182e-4,0,0,0,0,6.856e-4,1.912,90,2.98,810.214,0.001,333.105,0.119,2.943e6,10,78.54,0.037,0.096,0.005
23.01,1847.779,1847.779,-39.353,39.683,-7.11,7.126,249.639,0.18,249.639,89.959,5.102,0.483,28.61,-80.597,0.899,-2.599e-4,6.792,0.004,-79.07,89.924,1169.027,343,0.162,0.001,9.786,96.169,70.447,2.572,0,0,2.967,0.462,0.262,0.077,0.122,0.463,0.178,0.455,2.558e-4,0,0,0,0,0.004,1.859,90,2.989,810.359,0.001,333.11,0.12,2.962e6,10,78.54,0.039,0.096,0.005
23.049,1846.245,1846.245,-39.629,39.959,-7.106,7.115,249.838,0.18,249.838,89.959,5.119,0.365,28.61,-80.597,0.772,-2.598e-4,10.561,0.006,-79.408,89.923,1169.027,343,0.162,0.001,9.787,96.264,70.447,2.582,0,0,3.004,0.462,0.262,0.077,0.122,0.462,0.152,0.385,-9.547e-5,0,0,0,0,0.009,1.74,90,2.999,810.515,0.001,333.117,0.121,2.981e6,10,78.54,0.045,0.096,0.005
23.094,1844.444,1844.444,-39.953,40.28,-7.174,7.177,250.07,0.181,250.07,89.959,5.124,0.194,28.61,-80.597,0.236,-2.598e-4,13.174,0.009,-79.956,89.921,1169.027,343,0.162,0.001,9.787,96.673,70.447,2.623,0,0,3.049,0.462,0.262,0.077,0.122,0.462,0.046,0.107,-3.576e-4,0,0,0,0,0.014,1.783,90,3.011,810.697,0.001,333.124,0.122,3.005e6,10,78.54,0.05,0.096,0.005
23.144,1842.437,1842.437,-40.313,40.634,-7.257,7.325,250.325,0.181,250.325,89.959,5.094,0.994,28.61,-80.597,0.507,-2.598e-4,-12.179,-0.002,-80.608,89.918,1169.027,343,0.162,0.001,9.787,96.465,70.447,2.602,0,0,3.108,0.462,0.262,0.077,0.122,0.462,0.1,0.27,2.342e-4,0,0,0,0,-0.011,1.941,90,3.024,810.9,0.001,333.132,0.123,3.034e6,10,78.54,0.05,0.097,0.005
23.194,1840.412,1840.412,-40.677,40.987,-7.261,7.389,250.579,0.182,250.579,89.958,5.033,1.369,28.61,-80.597,0.836,-2.596e-4,-7.793,-0.001,-81.115,89.915,1169.027,343,0.162,0.001,9.787,96.218,70.447,2.577,0,0,3.166,0.462,0.262,0.077,0.122,0.463,0.165,0.43,3.427e-4,0,0,0,0,-0.005,1.934,90,3.037,811.105,0.001,333.14,0.124,3.06e6,10,78.54,0.038,0.097,0.005
23.233,1838.842,1838.842,-40.956,41.257,-7.241,7.398,250.771,0.182,250.771,89.958,4.977,1.516,28.61,-80.597,0.952,-2.608e-4,-3.457,-0.003,-81.334,89.914,1169.027,343,0.162,0.001,9.787,96.132,70.447,2.568,0,0,3.211,0.462,0.262,0.077,0.122,0.463,0.189,0.486,1.176e-5,0,0,0,0,-8.873e-4,1.963,90,3.048,811.264,0.001,333.146,0.125,3.081e6,10,78.54,0.034,0.097,0.005
23.266,1837.461,1837.461,-41.198,41.492,-7.196,7.336,250.938,0.182,250.938,89.958,4.927,1.426,28.61,-80.597,0.865,-2.605e-4,0.501,-0.003,-81.382,89.915,1169.027,343,0.162,0.001,9.787,96.197,70.447,2.575,0,0,3.245,0.462,0.262,0.077,0.122,0.463,0.171,0.441,-4.021e-4,0,0,0,0,1.844e-5,1.954,90,3.057,811.404,0.001,333.151,0.125,3.098e6,10,78.54,0.037,0.097,0.005
23.303,1835.949,1835.949,-41.46,41.747,-7.12,7.206,251.117,0.183,251.117,89.958,4.88,1.112,28.61,-80.597,0.588,-2.614e-4,3.903,-0.004,-81.298,89.916,1169.027,343,0.162,0.001,9.787,96.406,70.447,2.596,0,0,3.28,0.462,0.262,0.077,0.122,0.462,0.116,0.299,-4.865e-4,0,0,0,0,0.001,1.902,90,3.066,811.557,0.001,333.157,0.126,3.116e6,10,78.54,0.05,0.097,0.005
23.353,1833.867,1833.867,-41.814,42.092,-7.006,7.036,251.36,0.183,251.36,89.958,4.836,0.649,28.61,-80.597,0.178,-2.62e-4,6.374,-0.003,-81.03,89.918,1169.027,343,0.162,0.001,9.787,96.721,70.447,2.627,0,0,3.331,0.462,0.262,0.077,0.122,0.462,0.035,0.088,3.955e-4,0,0,0,0,0.003,1.897,90,3.08,811.767,0.001,333.165,0.127,3.142e6,10,78.54,0.05,0.097,0.005
23.403,1831.768,1831.768,-42.161,42.435,-6.892,6.896,251.601,0.184,251.601,89.958,4.813,0.242,28.61,-80.597,0.183,-2.622e-4,-6.306,8.801e-4,-80.704,89.92,1169.027,343,0.162,0.001,9.787,96.718,70.447,2.627,0,0,3.387,0.462,0.262,0.077,0.122,0.462,0.036,0.097,-4.382e-4,0,0,0,0,-0.003,1.95,90,3.094,811.98,0.001,333.174,0.128,3.168e6,10,78.54,0.05,0.097,0.005
23.453,1829.651,1829.651,-42.503,42.774,-6.773,6.775,251.841,0.184,251.842,89.958,4.812,0.163,28.61,-80.597,0.524,-2.604e-4,-3.858,0.002,-80.441,89.922,1169.027,343,0.162,0.001,9.787,96.457,70.447,2.601,0,0,3.444,0.462,0.262,0.077,0.122,0.462,0.103,0.269,-1.294e-4,0,0,0,0,-0.001,1.947,90,3.107,812.194,0.001,333.182,0.129,3.194e6,10,78.54,0.05,0.098,0.005
23.503,1827.518,1827.518,-42.838,43.11,-6.667,6.685,252.082,0.185,252.083,89.958,4.83,0.499,28.61,-80.597,0.789,-2.587e-4,0.755,-7.873e-4,-80.356,89.922,1169.027,343,0.162,0.001,9.787,96.257,70.447,2.581,0,0,3.5,0.462,0.262,0.077,0.122,0.463,0.156,0.403,3.429e-4,0,0,0,0,3.882e-5,1.844,90,3.121,812.41,0.001,333.19,0.13,3.218e6,10,78.54,0.037,0.098,0.006
23.54,1825.921,1825.921,-43.086,43.357,-6.652,6.663,252.262,0.185,252.262,89.958,4.847,0.393,28.61,-80.597,0.698,-2.603e-4,4.594,-0.001,-80.456,89.922,1169.027,343,0.162,0.001,9.787,96.326,70.447,2.588,0,0,3.54,0.462,0.262,0.077,0.122,0.463,0.138,0.355,1.651e-4,0,0,0,0,0.001,1.858,90,3.132,812.572,0.001,333.197,0.131,3.237e6,10,78.54,0.042,0.098,0.006
23.582,1824.121,1824.121,-43.364,43.634,-6.702,6.704,252.464,0.185,252.464,89.958,4.854,0.133,28.61,-80.597,0.279,-2.596e-4,7.548,-0.007,-80.718,89.92,1169.027,343,0.162,0.001,9.787,96.646,70.447,2.62,0,0,3.585,0.462,0.262,0.077,0.122,0.462,0.054,0.139,-6.836e-5,0,0,0,0,0.004,2.017,90,3.143,812.754,0.001,333.204,0.132,3.26e6,10,78.54,0.05,0.098,0.006
23.632,1821.944,1821.944,-43.7,43.966,-6.744,6.78,252.707,0.186,252.707,89.958,4.831,0.7,28.61,-80.597,0.173,-2.602e-4,-7.626,-0.017,-81.11,89.918,1169.027,343,0.162,0.001,9.787,96.728,70.447,2.628,0,0,3.643,0.462,0.262,0.077,0.122,0.462,0.034,0.093,2.434e-4,0,0,0,0,-0.004,2.14,90,3.157,812.974,0.001,333.212,0.133,3.286e6,10,78.54,0.05,0.098,0.006
23.682,1819.751,1819.751,-44.037,44.297,-6.739,6.814,252.947,0.186,252.947,89.958,4.787,1.006,28.61,-80.597,0.408,-2.597e-4,-5.369,-0.005,-81.441,89.918,1169.027,343,0.162,0.001,9.787,96.548,70.447,2.61,0,0,3.7,0.462,0.262,0.077,0.122,0.462,0.08,0.21,2.344e-5,0,0,0,0,-0.002,2.161,90,3.172,813.196,0.001,333.221,0.134,3.311e6,10,78.54,0.05,0.098,0.006
23.732,1817.541,1817.541,-44.373,44.625,-6.69,6.765,253.185,0.187,253.185,89.958,4.735,1.003,28.61,-80.597,0.403,-2.581e-4,-2.222,-0.005,-81.631,89.918,1169.027,343,0.162,0.001,9.787,96.553,70.447,2.611,0,0,3.753,0.462,0.262,0.077,0.122,0.462,0.079,0.206,1.65e-4,0,0,0,0,-3.138e-4,2.112,90,3.186,813.42,0.001,333.23,0.135,3.335e6,10,78.54,0.05,0.099,0.006
23.782,1815.314,1815.314,-44.706,44.951,-6.635,6.703,253.421,0.187,253.421,89.958,4.687,0.954,28.61,-80.597,0.358,-2.574e-4,0.467,-0.004,-81.674,89.919,1169.027,343,0.162,0.001,9.787,96.588,70.447,2.614,0,0,3.809,0.462,0.262,0.077,0.122,0.462,0.07,0.183,3.731e-4,0,0,0,0,1.367e-5,2.141,90,3.2,813.645,0.001,333.238,0.136,3.36e6,10,78.54,0.05,0.099,0.006
23.832,1813.07,1813.07,-45.036,45.275,-6.534,6.558,253.654,0.188,253.654,89.958,4.646,0.569,28.61,-80.597,0.067,-2.591e-4,2.397,-0.016,-81.593,89.921,1169.027,343,0.162,0.001,9.787,96.813,70.447,2.637,0,0,3.861,0.462,0.262,0.077,0.122,0.462,0.013,0.034,3.148e-4,0,0,0,0,3.551e-4,2.064,90,3.215,813.872,0.001,333.247,0.137,3.384e6,10,78.54,0.05,0.099,0.006
23.882,1810.81,1810.81,-45.36,45.595,-6.415,6.415,253.886,0.188,253.886,89.958,4.631,0.079,28.61,-80.597,0.294,-2.599e-4,-1.413,-0.003,-81.487,89.922,1169.027,343,0.162,0.001,9.787,96.638,70.447,2.619,0,0,3.914,0.462,0.262,0.077,0.122,0.462,0.057,0.15,4.406e-4,0,0,0,0,-1.218e-4,1.921,90,3.23,814.101,0.001,333.256,0.138,3.407e6,10,78.54,0.05,0.099,0.006
23.932,1808.534,1808.534,-45.679,45.913,-6.362,6.363,254.117,0.189,254.117,89.957,4.631,0.053,28.61,-80.597,0.313,-2.622e-4,1.294,-0.004,-81.483,89.921,1169.027,343,0.162,0.001,9.787,96.624,70.447,2.618,0,0,3.97,0.462,0.262,0.077,0.122,0.462,0.061,0.16,8.979e-5,0,0,0,0,1.008e-4,1.955,90,3.245,814.331,0.001,333.265,0.138,3.431e6,10,78.54,0.05,0.099,0.006
23.982,1806.242,1806.242,-45.996,46.228,-6.332,6.334,254.349,0.189,254.349,89.957,4.624,0.167,28.61,-80.597,0.23,-2.631e-4,3.287,-0.011,-81.6,89.918,1169.027,343,0.162,0.001,9.787,96.689,70.447,2.624,0,0,4.025,0.462,0.262,0.077,0.123,0.462,0.045,0.117,-2.557e-4,0,0,0,0,6.409e-4,1.979,90,3.259,814.563,0.001,333.274,0.139,3.455e6,10,78.54,0.05,0.099,0.006
24.032,1803.935,1803.935,-46.312,46.541,-6.295,6.299,254.58,0.19,254.58,89.957,4.614,0.219,28.61,-80.597,0.187,-2.616e-4,4.883,-0.016,-81.806,89.915,1169.027,343,0.162,0.001,9.787,96.722,70.447,2.628,0,0,4.078,0.462,0.262,0.078,0.123,0.462,0.037,0.095,-4.57e-4,0,0,0,0,0.001,1.9,90,3.274,814.797,0.001,333.283,0.14,3.478e6,10,78.54,0.05,0.1,0.006
24.082,1801.611,1801.611,-46.626,46.852,-6.266,6.275,254.81,0.19,254.81,89.957,4.601,0.328,28.61,-80.597,0.104,-2.613e-4,6.066,-0.035,-82.082,89.912,1169.027,343,0.162,0.001,9.787,96.788,70.447,2.634,0,0,4.131,0.462,0.262,0.078,0.123,0.462,0.02,0.051,4.206e-4,0,0,0,0,0.002,1.797,90,3.29,815.032,0.001,333.292,0.141,3.501e6,10,78.54,0.05,0.1,0.006
24.132,1799.272,1799.272,-46.939,47.162,-6.269,6.309,255.04,0.191,255.04,89.957,4.577,0.707,28.61,-80.597,0.16,-2.618e-4,-6.027,-0.024,-82.393,89.91,1169.027,343,0.162,0.001,9.787,96.745,70.447,2.63,0,0,4.187,0.462,0.262,0.078,0.123,0.462,0.031,0.084,4.844e-4,0,0,0,0,-0.002,1.824,90,3.305,815.269,0.001,333.302,0.142,3.525e6,10,78.54,0.05,0.1,0.006
24.182,1796.917,1796.917,-47.252,47.469,-6.25,6.321,255.268,0.191,255.268,89.957,4.534,0.944,28.61,-80.597,0.319,-2.616e-4,-3.777,-0.012,-82.644,89.91,1169.027,343,0.162,0.001,9.787,96.622,70.447,2.618,0,0,4.244,0.462,0.262,0.078,0.123,0.463,0.062,0.164,4.913e-4,0,0,0,0,-8.037e-4,1.835,90,3.32,815.507,0.001,333.311,0.143,3.548e6,10,78.54,0.05,0.1,0.006
24.232,1794.547,1794.547,-47.563,47.775,-6.188,6.244,255.493,0.192,255.493,89.957,4.488,0.829,28.61,-80.597,0.242,-2.598e-4,-1.274,-0.008,-82.767,89.913,1169.027,343,0.162,0.001,9.787,96.682,70.447,2.624,0,0,4.297,0.462,0.262,0.078,0.123,0.463,0.047,0.124,-4.607e-4,0,0,0,0,-9.041e-5,1.753,90,3.335,815.747,0.001,333.32,0.144,3.57e6,10,78.54,0.05,0.1,0.006
24.282,1792.161,1792.161,-47.871,48.077,-6.116,6.147,255.717,0.192,255.717,89.957,4.452,0.618,28.61,-80.597,0.101,-2.591e-4,0.129,-0.005,-82.791,89.915,1169.027,343,0.162,0.001,9.787,96.792,70.447,2.635,0,0,4.35,0.463,0.262,0.078,0.123,0.463,0.02,0.052,3.371e-4,0,0,0,0,9.143e-7,1.689,90,3.351,815.989,0.001,333.33,0.145,3.593e6,10,78.54,0.05,0.1,0.006
24.332,1789.76,1789.76,-48.175,48.378,-6.057,6.08,255.938,0.193,255.938,89.957,4.425,0.534,28.61,-80.597,0.042,-2.591e-4,0.605,-0.003,-82.771,89.916,1169.027,343,0.162,0.001,9.787,96.839,70.447,2.639,0,0,4.406,0.463,0.262,0.078,0.123,0.463,0.008,0.021,-3.37e-4,0,0,0,0,1.987e-5,1.722,90,3.367,816.232,0.001,333.339,0.146,3.616e6,10,78.54,0.05,0.1,0.006
24.382,1787.344,1787.344,-48.476,48.676,-5.997,6.013,256.159,0.193,256.159,89.957,4.4,0.441,28.61,-80.597,0.022,-2.591e-4,-0.759,-0.009,-82.734,89.914,1169.027,343,0.162,0.001,9.787,96.855,70.447,2.641,0,0,4.462,0.463,0.262,0.078,0.123,0.463,0.004,0.011,-1.208e-4,0,0,0,0,-3.087e-5,1.762,90,3.382,816.476,0.001,333.349,0.147,3.639e6,10,78.54,0.05,0.101,0.006
24.432,1784.912,1784.912,-48.774,48.971,-5.919,5.923,256.379,0.193,256.379,89.957,4.382,0.203,28.61,-80.597,0.174,-2.594e-4,-0.004,-0.002,-82.71,89.913,1169.027,343,0.162,0.001,9.787,96.737,70.447,2.629,0,0,4.516,0.463,0.262,0.078,0.123,0.463,0.034,0.089,-3.872e-4,0,0,0,0,0,1.706,90,3.398,816.722,0.001,333.358,0.147,3.661e6,10,78.54,0.05,0.101,0.006
24.482,1782.466,1782.466,-49.069,49.263,-5.868,5.87,256.597,0.194,256.598,89.957,4.375,0.167,28.61,-80.597,0.195,-2.593e-4,1.876,-0.002,-82.756,89.912,1169.027,343,0.162,0.001,9.787,96.722,70.447,2.627,0,0,4.571,0.463,0.262,0.078,0.123,0.463,0.038,0.1,-3.282e-5,0,0,0,0,1.845e-4,1.692,90,3.414,816.97,0.001,333.368,0.148,3.684e6,10,78.54,0.05,0.101,0.006
24.532,1780.005,1780.005,-49.361,49.554,-5.835,5.842,256.816,0.194,256.816,89.957,4.364,0.279,28.61,-80.597,0.124,-2.596e-4,3.271,-0.006,-82.887,89.911,1169.027,343,0.162,0.001,9.787,96.778,70.447,2.633,0,0,4.626,0.463,0.262,0.078,0.123,0.463,0.024,0.063,-1.224e-4,0,0,0,0,5.542e-4,1.687,90,3.43,817.219,0.001,333.377,0.149,3.706e6,10,78.54,0.05,0.101,0.006
24.582,1777.53,1777.53,-49.652,49.842,-5.807,5.823,257.034,0.195,257.034,89.957,4.346,0.43,28.61,-80.597,0.028,-2.596e-4,3.97,-0.04,-83.072,89.909,1169.027,343,0.162,0.001,9.787,96.853,70.447,2.641,0,0,4.68,0.463,0.262,0.078,0.123,0.463,0.005,0.014,4.74e-4,0,0,0,0,8.072e-4,1.662,90,3.446,817.47,0.001,333.387,0.15,3.728e6,10,78.54,0.05,0.101,0.006
24.632,1775.04,1775.04,-49.942,50.129,-5.78,5.811,257.25,0.195,257.251,89.956,4.321,0.595,28.61,-80.597,0.075,-2.595e-4,-3.728,-0.018,-83.268,89.907,1169.027,343,0.162,0.001,9.787,96.817,70.447,2.637,0,0,4.735,0.463,0.262,0.078,0.123,0.463,0.015,0.039,-4.363e-4,0,0,0,0,-7.037e-4,1.641,90,3.462,817.722,0.001,333.397,0.151,3.75e6,10,78.54,0.05,0.101,0.006
24.682,1772.536,1772.536,-50.23,50.413,-5.752,5.804,257.466,0.196,257.466,89.956,4.287,0.772,28.61,-80.597,0.18,-2.601e-4,-2.557,-0.005,-83.429,89.905,1169.027,343,0.162,0.001,9.787,96.736,70.447,2.629,0,0,4.79,0.463,0.262,0.078,0.123,0.463,0.035,0.093,-4.017e-4,0,0,0,0,-3.273e-4,1.659,90,3.479,817.975,0.001,333.407,0.152,3.772e6,10,78.54,0.05,0.102,0.006
24.732,1770.017,1770.017,-50.517,50.695,-5.69,5.724,257.679,0.196,257.679,89.956,4.249,0.626,28.61,-80.597,0.095,-2.605e-4,-0.961,-0.004,-83.514,89.903,1169.027,343,0.162,0.001,9.787,96.803,70.447,2.636,0,0,4.843,0.463,0.262,0.078,0.123,0.463,0.018,0.049,-2.623e-4,0,0,0,0,-4.575e-5,1.579,90,3.495,818.23,0.001,333.417,0.153,3.793e6,10,78.54,0.05,0.102,0.006
24.782,1767.484,1767.484,-50.8,50.975,-5.63,5.653,257.891,0.197,257.891,89.956,4.223,0.507,28.61,-80.597,0.025,-2.607e-4,-0.62,-0.014,-83.551,89.903,1169.027,343,0.162,0.001,9.787,96.858,70.447,2.641,0,0,4.897,0.463,0.262,0.078,0.123,0.463,0.005,0.013,-1.263e-4,0,0,0,0,-1.885e-5,1.541,90,3.511,818.486,0.001,333.427,0.153,3.814e6,10,78.54,0.05,0.102,0.007
24.832,1764.937,1764.937,-51.08,51.252,-5.594,5.629,258.101,0.197,258.101,89.956,4.196,0.623,28.61,-80.597,0.088,-2.608e-4,-0.2,-0.006,-83.574,89.904,1169.027,343,0.162,0.001,9.787,96.81,70.447,2.636,0,0,4.953,0.463,0.262,0.078,0.123,0.463,0.017,0.045,-2.725e-4,0,0,0,0,-1.944e-6,1.637,90,3.528,818.744,0.001,333.437,0.154,3.836e6,10,78.54,0.05,0.102,0.007
24.882,1762.376,1762.376,-51.358,51.527,-5.53,5.55,258.31,0.198,258.31,89.956,4.165,0.47,28.61,-80.597,0.002,-2.606e-4,-0.538,0.017,-83.562,89.907,1169.027,343,0.162,0.001,9.787,96.877,70.447,2.643,0,0,5.008,0.463,0.262,0.078,0.123,0.463,4.366e-4,7.04e-4,3.845e-4,0,0,0,0,-1.389e-5,1.628,90,3.545,819.003,0.001,333.447,0.155,3.857e6,10,78.54,0.05,0.102,0.007
24.932,1759.801,1759.801,-51.633,51.799,-5.462,5.469,258.518,0.198,258.518,89.956,4.148,0.275,28.61,-80.597,0.113,-2.607e-4,0.174,0.008,-83.548,89.911,1169.027,343,0.162,0.001,9.787,96.791,70.447,2.634,0,0,5.061,0.463,0.262,0.078,0.123,0.463,0.022,0.058,-1.214e-4,0,0,0,0,1.433e-6,1.587,90,3.561,819.264,0.001,333.457,0.156,3.878e6,10,78.54,0.05,0.102,0.007
24.982,1757.213,1757.213,-51.905,52.069,-5.404,5.406,258.725,0.199,258.725,89.956,4.137,0.163,28.61,-80.597,0.174,-2.588e-4,1.58,0.008,-83.59,89.913,1169.027,343,0.162,0.001,9.787,96.744,70.447,2.63,0,0,5.115,0.463,0.262,0.078,0.123,0.463,0.034,0.089,-3.102e-4,0,0,0,0,1.174e-4,1.535,90,3.578,819.526,0.001,333.467,0.157,3.898e6,10,78.54,0.05,0.102,0.007
25.032,1754.611,1754.611,-52.174,52.337,-5.371,5.378,258.932,0.199,258.932,89.956,4.128,0.273,28.61,-80.597,0.111,-2.602e-4,3.195,0.012,-83.712,89.912,1169.027,343,0.162,0.001,9.787,96.794,70.447,2.635,0,0,5.168,0.463,0.262,0.078,0.123,0.463,0.022,0.057,2.69e-4,0,0,0,0,4.748e-4,1.52,90,3.595,819.789,0.001,333.477,0.157,3.919e6,10,78.54,0.05,0.103,0.007
25.082,1751.996,1751.996,-52.442,52.603,-5.35,5.374,259.138,0.2,259.138,89.956,4.108,0.507,28.61,-80.597,0.021,-2.602e-4,-3.617,0.04,-83.887,89.909,1169.027,343,0.162,0.001,9.787,96.865,70.447,2.642,0,0,5.222,0.463,0.262,0.078,0.123,0.463,0.004,0.012,-4.721e-5,0,0,0,0,-6.024e-4,1.527,90,3.612,820.054,0.001,333.488,0.158,3.939e6,10,78.54,0.05,0.103,0.007
25.132,1749.367,1749.367,-52.709,52.866,-5.328,5.38,259.342,0.2,259.343,89.956,4.077,0.75,28.61,-80.597,0.153,-2.607e-4,-2.729,0.001,-84.051,89.906,1169.027,343,0.162,0.001,9.787,96.763,70.447,2.632,0,0,5.277,0.463,0.262,0.078,0.123,0.463,0.03,0.079,-1.195e-4,0,0,0,0,-3.395e-4,1.558,90,3.629,820.32,0.001,333.498,0.159,3.96e6,10,78.54,0.05,0.103,0.007
25.182,1746.725,1746.725,-52.975,53.128,-5.305,5.399,259.545,0.2,259.545,89.956,4.033,1.005,28.61,-80.597,0.285,-2.6e-4,-0.491,6.087e-4,-84.137,89.904,1169.027,343,0.162,0.001,9.787,96.661,70.447,2.621,0,0,5.334,0.463,0.262,0.078,0.123,0.463,0.056,0.146,-2.211e-4,0,0,0,0,-1.087e-5,1.672,90,3.646,820.588,0.001,333.509,0.16,3.981e6,10,78.54,0.05,0.103,0.007
25.232,1744.069,1744.069,-53.239,53.388,-5.249,5.327,259.746,0.201,259.746,89.956,3.983,0.912,28.61,-80.597,0.23,-2.598e-4,2.489,-0.007,-84.085,89.906,1169.027,343,0.162,0.001,9.787,96.704,70.447,2.626,0,0,5.388,0.463,0.262,0.078,0.123,0.463,0.045,0.117,-2.737e-4,0,0,0,0,2.768e-4,1.749,90,3.664,820.856,0.001,333.519,0.161,4.002e6,10,78.54,0.05,0.103,0.007
25.282,1741.401,1741.401,-53.499,53.645,-5.162,5.187,259.944,0.201,259.944,89.956,3.947,0.511,28.61,-80.597,0.013,-2.6e-4,3.828,-0.051,-83.918,89.911,1169.027,343,0.162,0.001,9.787,96.874,70.447,2.643,0,0,5.441,0.463,0.262,0.078,0.123,0.463,0.002,0.006,2.596e-4,0,0,0,0,6.484e-4,1.766,90,3.681,821.126,0.001,333.53,0.161,4.022e6,10,78.54,0.05,0.103,0.007
25.332,1738.72,1738.72,-53.755,53.899,-5.088,5.096,260.141,0.202,260.141,89.956,3.929,0.274,28.61,-80.597,0.118,-2.602e-4,-3.026,-0.004,-83.741,89.914,1169.027,343,0.162,0.001,9.787,96.792,70.447,2.635,0,0,5.496,0.463,0.262,0.078,0.123,0.463,0.023,0.061,4.375e-4,0,0,0,0,-4.012e-4,1.855,90,3.698,821.398,0.001,333.54,0.162,4.042e6,10,78.54,0.05,0.104,0.007
25.382,1736.025,1736.025,-54.008,54.15,-5.018,5.019,260.337,0.202,260.337,89.955,3.919,0.073,28.61,-80.597,0.225,-2.609e-4,-1.291,-0.001,-83.629,89.916,1169.027,343,0.162,0.001,9.787,96.71,70.447,2.626,0,0,5.551,0.463,0.262,0.078,0.123,0.463,0.044,0.115,-2.759e-4,0,0,0,0,-7.23e-5,1.897,90,3.716,821.671,0.001,333.551,0.163,4.062e6,10,78.54,0.05,0.104,0.007
25.432,1733.319,1733.319,-54.257,54.399,-4.968,4.968,260.533,0.203,260.533,89.955,3.918,0.027,28.61,-80.597,0.248,-2.619e-4,1.441,0.004,-83.631,89.917,1169.027,343,0.162,0.001,9.787,96.693,70.447,2.625,0,0,5.604,0.463,0.262,0.078,0.123,0.463,0.048,0.127,-1.955e-4,0,0,0,0,8.928e-5,1.9,90,3.733,821.944,0.001,333.561,0.164,4.082e6,10,78.54,0.05,0.104,0.007
25.482,1730.6,1730.6,-54.505,54.646,-4.961,4.975,260.729,0.203,260.729,89.955,3.91,0.371,28.61,-80.597,0.073,-2.63e-4,3.414,0.015,-83.761,89.917,1169.027,343,0.162,0.001,9.787,96.829,70.447,2.638,0,0,5.657,0.463,0.262,0.078,0.124,0.463,0.014,0.037,-3.025e-4,0,0,0,0,4.968e-4,1.978,90,3.751,822.22,0.001,333.572,0.164,4.102e6,10,78.54,0.05,0.104,0.007
25.532,1727.868,1727.868,-54.754,54.891,-4.965,5.039,260.923,0.204,260.923,89.955,3.879,0.861,28.61,-80.597,0.172,-2.623e-4,-2.836,0.004,-83.928,89.916,1169.027,343,0.162,0.001,9.787,96.753,70.447,2.631,0,0,5.713,0.463,0.262,0.078,0.124,0.463,0.033,0.088,-2.231e-4,0,0,0,0,-3.396e-4,2.112,90,3.769,822.496,0.001,333.583,0.165,4.122e6,10,78.54,0.05,0.104,0.007
25.582,1725.124,1725.124,-55.001,55.134,-4.919,4.992,261.116,0.204,261.116,89.955,3.832,0.851,28.61,-80.597,0.167,-2.626e-4,-0.484,0.008,-84.01,89.913,1169.027,343,0.162,0.001,9.787,96.758,70.447,2.631,0,0,5.765,0.463,0.262,0.078,0.124,0.463,0.032,0.085,-4.337e-4,0,0,0,0,-9.795e-6,2.101,90,3.787,822.774,0.001,333.594,0.166,4.141e6,10,78.54,0.05,0.104,0.007
25.632,1722.368,1722.368,-55.245,55.376,-4.844,4.874,261.307,0.204,261.307,89.955,3.798,0.542,28.61,-80.597,0.014,-2.619e-4,0.523,0.013,-84.002,89.91,1169.027,343,0.162,0.001,9.787,96.877,70.447,2.643,0,0,5.814,0.463,0.262,0.078,0.124,0.463,0.003,0.007,4.198e-4,0,0,0,0,1.134e-5,2.021,90,3.805,823.053,0.001,333.604,0.167,4.159e6,10,78.54,0.05,0.104,0.007
25.682,1719.6,1719.6,-55.486,55.614,-4.773,4.781,261.496,0.205,261.496,89.955,3.777,0.281,28.61,-80.597,0.113,-2.622e-4,0.106,-4.064e-4,-83.986,89.911,1169.027,343,0.162,0.001,9.787,96.8,70.447,2.635,0,0,5.865,0.463,0.262,0.078,0.124,0.463,0.022,0.058,4.512e-4,0,0,0,0,4.583e-7,1.957,90,3.823,823.333,0.001,333.615,0.167,4.177e6,10,78.54,0.05,0.105,0.007
25.732,1716.82,1716.82,-55.723,55.85,-4.713,4.714,261.685,0.205,261.685,89.955,3.768,0.116,28.61,-80.597,0.19,-2.62e-4,1.883,0.003,-84.032,89.911,1169.027,343,0.162,0.001,9.787,96.741,70.447,2.629,0,0,5.915,0.464,0.262,0.078,0.124,0.464,0.037,0.098,3.273e-4,0,0,0,0,1.448e-4,1.87,90,3.841,823.614,0.001,333.626,0.168,4.195e6,10,78.54,0.05,0.105,0.007
25.782,1714.028,1714.028,-55.957,56.084,-4.686,4.694,261.873,0.206,261.873,89.955,3.76,0.268,28.61,-80.597,0.114,-2.639e-4,3.876,0.003,-84.18,89.911,1169.027,343,0.162,0.001,9.787,96.801,70.447,2.635,0,0,5.965,0.464,0.262,0.078,0.124,0.464,0.022,0.058,-2.141e-4,0,0,0,0,6.086e-4,1.831,90,3.859,823.897,0.001,333.637,0.169,4.213e6,10,78.54,0.05,0.105,0.007
25.832,1711.224,1711.224,-56.192,56.316,-4.674,4.709,262.061,0.206,262.061,89.955,3.739,0.575,28.61,-80.597,0.037,-2.637e-4,-4.283,0.011,-84.391,89.911,1169.027,343,0.162,0.001,9.787,96.861,70.447,2.641,0,0,6.016,0.464,0.262,0.078,0.124,0.464,0.007,0.02,-6.704e-6,0,0,0,0,-7.371e-4,1.816,90,3.877,824.181,0.001,333.648,0.169,4.231e6,10,78.54,0.05,0.105,0.007
25.882,1708.409,1708.409,-56.425,56.546,-4.649,4.712,262.247,0.207,262.247,89.955,3.704,0.769,28.61,-80.597,0.132,-2.631e-4,-3.174,0.002,-84.582,89.911,1169.027,343,0.162,0.001,9.787,96.788,70.447,2.634,0,0,6.066,0.464,0.262,0.078,0.124,0.464,0.026,0.068,1.044e-4,0,0,0,0,-4.014e-4,1.778,90,3.895,824.466,0.001,333.659,0.17,4.249e6,10,78.54,0.05,0.105,0.007
25.932,1705.582,1705.582,-56.657,56.775,-4.638,4.785,262.431,0.207,262.431,89.955,3.659,1.174,28.61,-80.597,0.317,-2.626e-4,-0.815,-6.168e-4,-84.691,89.912,1169.027,343,0.162,0.001,9.787,96.646,70.447,2.62,0,0,6.121,0.464,0.262,0.078,0.124,0.464,0.062,0.162,-3.615e-4,0,0,0,0,-2.625e-5,1.922,90,3.914,824.752,0.001,333.671,0.171,4.268e6,10,78.54,0.05,0.105,0.007
25.982,1702.743,1702.743,-56.887,57.001,-4.571,4.658,262.612,0.208,262.612,89.955,3.6,0.896,28.61,-80.597,0.185,-2.626e-4,2.927,-0.007,-84.631,89.913,1169.027,343,0.162,0.001,9.787,96.748,70.447,2.63,0,0,6.171,0.464,0.262,0.078,0.124,0.464,0.036,0.094,-4.661e-4,0,0,0,0,3.36e-4,1.932,90,3.932,825.039,0.001,333.682,0.171,4.286e6,10,78.54,0.05,0.106,0.007
26.032,1699.893,1699.893,-57.113,57.225,-4.461,4.464,262.791,0.208,262.792,89.955,3.574,0.175,28.61,-80.597,0.149,-2.627e-4,-3.082,-0.011,-84.465,89.912,1169.027,343,0.162,0.001,9.787,96.776,70.447,2.633,0,0,6.218,0.464,0.262,0.078,0.124,0.464,0.029,0.077,-4.671e-6,0,0,0,0,-3.697e-4,1.811,90,3.951,825.328,0.001,333.693,0.172,4.303e6,10,78.54,0.05,0.106,0.007
26.082,1697.032,1697.032,-57.334,57.445,-4.384,4.387,262.97,0.208,262.97,89.955,3.577,0.164,28.61,-80.597,0.303,-2.638e-4,-0.007,-0.008,-84.38,89.908,1169.027,343,0.162,0.001,9.787,96.658,70.447,2.621,0,0,6.269,0.464,0.262,0.078,0.124,0.464,0.059,0.155,4.96e-4,0,0,0,0,0,1.759,90,3.969,825.617,0.001,333.704,0.173,4.32e6,10,78.54,0.05,0.106,0.007
26.132,1694.159,1694.159,-57.552,57.664,-4.357,4.357,263.149,0.209,263.149,89.955,3.583,0.022,28.61,-80.597,0.237,-2.611e-4,3.477,-0.01,-84.471,89.905,1169.027,343,0.162,0.001,9.787,96.71,70.447,2.626,0,0,6.317,0.464,0.262,0.078,0.124,0.464,0.046,0.121,-4.504e-4,0,0,0,0,4.636e-4,1.749,90,3.988,825.908,0.001,333.716,0.173,4.337e6,10,78.54,0.05,0.106,0.007
26.182,1691.276,1691.276,-57.77,57.881,-4.372,4.411,263.328,0.209,263.328,89.954,3.571,0.586,28.61,-80.597,0.04,-2.593e-4,-4.924,-0.067,-84.695,89.903,1169.027,343,0.162,0.001,9.787,96.863,70.447,2.642,0,0,6.368,0.464,0.262,0.078,0.124,0.464,0.008,0.021,1.137e-4,0,0,0,0,-9.225e-4,1.834,90,4.007,826.2,0.001,333.727,0.174,4.355e6,10,78.54,0.05,0.106,0.007
26.232,1688.382,1688.382,-57.989,58.096,-4.378,4.53,263.506,0.21,263.506,89.954,3.526,1.165,28.61,-80.597,0.296,-2.602e-4,-2.622,-0.008,-84.896,89.905,1169.027,343,0.162,0.001,9.787,96.665,70.447,2.622,0,0,6.421,0.464,0.262,0.078,0.124,0.464,0.058,0.152,-2.61e-4,0,0,0,0,-2.596e-4,1.957,90,4.026,826.493,0.001,333.738,0.175,4.373e6,10,78.54,0.05,0.106,0.007
26.282,1685.478,1685.478,-58.207,58.31,-4.332,4.479,263.68,0.21,263.68,89.954,3.465,1.138,28.61,-80.597,0.282,-2.564e-4,1.394,-0.005,-84.925,89.907,1169.027,343,0.162,0.001,9.787,96.676,70.447,2.623,0,0,6.471,0.464,0.262,0.078,0.124,0.464,0.055,0.145,-1.733e-4,0,0,0,0,7.284e-5,1.993,90,4.044,826.787,0.001,333.75,0.175,4.39e6,10,78.54,0.05,0.106,0.007
26.332,1682.562,1682.562,-58.422,58.522,-4.241,4.276,263.852,0.211,263.853,89.954,3.421,0.55,28.61,-80.597,0.022,-2.539e-4,3.513,-0.027,-84.789,89.91,1169.027,343,0.162,0.001,9.787,96.878,70.447,2.643,0,0,6.517,0.464,0.262,0.078,0.124,0.464,0.004,0.011,-3.913e-4,0,0,0,0,4.594e-4,1.93,90,4.063,827.082,0.001,333.761,0.176,4.406e6,10,78.54,0.05,0.107,0.007
26.382,1679.635,1679.635,-58.632,58.73,-4.156,4.156,264.023,0.211,264.023,89.954,3.407,0.086,28.61,-80.597,0.183,-2.534e-4,-2.188,-0.003,-84.637,89.913,1169.027,343,0.162,0.001,9.787,96.754,70.447,2.631,0,0,6.565,0.464,0.262,0.078,0.124,0.464,0.036,0.094,-2.877e-4,0,0,0,0,-1.77e-4,1.908,90,4.082,827.378,0.001,333.773,0.176,4.423e6,10,78.54,0.05,0.107,0.008
26.432,1676.699,1676.699,-58.838,58.936,-4.099,4.1,264.193,0.211,264.193,89.954,3.407,0.066,28.61,-80.597,0.249,-2.524e-4,0.684,-0.004,-84.596,89.913,1169.027,343,0.162,0.001,9.787,96.703,70.447,2.626,0,0,6.614,0.464,0.262,0.078,0.124,0.464,0.049,0.128,4.242e-4,0,0,0,0,1.719e-5,1.901,90,4.101,827.675,0.001,333.784,0.177,4.439e6,10,78.54,0.05,0.107,0.008
26.482,1673.752,1673.752,-59.042,59.14,-4.056,4.058,264.364,0.212,264.364,89.954,3.411,0.118,28.61,-80.597,0.266,-2.495e-4,3.939,-0.007,-84.711,89.908,1169.027,343,0.162,0.001,9.787,96.691,70.447,2.624,0,0,6.66,0.464,0.262,0.078,0.124,0.464,0.052,0.136,1.514e-5,0,0,0,0,5.657e-4,1.778,90,4.121,827.974,0.001,333.796,0.178,4.455e6,10,78.54,0.05,0.107,0.008
26.532,1670.795,1670.795,-59.244,59.342,-4.064,4.083,264.534,0.212,264.535,89.954,3.409,0.389,28.61,-80.597,0.044,-2.478e-4,6.393,-0.069,-84.981,89.902,1169.027,343,0.162,0.001,9.787,96.864,70.447,2.642,0,0,6.705,0.464,0.262,0.078,0.124,0.464,0.009,0.021,-2.589e-4,0,0,0,0,0.001,1.749,90,4.14,828.273,0.001,333.808,0.178,4.471e6,10,78.54,0.05,0.107,0.008
26.582,1667.827,1667.827,-59.448,59.544,-4.07,4.18,264.704,0.213,264.704,89.954,3.373,0.954,28.61,-80.597,0.201,-2.479e-4,-5.075,-0.012,-85.28,89.896,1169.027,343,0.162,0.001,9.787,96.742,70.447,2.629,0,0,6.754,0.464,0.262,0.078,0.124,0.464,0.039,0.104,3.819e-4,0,0,0,0,-9.265e-4,1.745,90,4.159,828.573,0.001,333.819,0.179,4.487e6,10,78.54,0.05,0.107,0.008
26.632,1664.85,1664.85,-59.651,59.743,-4.023,4.114,264.871,0.213,264.872,89.954,3.324,0.86,28.61,-80.597,0.167,-2.471e-4,-2.192,-0.013,-85.459,89.897,1169.027,343,0.162,0.001,9.787,96.769,70.447,2.632,0,0,6.798,0.464,0.262,0.078,0.124,0.464,0.033,0.086,4.318e-4,0,0,0,0,-1.719e-4,1.589,90,4.178,828.875,0.001,333.831,0.179,4.502e6,10,78.54,0.05,0.107,0.008
26.682,1661.862,1661.862,-59.85,59.941,-3.977,4.051,265.037,0.213,265.037,89.954,3.286,0.772,28.61,-80.597,0.132,-2.492e-4,-0.545,-0.012,-85.526,89.904,1169.027,343,0.162,0.001,9.787,96.797,70.447,2.635,0,0,6.843,0.464,0.262,0.078,0.124,0.464,0.026,0.068,3.048e-4,0,0,0,0,-1.054e-5,1.535,90,4.198,829.177,0.001,333.843,0.18,4.517e6,10,78.54,0.05,0.108,0.008
26.732,1658.865,1658.865,-60.048,60.136,-3.933,4.001,265.2,0.214,265.2,89.954,3.248,0.733,28.61,-80.597,0.113,-2.506e-4,1.161,-0.014,-85.51,89.91,1169.027,343,0.162,0.001,9.787,96.811,70.447,2.636,0,0,6.891,0.464,0.262,0.078,0.124,0.464,0.022,0.059,1.69e-4,0,0,0,0,4.759e-5,1.587,90,4.217,829.48,0.001,333.855,0.18,4.533e6,10,78.54,0.05,0.108,0.008
26.782,1655.857,1655.857,-60.243,60.329,-3.862,3.877,265.362,0.214,265.362,89.954,3.219,0.336,28.61,-80.597,0.052,-2.514e-4,-1.828,-0.032,-85.426,89.912,1169.027,343,0.162,0.001,9.787,96.86,70.447,2.641,0,0,6.937,0.464,0.262,0.078,0.124,0.464,0.01,0.027,2.712e-4,0,0,0,0,-1.172e-4,1.546,90,4.237,829.785,0.001,333.866,0.181,4.549e6,10,78.54,0.05,0.108,0.008
26.832,1652.84,1652.84,-60.435,60.52,-3.84,3.884,265.522,0.215,265.522,89.954,3.203,0.586,28.61,-80.597,0.044,-2.517e-4,0.993,0.016,-85.361,89.906,1169.027,343,0.162,0.001,9.787,96.866,70.447,2.642,0,0,6.987,0.464,0.262,0.078,0.124,0.464,0.009,0.023,-1.328e-4,0,0,0,0,3.434e-5,1.748,90,4.257,830.09,0.001,333.878,0.182,4.565e6,10,78.54,0.05,0.108,0.008
26.882,1649.814,1649.814,-60.627,60.709,-3.796,3.836,265.681,0.215,265.682,89.954,3.168,0.556,28.61,-80.597,0.027,-2.522e-4,2.187,0.073,-85.28,89.898,1169.027,343,0.162,0.001,9.787,96.88,70.447,2.643,0,0,7.035,0.464,0.262,0.078,0.124,0.464,0.005,0.013,1.202e-4,0,0,0,0,1.656e-4,1.867,90,4.276,830.396,0.001,333.89,0.182,4.581e6,10,78.54,0.05,0.108,0.008
26.932,1646.778,1646.778,-60.815,60.896,-3.739,3.755,265.839,0.216,265.839,89.954,3.147,0.348,28.61,-80.597,0.061,-2.52e-4,-1.707,0.03,-85.178,89.898,1169.027,343,0.162,0.001,9.787,96.855,70.447,2.641,0,0,7.081,0.464,0.262,0.078,0.124,0.464,0.012,0.032,-4.201e-4,0,0,0,0,-1.002e-4,1.918,90,4.296,830.704,0.001,333.902,0.183,4.597e6,10,78.54,0.05,0.108,0.008
26.982,1643.732,1643.732,-61,61.081,-3.675,3.676,265.996,0.216,265.996,89.953,3.135,0.061,28.61,-80.597,0.176,-2.524e-4,-0.296,0.022,-85.122,89.907,1169.027,343,0.162,0.001,9.787,96.765,70.447,2.632,0,0,7.127,0.464,0.262,0.078,0.124,0.464,0.034,0.091,1.069e-4,0,0,0,0,-3.006e-6,1.882,90,4.316,831.012,0.001,333.914,0.183,4.612e6,10,78.54,0.05,0.109,0.008
27.032,1640.678,1640.678,-61.183,61.263,-3.633,3.633,266.153,0.216,266.153,89.953,3.136,0.007,28.61,-80.597,0.195,-2.521e-4,2.576,0.02,-85.178,89.917,1169.027,343,0.162,0.001,9.787,96.751,70.447,2.63,0,0,7.17,0.464,0.262,0.078,0.124,0.464,0.038,0.1,3.548e-4,0,0,0,0,2.256e-4,1.816,90,4.336,831.321,0.001,333.926,0.184,4.626e6,10,78.54,0.05,0.109,0.008
27.082,1637.614,1637.614,-61.364,61.444,-3.624,3.64,266.31,0.217,266.31,89.953,3.128,0.338,28.61,-80.597,0.06,-2.556e-4,4.463,0.056,-85.362,89.917,1169.027,343,0.162,0.001,9.787,96.857,70.447,2.641,0,0,7.214,0.464,0.262,0.078,0.124,0.464,0.012,0.03,1.732e-4,0,0,0,0,6.731e-4,1.786,90,4.356,831.631,0.001,333.938,0.184,4.641e6,10,78.54,0.05,0.109,0.008
27.132,1634.541,1634.541,-61.545,61.623,-3.616,3.686,266.466,0.217,266.466,89.953,3.101,0.713,28.61,-80.597,0.093,-2.553e-4,-4.138,0.025,-85.585,89.908,1169.027,343,0.162,0.001,9.787,96.831,70.447,2.638,0,0,7.258,0.464,0.262,0.078,0.124,0.464,0.018,0.049,-4.543e-4,0,0,0,0,-5.756e-4,1.751,90,4.375,831.942,0.001,333.95,0.185,4.655e6,10,78.54,0.05,0.109,0.008
27.182,1631.46,1631.46,-61.726,61.801,-3.599,3.74,266.62,0.218,266.62,89.953,3.058,1.017,28.61,-80.597,0.214,-2.551e-4,-1.945,0.007,-85.744,89.897,1169.027,343,0.162,0.001,9.787,96.738,70.447,2.629,0,0,7.303,0.464,0.262,0.078,0.124,0.464,0.042,0.11,-7.466e-5,0,0,0,0,-1.264e-4,1.768,90,4.396,832.254,0.001,333.963,0.185,4.669e6,10,78.54,0.05,0.109,0.008
27.232,1628.369,1628.369,-61.905,61.978,-3.567,3.735,266.771,0.218,266.771,89.953,3.004,1.107,28.61,-80.597,0.247,-2.559e-4,1.456,0.012,-85.758,89.89,1169.027,343,0.162,0.001,9.787,96.713,70.447,2.627,0,0,7.349,0.464,0.262,0.078,0.124,0.464,0.048,0.126,8.132e-5,0,0,0,0,7.041e-5,1.856,90,4.416,832.567,0.001,333.975,0.186,4.684e6,10,78.54,0.05,0.109,0.008
27.282,1625.269,1625.269,-62.082,62.152,-3.501,3.574,266.92,0.218,266.92,89.953,2.956,0.718,28.61,-80.597,0.092,-2.528e-4,4.146,0.024,-85.608,89.894,1169.027,343,0.162,0.001,9.787,96.834,70.447,2.639,0,0,7.392,0.464,0.262,0.078,0.125,0.464,0.018,0.047,-1.804e-4,0,0,0,0,5.677e-4,1.912,90,4.436,832.881,0.001,333.987,0.186,4.699e6,10,78.54,0.05,0.109,0.008
27.332,1622.161,1622.161,-62.255,62.324,-3.433,3.451,267.067,0.219,267.067,89.953,2.932,0.347,28.61,-80.597,0.059,-2.529e-4,-4.115,0.024,-85.394,89.907,1169.027,343,0.162,0.001,9.787,96.86,70.447,2.641,0,0,7.438,0.464,0.262,0.078,0.125,0.464,0.011,0.031,1.916e-4,0,0,0,0,-5.561e-4,2.02,90,4.456,833.195,0.001,333.999,0.187,4.713e6,10,78.54,0.05,0.11,0.008
27.382,1619.044,1619.044,-62.425,62.493,-3.366,3.366,267.213,0.219,267.214,89.953,2.922,0.008,28.61,-80.597,0.193,-2.522e-4,-2.398,0.006,-85.223,89.92,1169.027,343,0.162,0.001,9.787,96.756,70.447,2.631,0,0,7.483,0.464,0.262,0.078,0.125,0.465,0.038,0.099,5.359e-5,0,0,0,0,-1.878e-4,2.083,90,4.476,833.511,0.001,334.011,0.187,4.728e6,10,78.54,0.05,0.11,0.008
27.432,1615.918,1615.918,-62.592,62.66,-3.308,3.317,267.36,0.22,267.36,89.953,2.928,0.242,28.61,-80.597,0.286,-2.578e-4,1.163,0.007,-85.187,89.925,1169.027,343,0.162,0.001,9.787,96.685,70.447,2.624,0,0,7.525,0.464,0.262,0.078,0.125,0.465,0.056,0.147,9.027e-5,0,0,0,0,4.393e-5,2.027,90,4.497,833.827,0.001,334.024,0.188,4.741e6,10,78.54,0.048,0.11,0.008
27.479,1612.933,1612.933,-62.749,62.818,-3.306,3.308,267.499,0.22,267.499,89.953,2.934,0.119,28.61,-80.597,0.147,-2.579e-4,4.6,0.016,-85.332,89.922,1169.027,343,0.162,0.001,9.787,96.792,70.447,2.635,0,0,7.564,0.465,0.262,0.078,0.125,0.465,0.029,0.075,-3.343e-4,0,0,0,0,6.842e-4,2.026,90,4.516,834.129,0.001,334.036,0.188,4.754e6,10,78.54,0.05,0.11,0.008
27.529,1609.792,1609.792,-62.915,62.982,-3.312,3.37,267.646,0.22,267.646,89.953,2.913,0.624,28.61,-80.597,0.048,-2.565e-4,-5.018,0.034,-85.584,89.913,1169.027,343,0.162,0.001,9.787,96.87,70.447,2.642,0,0,7.605,0.465,0.262,0.078,0.125,0.465,0.009,0.026,1.153e-4,0,0,0,0,-8.1e-4,1.999,90,4.536,834.447,0.001,334.048,0.189,4.768e6,10,78.54,0.05,0.11,0.008
27.579,1606.642,1606.642,-63.08,63.145,-3.299,3.433,267.79,0.221,267.79,89.953,2.874,0.949,28.61,-80.597,0.174,-2.561e-4,-3.348,0.003,-85.8,89.903,1169.027,343,0.162,0.001,9.787,96.772,70.447,2.633,0,0,7.647,0.465,0.262,0.078,0.125,0.465,0.034,0.09,3.411e-4,0,0,0,0,-3.587e-4,1.951,90,4.557,834.766,0.001,334.06,0.189,4.781e6,10,78.54,0.05,0.11,0.008
27.629,1603.484,1603.484,-63.244,63.307,-3.27,3.434,267.933,0.221,267.933,89.953,2.823,1.05,28.61,-80.597,0.213,-2.588e-4,-0.338,-0.003,-85.894,89.899,1169.027,343,0.162,0.001,9.787,96.743,70.447,2.63,0,0,7.689,0.465,0.262,0.078,0.125,0.465,0.042,0.109,-1.744e-4,0,0,0,0,-3.633e-6,1.953,90,4.577,835.086,0.001,334.073,0.19,4.794e6,10,78.54,0.05,0.11,0.008
27.679,1600.317,1600.317,-63.407,63.467,-3.219,3.324,268.073,0.221,268.073,89.953,2.775,0.828,28.61,-80.597,0.129,-2.587e-4,2.338,-0.009,-85.839,89.905,1169.027,343,0.162,0.001,9.787,96.809,70.447,2.636,0,0,7.73,0.465,0.262,0.078,0.125,0.465,0.025,0.066,4.247e-4,0,0,0,0,1.732e-4,1.981,90,4.598,835.406,0.001,334.085,0.19,4.807e6,10,78.54,0.05,0.111,0.008
27.729,1597.143,1597.143,-63.566,63.625,-3.161,3.204,268.211,0.222,268.211,89.953,2.742,0.525,28.61,-80.597,0.012,-2.6e-4,3.281,-0.145,-85.692,89.916,1169.027,343,0.162,0.001,9.787,96.9,70.447,2.645,0,0,7.772,0.465,0.262,0.078,0.125,0.465,0.002,0.006,-4.444e-4,0,0,0,0,3.393e-4,2.06,90,4.619,835.728,0.001,334.098,0.191,4.821e6,10,78.54,0.05,0.111,0.008
27.779,1593.961,1593.961,-63.722,63.781,-3.091,3.092,268.347,0.222,268.347,89.953,2.725,0.08,28.61,-80.597,0.154,-2.595e-4,-2.423,-0.009,-85.539,89.923,1169.027,343,0.162,0.001,9.787,96.79,70.447,2.634,0,0,7.813,0.465,0.262,0.078,0.125,0.465,0.03,0.08,-3.587e-4,0,0,0,0,-1.842e-4,2.074,90,4.639,836.05,0.001,334.11,0.191,4.834e6,10,78.54,0.05,0.111,0.008
27.829,1590.771,1590.771,-63.876,63.934,-3.062,3.068,268.483,0.223,268.484,89.953,2.725,0.181,28.61,-80.597,0.121,-2.579e-4,0.36,-0.011,-85.49,89.921,1169.027,343,0.162,0.001,9.787,96.816,70.447,2.637,0,0,7.855,0.465,0.262,0.078,0.125,0.465,0.024,0.062,-7.415e-5,0,0,0,0,4.048e-6,2.178,90,4.66,836.373,0.001,334.123,0.192,4.847e6,10,78.54,0.05,0.111,0.008
27.879,1587.573,1587.573,-64.029,64.086,-3.053,3.096,268.619,0.223,268.619,89.952,2.705,0.514,28.61,-80.597,0.002,-2.595e-4,0.982,-0.215,-85.531,89.912,1169.027,343,0.162,0.001,9.787,96.909,70.447,2.646,0,0,7.897,0.465,0.262,0.078,0.125,0.465,3.089e-4,3.957e-4,2.289e-5,0,0,0,0,2.998e-5,2.298,90,4.681,836.696,0.001,334.135,0.192,4.861e6,10,78.54,0.05,0.111,0.008
27.929,1584.368,1584.368,-64.181,64.237,-3.028,3.097,268.754,0.223,268.754,89.952,2.675,0.649,28.61,-80.597,0.047,-2.589e-4,-0.592,-0.006,-85.574,89.906,1169.027,343,0.162,0.001,9.787,96.874,70.447,2.643,0,0,7.938,0.465,0.262,0.078,0.125,0.465,0.009,0.024,-1.884e-4,0,0,0,0,-1.083e-5,2.346,90,4.702,837.021,0.001,334.148,0.193,4.873e6,10,78.54,0.05,0.111,0.008
27.979,1581.155,1581.155,-64.332,64.386,-2.991,3.05,268.887,0.224,268.887,89.952,2.643,0.6,28.61,-80.597,0.029,-2.588e-4,0.141,0.004,-85.584,89.905,1169.027,343,0.162,0.001,9.787,96.889,70.447,2.644,0,0,7.977,0.465,0.262,0.078,0.125,0.465,0.006,0.015,-4.573e-4,0,0,0,0,6.13e-7,2.358,90,4.722,837.346,0.001,334.161,0.193,4.886e6,10,78.54,0.05,0.112,0.008
28.029,1577.935,1577.935,-64.48,64.533,-2.931,2.94,269.018,0.224,269.018,89.952,2.619,0.238,28.61,-80.597,0.099,-2.575e-4,0.142,0.015,-85.576,89.909,1169.027,343,0.162,0.001,9.787,96.835,70.447,2.639,0,0,8.014,0.465,0.262,0.078,0.125,0.465,0.019,0.05,2.678e-4,0,0,0,0,6.145e-7,2.258,90,4.743,837.672,0.001,334.173,0.194,4.898e6,10,78.54,0.05,0.112,0.008
28.079,1574.707,1574.707,-64.625,64.678,-2.883,2.883,269.149,0.224,269.149,89.952,2.615,0.016,28.61,-80.597,0.173,-2.581e-4,2.521,0.017,-85.638,89.918,1169.027,343,0.162,0.001,9.787,96.778,70.447,2.633,0,0,8.051,0.465,0.262,0.078,0.125,0.465,0.034,0.089,-4.366e-5,0,0,0,0,1.938e-4,2.118,90,4.764,837.998,0.001,334.186,0.194,4.909e6,10,78.54,0.05,0.112,0.008
28.129,1571.472,1571.472,-64.769,64.821,-2.875,2.894,269.28,0.225,269.28,89.952,2.609,0.326,28.61,-80.597,0.059,-2.566e-4,4.629,0.045,-85.825,89.919,1169.027,343,0.162,0.001,9.787,96.867,70.447,2.642,0,0,8.088,0.465,0.262,0.078,0.125,0.465,0.011,0.029,-8.853e-5,0,0,0,0,6.509e-4,2.052,90,4.785,838.326,0.001,334.199,0.194,4.921e6,10,78.54,0.05,0.112,0.008
28.179,1568.23,1568.23,-64.912,64.964,-2.877,2.988,269.409,0.225,269.41,89.952,2.58,0.809,28.61,-80.597,0.117,-2.555e-4,-4.096,0.016,-86.054,89.909,1169.027,343,0.162,0.001,9.787,96.822,70.447,2.638,0,0,8.126,0.465,0.262,0.078,0.125,0.465,0.023,0.06,3.504e-4,0,0,0,0,-5.076e-4,2.03,90,4.807,838.654,0.001,334.212,0.195,4.933e6,10,78.54,0.05,0.112,0.008
28.229,1564.981,1564.981,-65.056,65.105,-2.853,3.008,269.537,0.225,269.537,89.952,2.534,0.953,28.61,-80.597,0.17,-2.529e-4,-1.542,0.001,-86.197,89.901,1169.027,343,0.162,0.001,9.787,96.781,70.447,2.633,0,0,8.163,0.465,0.262,0.078,0.125,0.465,0.033,0.088,2.608e-4,0,0,0,0,-7.165e-5,1.984,90,4.828,838.983,0.001,334.224,0.195,4.944e6,10,78.54,0.05,0.112,0.008
28.279,1561.725,1561.725,-65.198,65.245,-2.825,3.006,269.663,0.226,269.663,89.952,2.487,1.027,28.61,-80.597,0.194,-2.484e-4,1.085,0.001,-86.21,89.9,1169.027,343,0.162,0.001,9.787,96.763,70.447,2.632,0,0,8.202,0.465,0.262,0.078,0.125,0.465,0.038,0.1,-1.027e-4,0,0,0,0,3.533e-5,2.054,90,4.849,839.312,0.001,334.237,0.196,4.956e6,10,78.54,0.05,0.112,0.008
28.329,1558.461,1558.461,-65.338,65.383,-2.774,2.874,269.786,0.226,269.786,89.952,2.439,0.75,28.61,-80.597,0.094,-2.47e-4,3.791,0.001,-86.081,89.905,1169.027,343,0.162,0.001,9.787,96.841,70.447,2.639,0,0,8.24,0.465,0.262,0.078,0.125,0.465,0.018,0.048,-4.685e-4,0,0,0,0,4.292e-4,2.144,90,4.87,839.643,0.001,334.25,0.196,4.968e6,10,78.54,0.05,0.113,0.008
28.379,1555.191,1555.191,-65.475,65.519,-2.686,2.686,269.907,0.227,269.907,89.952,2.419,0.054,28.61,-80.597,0.187,-2.474e-4,-3.294,0.002,-85.886,89.911,1169.027,343,0.162,0.001,9.787,96.769,70.447,2.632,0,0,8.277,0.465,0.262,0.078,0.125,0.465,0.036,0.096,3.179e-4,0,0,0,0,-3.227e-4,2.076,90,4.891,839.974,0.001,334.263,0.196,4.98e6,10,78.54,0.05,0.113,0.008
28.429,1551.914,1551.914,-65.607,65.652,-2.625,2.663,270.029,0.227,270.029,89.952,2.436,0.443,28.61,-80.597,0.319,-2.478e-4,1.288,0.002,-85.829,89.912,1169.027,343,0.162,0.001,9.787,96.668,70.447,2.622,0,0,8.314,0.465,0.262,0.078,0.125,0.465,0.062,0.163,3.903e-4,0,0,0,0,4.915e-5,1.982,90,4.913,840.305,0.001,334.276,0.197,4.991e6,10,78.54,0.039,0.113,0.008
28.468,1549.368,1549.368,-65.709,65.754,-2.612,2.636,270.123,0.227,270.123,89.952,2.451,0.356,28.61,-80.597,0.284,-2.503e-4,4.978,-0.003,-85.952,89.91,1169.027,343,0.162,0.001,9.787,96.695,70.447,2.625,0,0,8.34,0.465,0.262,0.078,0.125,0.465,0.056,0.145,-4.493e-4,0,0,0,0,7.321e-4,1.872,90,4.929,840.563,0.001,334.286,0.197,4.999e6,10,78.54,0.044,0.113,0.008
28.512,1546.507,1546.507,-65.822,65.868,-2.624,2.628,270.23,0.228,270.23,89.952,2.459,0.134,28.61,-80.597,0.109,-2.524e-4,8.132,0.009,-86.246,89.905,1169.027,343,0.162,0.001,9.787,96.831,70.447,2.638,0,0,8.367,0.465,0.262,0.078,0.125,0.465,0.021,0.054,1.65e-4,0,0,0,0,0.002,1.734,90,4.948,840.853,0.001,334.297,0.197,5.008e6,10,78.54,0.05,0.113,0.008
28.562,1543.213,1543.213,-65.955,65.999,-2.664,2.987,270.352,0.228,270.353,89.952,2.422,1.351,28.61,-80.597,0.31,-2.508e-4,-6.388,0.003,-86.635,89.896,1169.027,343,0.162,0.001,9.787,96.676,70.447,2.623,0,0,8.406,0.465,0.262,0.078,0.125,0.465,0.061,0.16,1.282e-4,0,0,0,0,-0.001,1.814,90,4.969,841.186,0.001,334.31,0.198,5.019e6,10,78.54,0.039,0.113,0.008
28.601,1540.635,1540.635,-66.059,66.101,-2.667,3.32,270.446,0.228,270.446,89.952,2.354,1.976,28.61,-80.597,0.518,-2.525e-4,-0.807,0.005,-86.784,89.889,1169.027,343,0.162,0.001,9.787,96.517,70.447,2.607,0,0,8.441,0.465,0.262,0.078,0.125,0.465,0.102,0.266,1.22e-5,0,0,0,0,-1.906e-5,1.957,90,4.986,841.447,0.001,334.32,0.198,5.029e6,10,78.54,0.024,0.113,0.008
28.624,1539.082,1539.082,-66.121,66.162,-2.639,3.124,270.501,0.228,270.501,89.952,2.311,1.671,28.61,-80.597,0.417,-2.523e-4,2.858,0.005,-86.758,89.888,1169.027,343,0.162,0.001,9.787,96.594,70.447,2.615,0,0,8.455,0.465,0.262,0.078,0.125,0.465,0.082,0.213,-2.396e-4,0,0,0,0,2.383e-4,1.917,90,4.996,841.604,0.001,334.326,0.198,5.034e6,10,78.54,0.029,0.114,0.008
28.653,1537.151,1537.151,-66.198,66.237,-2.592,2.802,270.567,0.229,270.568,89.952,2.271,1.065,28.61,-80.597,0.213,-2.527e-4,5.902,0.004,-86.626,89.892,1169.027,343,0.162,0.001,9.787,96.751,70.447,2.63,0,0,8.471,0.465,0.262,0.078,0.125,0.465,0.042,0.108,-4.587e-4,0,0,0,0,0.001,1.879,90,5.009,841.8,0.001,334.334,0.198,5.04e6,10,78.54,0.044,0.114,0.008
28.697,1534.249,1534.249,-66.31,66.347,-2.52,2.537,270.666,0.229,270.666,89.952,2.241,0.297,28.61,-80.597,0.053,-2.527e-4,-7.043,0.023,-86.329,89.902,1169.027,343,0.162,0.001,9.787,96.876,70.447,2.643,0,0,8.502,0.465,0.262,0.078,0.125,0.465,0.01,0.029,-3.748e-4,0,0,0,0,-0.001,1.952,90,5.027,842.093,0.001,334.345,0.199,5.05e6,10,78.54,0.05,0.114,0.008
28.747,1530.931,1530.931,-66.433,66.471,-2.438,2.471,270.778,0.229,270.778,89.951,2.246,0.405,28.61,-80.597,0.294,-2.521e-4,-3.863,0.002,-86.041,89.913,1169.027,343,0.162,0.001,9.787,96.69,70.447,2.624,0,0,8.54,0.465,0.262,0.078,0.125,0.465,0.058,0.151,3.965e-4,0,0,0,0,-4.314e-4,2.009,90,5.049,842.429,0.001,334.359,0.199,5.061e6,10,78.54,0.041,0.114,0.009
28.788,1528.215,1528.215,-66.532,66.571,-2.405,2.456,270.87,0.23,270.87,89.951,2.266,0.495,28.61,-80.597,0.325,-2.492e-4,0.547,-0.002,-85.972,89.915,1169.027,343,0.162,0.001,9.787,96.666,70.447,2.622,0,0,8.569,0.465,0.262,0.078,0.125,0.465,0.064,0.167,-1.341e-4,0,0,0,0,8.626e-6,2.039,90,5.067,842.704,0.001,334.369,0.199,5.069e6,10,78.54,0.037,0.114,0.009
28.825,1525.763,1525.763,-66.621,66.66,-2.403,2.416,270.954,0.23,270.954,89.951,2.28,0.251,28.61,-80.597,0.242,-2.496e-4,4.085,-0.008,-86.061,89.91,1169.027,343,0.162,0.001,9.787,96.73,70.447,2.628,0,0,8.593,0.465,0.262,0.078,0.125,0.465,0.047,0.124,2.947e-4,0,0,0,0,4.797e-4,2.024,90,5.083,842.952,0.001,334.379,0.2,5.077e6,10,78.54,0.049,0.114,0.009
28.874,1522.475,1522.475,-66.74,66.778,-2.428,2.481,271.067,0.23,271.067,89.951,2.276,0.511,28.61,-80.597,0.016,-2.527e-4,-6.217,-0.139,-86.332,89.9,1169.027,343,0.162,0.001,9.787,96.906,70.447,2.646,0,0,8.625,0.465,0.262,0.078,0.125,0.465,0.003,0.009,-2.045e-4,0,0,0,0,-0.001,2.02,90,5.104,843.285,0.001,334.392,0.2,5.087e6,10,78.54,0.05,0.115,0.009
28.924,1519.135,1519.135,-66.861,66.899,-2.439,2.722,271.179,0.23,271.179,89.951,2.231,1.209,28.61,-80.597,0.25,-2.528e-4,-3.629,-0.011,-86.593,89.896,1169.027,343,0.162,0.001,9.788,96.725,70.447,2.628,0,0,8.661,0.465,0.262,0.078,0.125,0.465,0.049,0.128,2.139e-5,0,0,0,0,-3.759e-4,2.043,90,5.126,843.623,0.001,334.405,0.2,5.098e6,10,78.54,0.047,0.115,0.009
28.972,1515.964,1515.964,-66.977,67.012,-2.419,2.782,271.284,0.231,271.284,89.951,2.169,1.375,28.61,-80.597,0.304,-2.498e-4,0.866,-0.007,-86.661,89.901,1169.027,343,0.162,0.001,9.788,96.683,70.447,2.624,0,0,8.694,0.465,0.262,0.078,0.125,0.465,0.06,0.156,3.085e-4,0,0,0,0,2.132e-5,2.095,90,5.146,843.944,0.001,334.418,0.201,5.108e6,10,78.54,0.039,0.115,0.009
29.01,1513.359,1513.359,-67.07,67.103,-2.383,2.629,271.367,0.231,271.367,89.951,2.119,1.112,28.61,-80.597,0.215,-2.493e-4,4.48,-0.01,-86.553,89.908,1169.027,343,0.162,0.001,9.788,96.752,70.447,2.63,0,0,8.72,0.465,0.262,0.078,0.125,0.465,0.042,0.11,-1.169e-4,0,0,0,0,5.691e-4,2.173,90,5.163,844.208,0.001,334.428,0.201,5.116e6,10,78.54,0.05,0.115,0.009
29.06,1510.003,1510.003,-67.187,67.219,-2.297,2.303,271.472,0.231,271.472,89.951,2.084,0.171,28.61,-80.597,0.098,-2.515e-4,-5.722,-0.013,-86.277,89.911,1169.027,343,0.162,0.001,9.788,96.843,70.447,2.64,0,0,8.752,0.465,0.262,0.078,0.125,0.465,0.019,0.052,-7.094e-7,0,0,0,0,-9.253e-4,2.172,90,5.185,844.548,0.001,334.441,0.201,5.126e6,10,78.54,0.05,0.116,0.009
29.11,1506.641,1506.641,-67.299,67.332,-2.195,2.364,271.576,0.232,271.576,89.951,2.106,0.877,28.61,-80.597,0.436,-2.546e-4,-0.71,3.152e-4,-86.095,89.912,1169.027,343,0.162,0.001,9.788,96.583,70.447,2.614,0,0,8.786,0.465,0.262,0.078,0.125,0.465,0.086,0.224,1.171e-4,0,0,0,0,-1.422e-5,1.974,90,5.207,844.888,0.001,334.454,0.202,5.135e6,10,78.54,0.027,0.116,0.009
29.137,1504.841,1504.841,-67.358,67.391,-2.175,2.385,271.633,0.232,271.633,89.951,2.131,0.979,28.61,-80.597,0.466,-2.531e-4,3.506,-0.001,-86.132,89.911,1169.027,343,0.162,0.001,9.788,96.56,70.447,2.611,0,0,8.803,0.465,0.262,0.078,0.125,0.466,0.092,0.239,4.879e-4,0,0,0,0,3.458e-4,1.873,90,5.219,845.07,0.001,334.461,0.202,5.14e6,10,78.54,0.025,0.116,0.009
29.162,1503.149,1503.149,-67.412,67.447,-2.188,2.285,271.687,0.232,271.687,89.951,2.153,0.656,28.61,-80.597,0.359,-2.516e-4,7.202,-0.004,-86.268,89.908,1169.027,343,0.162,0.001,9.788,96.642,70.447,2.62,0,0,8.816,0.465,0.262,0.078,0.125,0.465,0.07,0.183,-2.423e-4,0,0,0,0,0.001,1.82,90,5.23,845.241,0.001,334.468,0.202,5.145e6,10,78.54,0.033,0.116,0.009
29.195,1500.949,1500.949,-67.484,67.519,-2.23,2.237,271.757,0.232,271.757,89.951,2.162,0.183,28.61,-80.597,0.083,-2.521e-4,9.69,-3.693e-4,-86.552,89.902,1169.027,343,0.162,0.001,9.788,96.855,70.447,2.641,0,0,8.833,0.465,0.262,0.078,0.125,0.465,0.016,0.04,4.525e-4,0,0,0,0,0.003,1.806,90,5.244,845.464,0.001,334.477,0.202,5.151e6,10,78.54,0.049,0.116,0.009
29.244,1497.644,1497.644,-67.595,67.628,-2.278,2.832,271.862,0.233,271.862,89.951,2.114,1.682,28.61,-80.597,0.404,-2.55e-4,-6.678,-0.004,-86.983,89.893,1169.027,343,0.162,0.001,9.788,96.608,70.447,2.616,0,0,8.871,0.465,0.262,0.078,0.125,0.465,0.079,0.209,4.6e-4,0,0,0,0,-0.001,1.926,90,5.265,845.811,0.001,334.49,0.202,5.161e6,10,78.54,0.028,0.117,0.009
29.272,1495.721,1495.721,-67.66,67.691,-2.267,2.922,271.922,0.233,271.922,89.951,2.062,1.843,28.61,-80.597,0.458,-2.563e-4,-2.234,-0.008,-87.111,89.894,1169.027,343,0.162,0.001,9.788,96.567,70.447,2.612,0,0,8.89,0.465,0.262,0.078,0.125,0.466,0.09,0.235,-1.311e-4,0,0,0,0,-1.392e-4,1.895,90,5.278,846.015,0.001,334.497,0.203,5.167e6,10,78.54,0.025,0.117,0.009
29.298,1494.013,1494.013,-67.716,67.747,-2.243,2.749,271.973,0.233,271.973,89.951,2.018,1.59,28.61,-80.597,0.379,-2.581e-4,1.492,-0.007,-87.119,89.897,1169.027,343,0.162,0.001,9.788,96.628,70.447,2.618,0,0,8.903,0.465,0.262,0.078,0.125,0.465,0.074,0.195,-2.191e-4,0,0,0,0,6.2e-5,1.839,90,5.289,846.197,0.001,334.504,0.203,5.171e6,10,78.54,0.03,0.117,0.009
29.328,1491.953,1491.953,-67.784,67.813,-2.2,2.407,272.034,0.233,272.034,89.951,1.979,0.977,28.61,-80.597,0.184,-2.569e-4,4.531,-0.01,-87.022,89.901,1169.027,343,0.162,0.001,9.788,96.778,70.447,2.633,0,0,8.918,0.465,0.262,0.078,0.125,0.465,0.036,0.094,-4.239e-5,0,0,0,0,5.706e-4,1.766,90,5.302,846.416,0.001,334.512,0.203,5.177e6,10,78.54,0.046,0.117,0.009
29.374,1488.858,1488.858,-67.883,67.911,-2.121,2.122,272.123,0.234,272.124,89.951,1.959,0.068,28.61,-80.597,0.152,-2.573e-4,-4.667,-0.011,-86.793,89.905,1169.027,343,0.162,0.001,9.788,96.803,70.447,2.636,0,0,8.945,0.465,0.262,0.078,0.125,0.465,0.03,0.079,4.163e-4,0,0,0,0,-6.038e-4,1.664,90,5.322,846.745,0.001,334.524,0.203,5.185e6,10,78.54,0.05,0.117,0.009
29.424,1485.461,1485.461,-67.987,68.016,-2.067,2.125,272.222,0.234,272.222,89.951,1.98,0.49,28.61,-80.597,0.288,-2.622e-4,-0.067,-0.002,-86.667,89.905,1169.027,343,0.162,0.001,9.788,96.699,70.447,2.625,0,0,8.977,0.465,0.262,0.078,0.125,0.465,0.056,0.148,3.373e-4,0,0,0,0,-1.258e-7,1.637,90,5.345,847.107,0.001,334.538,0.204,5.195e6,10,78.54,0.04,0.118,0.009
29.463,1482.762,1482.762,-68.069,68.098,-2.068,2.073,272.301,0.234,272.301,89.951,1.993,0.141,28.61,-80.597,0.177,-2.64e-4,3.264,-0.009,-86.736,89.9,1169.027,343,0.162,0.001,9.788,96.784,70.447,2.634,0,0,9.001,0.465,0.262,0.078,0.125,0.465,0.035,0.091,-1.038e-4,0,0,0,0,2.936e-4,1.678,90,5.362,847.394,0.001,334.548,0.204,5.202e6,10,78.54,0.05,0.118,0.009
29.513,1479.356,1479.356,-68.173,68.201,-2.082,2.157,272.4,0.234,272.4,89.951,1.983,0.565,28.61,-80.597,0.05,-2.657e-4,-4.399,-0.015,-86.943,89.896,1169.027,343,0.162,0.001,9.788,96.883,70.447,2.644,0,0,9.032,0.465,0.262,0.078,0.125,0.465,0.01,0.026,-1.145e-4,0,0,0,0,-5.319e-4,1.718,90,5.384,847.756,0.001,334.562,0.204,5.212e6,10,78.54,0.05,0.118,0.009
29.563,1475.945,1475.945,-68.277,68.304,-2.081,2.363,272.498,0.235,272.498,89.951,1.939,1.119,28.61,-80.597,0.226,-2.621e-4,-1.779,-0.005,-87.109,89.9,1169.027,343,0.162,0.001,9.788,96.747,70.447,2.63,0,0,9.064,0.465,0.262,0.078,0.125,0.465,0.044,0.116,2.363e-4,0,0,0,0,-8.675e-5,1.779,90,5.406,848.119,0.001,334.575,0.204,5.221e6,10,78.54,0.05,0.118,0.009
29.613,1472.534,1472.534,-68.38,68.406,-2.054,2.336,272.594,0.235,272.594,89.951,1.881,1.112,28.61,-80.597,0.222,-2.657e-4,2.534,-0.001,-87.089,89.904,1169.027,343,0.162,0.001,9.788,96.75,70.447,2.63,0,0,9.095,0.465,0.262,0.078,0.125,0.465,0.043,0.114,-1.934e-4,0,0,0,0,1.754e-4,1.863,90,5.429,848.482,0.001,334.589,0.205,5.231e6,10,78.54,0.05,0.118,0.009
29.663,1469.113,1469.113,-68.482,68.506,-1.993,2.032,272.687,0.235,272.687,89.951,1.84,0.392,28.61,-80.597,0.007,-2.647e-4,-4.774,-0.001,-86.889,89.903,1169.027,343,0.162,0.001,9.788,96.918,70.447,2.647,0,0,9.124,0.465,0.262,0.078,0.125,0.465,0.001,0.005,4.674e-5,0,0,0,0,-6.207e-4,1.873,90,5.451,848.846,0.001,334.602,0.205,5.24e6,10,78.54,0.05,0.118,0.009
29.713,1465.686,1465.686,-68.579,68.604,-1.919,1.972,272.779,0.236,272.779,89.95,1.845,0.455,28.61,-80.597,0.272,-2.678e-4,-1.869,-0.004,-86.706,89.9,1169.027,343,0.162,0.001,9.788,96.712,70.447,2.626,0,0,9.154,0.465,0.262,0.078,0.125,0.466,0.053,0.141,4.066e-4,0,0,0,0,-9.485e-5,1.775,90,5.473,849.21,0.001,334.616,0.205,5.248e6,10,78.54,0.041,0.119,0.009
29.754,1462.876,1462.876,-68.657,68.683,-1.902,1.943,272.854,0.236,272.855,89.95,1.865,0.398,28.61,-80.597,0.255,-2.647e-4,2.256,-0.003,-86.715,89.897,1169.027,343,0.162,0.001,9.788,96.726,70.447,2.628,0,0,9.178,0.465,0.262,0.078,0.125,0.466,0.05,0.13,-4.019e-4,0,0,0,0,1.379e-4,1.77,90,5.491,849.509,0.001,334.627,0.205,5.256e6,10,78.54,0.044,0.119,0.009
29.798,1459.849,1459.849,-68.742,68.767,-1.931,1.995,272.937,0.236,272.937,89.95,1.863,0.501,28.61,-80.597,0.024,-2.637e-4,-4.11,-0.045,-86.871,89.899,1169.027,343,0.162,0.001,9.788,96.905,70.447,2.646,0,0,9.204,0.465,0.262,0.078,0.126,0.465,0.005,0.013,7.48e-5,0,0,0,0,-4.565e-4,1.924,90,5.511,849.831,0.001,334.639,0.206,5.264e6,10,78.54,0.05,0.119,0.009
29.848,1456.409,1456.409,-68.838,68.862,-1.931,2.181,273.029,0.237,273.029,89.95,1.823,1.013,28.61,-80.597,0.185,-2.678e-4,-1.994,-0.003,-87.034,89.905,1169.027,343,0.162,0.001,9.788,96.78,70.447,2.633,0,0,9.234,0.465,0.262,0.078,0.126,0.466,0.036,0.095,3.44e-4,0,0,0,0,-1.071e-4,1.967,90,5.533,850.197,0.001,334.652,0.206,5.273e6,10,78.54,0.05,0.12,0.009
29.898,1452.965,1452.965,-68.934,68.957,-1.908,2.177,273.119,0.237,273.119,89.95,1.769,1.049,28.61,-80.597,0.195,-2.699e-4,1.702,-0.008,-87.041,89.911,1169.027,343,0.162,0.001,9.788,96.773,70.447,2.633,0,0,9.264,0.465,0.262,0.078,0.126,0.466,0.038,0.101,-2.728e-5,0,0,0,0,7.784e-5,2.029,90,5.556,850.563,0.001,334.666,0.206,5.282e6,10,78.54,0.05,0.12,0.009
29.948,1449.516,1449.516,-69.029,69.05,-1.855,1.919,273.206,0.237,273.206,89.95,1.73,0.488,28.61,-80.597,0.02,-2.69e-4,3.738,-0.086,-86.892,89.915,1169.027,343,0.162,0.001,9.788,96.909,70.447,2.646,0,0,9.291,0.465,0.262,0.078,0.126,0.465,0.004,0.01,4.015e-4,0,0,0,0,3.745e-4,2.042,90,5.578,850.93,0.001,334.679,0.207,5.29e6,10,78.54,0.05,0.12,0.009
29.998,1446.062,1446.062,-69.12,69.141,-1.806,1.806,273.292,0.238,273.292,89.95,1.718,0.05,28.61,-80.597,0.119,-2.689e-4,-2.711,-0.01,-86.722,89.918,1169.027,343,0.162,0.001,9.788,96.832,70.447,2.639,0,0,9.32,0.465,0.262,0.078,0.126,0.466,0.023,0.062,-6.983e-5,0,0,0,0,-1.964e-4,2.097,90,5.601,851.297,0.001,334.693,0.207,5.299e6,10,78.54,0.05,0.121,0.009
30.048,1442.604,1442.604,-69.209,69.231,-1.767,1.777,273.378,0.238,273.378,89.95,1.723,0.19,28.61,-80.597,0.193,-2.659e-4,0.352,-0.005,-86.658,89.916,1169.027,343,0.162,0.001,9.788,96.775,70.447,2.633,0,0,9.348,0.466,0.262,0.078,0.126,0.466,0.038,0.1,4.873e-4,0,0,0,0,3.311e-6,2.084,90,5.623,851.665,0.001,334.706,0.207,5.307e6,10,78.54,0.05,0.121,0.009
30.098,1439.141,1439.141,-69.298,69.319,-1.774,1.804,273.464,0.238,273.465,89.95,1.721,0.327,28.61,-80.597,0.036,-2.701e-4,2.576,-0.037,-86.743,89.906,1169.027,343,0.162,0.001,9.788,96.898,70.447,2.645,0,0,9.376,0.466,0.262,0.078,0.126,0.466,0.007,0.018,4.803e-5,0,0,0,0,1.765e-4,2.179,90,5.646,852.034,0.001,334.72,0.207,5.316e6,10,78.54,0.05,0.121,0.009
30.148,1435.674,1435.674,-69.386,69.407,-1.754,1.789,273.55,0.238,273.55,89.95,1.704,0.352,28.61,-80.597,0.023,-2.7e-4,3.084,-0.107,-86.886,89.895,1169.027,343,0.162,0.001,9.788,96.908,70.447,2.646,0,0,9.401,0.466,0.262,0.078,0.126,0.466,0.004,0.011,-1.877e-4,0,0,0,0,2.523e-4,2.044,90,5.668,852.402,0.001,334.734,0.208,5.324e6,10,78.54,0.05,0.122,0.009
30.198,1432.202,1432.202,-69.473,69.494,-1.743,1.836,273.635,0.239,273.635,89.95,1.68,0.576,28.61,-80.597,0.05,-2.701e-4,-2.796,-0.039,-87.038,89.892,1169.027,343,0.162,0.001,9.788,96.887,70.447,2.644,0,0,9.427,0.466,0.262,0.078,0.126,0.466,0.01,0.026,-4.918e-4,0,0,0,0,-2.069e-4,1.975,90,5.691,852.772,0.001,334.747,0.208,5.332e6,10,78.54,0.05,0.122,0.009
30.248,1428.727,1428.727,-69.56,69.579,-1.717,1.784,273.718,0.239,273.718,89.95,1.653,0.485,28.61,-80.597,0.027,-2.688e-4,-2.009,-0.014,-87.156,89.898,1169.027,343,0.162,0.001,9.788,96.905,70.447,2.646,0,0,9.452,0.466,0.262,0.078,0.126,0.466,0.005,0.015,4.323e-4,0,0,0,0,-1.066e-4,1.836,90,5.713,853.141,0.001,334.761,0.208,5.339e6,10,78.54,0.05,0.122,0.009
30.298,1425.246,1425.246,-69.645,69.664,-1.695,1.762,273.8,0.239,273.8,89.95,1.629,0.481,28.61,-80.597,0.03,-2.678e-4,-1.44,0.023,-87.242,89.911,1169.027,343,0.162,0.001,9.788,96.903,70.447,2.646,0,0,9.477,0.466,0.262,0.078,0.126,0.466,0.006,0.015,9.085e-5,0,0,0,0,-5.464e-5,1.762,90,5.736,853.512,0.001,334.775,0.208,5.347e6,10,78.54,0.05,0.122,0.009
30.348,1421.762,1421.762,-69.729,69.748,-1.672,1.732,273.881,0.24,273.881,89.95,1.605,0.452,28.61,-80.597,0.023,-2.669e-4,-0.91,0.031,-87.301,89.914,1169.027,343,0.162,0.001,9.788,96.909,70.447,2.646,0,0,9.503,0.466,0.262,0.078,0.126,0.466,0.005,0.012,-4.441e-4,0,0,0,0,-2.177e-5,1.711,90,5.759,853.882,0.001,334.789,0.209,5.355e6,10,78.54,0.05,0.123,0.009
30.398,1418.274,1418.274,-69.813,69.83,-1.661,1.814,273.96,0.24,273.961,89.95,1.575,0.728,28.61,-80.597,0.104,-2.64e-4,0.364,0.009,-87.32,89.906,1169.027,343,0.162,0.001,9.788,96.846,70.447,2.64,0,0,9.531,0.466,0.262,0.078,0.126,0.466,0.02,0.054,-1.02e-4,0,0,0,0,3.469e-6,1.821,90,5.781,854.253,0.001,334.802,0.209,5.363e6,10,78.54,0.05,0.123,0.009
30.448,1414.781,1414.781,-69.895,69.912,-1.636,1.768,274.038,0.24,274.038,89.95,1.539,0.672,28.61,-80.597,0.085,-2.597e-4,2.253,0.02,-87.252,89.896,1169.027,343,0.162,0.001,9.788,96.861,70.447,2.641,0,0,9.557,0.466,0.262,0.078,0.126,0.466,0.016,0.043,3.1e-4,0,0,0,0,1.328e-4,1.919,90,5.804,854.625,0.001,334.816,0.209,5.371e6,10,78.54,0.05,0.123,0.009
30.498,1411.284,1411.284,-69.976,69.992,-1.601,1.658,274.115,0.241,274.115,89.95,1.511,0.429,28.61,-80.597,0.007,-2.579e-4,3.125,0.246,-87.112,89.894,1169.027,343,0.162,0.001,9.788,96.922,70.447,2.647,0,0,9.584,0.466,0.262,0.078,0.126,0.466,0.001,0.004,-2.15e-4,0,0,0,0,2.548e-4,2.029,90,5.827,854.997,0.001,334.83,0.209,5.379e6,10,78.54,0.05,0.123,0.009
30.548,1407.783,1407.783,-70.055,70.071,-1.558,1.559,274.19,0.241,274.19,89.95,1.5,0.035,28.61,-80.597,0.114,-2.557e-4,-2.031,0.012,-86.974,89.903,1169.027,343,0.162,0.001,9.788,96.839,70.447,2.639,0,0,9.61,0.466,0.262,0.078,0.126,0.466,0.022,0.058,4.613e-4,0,0,0,0,-1.074e-4,2.064,90,5.849,855.369,0.001,334.844,0.209,5.387e6,10,78.54,0.05,0.123,0.009
30.598,1404.279,1404.279,-70.132,70.148,-1.534,1.534,274.265,0.241,274.265,89.95,1.501,0.004,28.61,-80.597,0.126,-2.542e-4,0.408,0.013,-86.933,89.914,1169.027,343,0.162,0.001,9.788,96.83,70.447,2.638,0,0,9.636,0.466,0.262,0.078,0.126,0.466,0.025,0.065,-1.651e-6,0,0,0,0,4.318e-6,2.101,90,5.872,855.742,0.001,334.857,0.21,5.394e6,10,78.54,0.05,0.124,0.009
30.648,1400.77,1400.77,-70.209,70.225,-1.523,1.531,274.34,0.241,274.34,89.95,1.498,0.156,28.61,-80.597,0.077,-2.531e-4,2.448,0.007,-87.009,89.917,1169.027,343,0.162,0.001,9.788,96.868,70.447,2.642,0,0,9.659,0.466,0.262,0.078,0.126,0.466,0.015,0.04,-4.041e-4,0,0,0,0,1.553e-4,2.076,90,5.895,856.115,0.001,334.871,0.21,5.402e6,10,78.54,0.05,0.124,0.009
30.698,1397.258,1397.258,-70.285,70.301,-1.535,1.757,274.414,0.242,274.414,89.95,1.472,0.854,28.61,-80.597,0.129,-2.506e-4,-1.879,0.01,-87.132,89.904,1169.027,343,0.162,0.001,9.788,96.828,70.447,2.638,0,0,9.686,0.466,0.262,0.078,0.126,0.466,0.025,0.067,-4.789e-4,0,0,0,0,-9.131e-5,2.208,90,5.918,856.489,0.001,334.885,0.21,5.409e6,10,78.54,0.05,0.124,0.009
30.748,1393.742,1393.742,-70.361,70.376,-1.508,1.667,274.487,0.242,274.487,89.949,1.432,0.711,28.61,-80.597,0.089,-2.474e-4,0.382,0.006,-87.166,89.894,1169.027,343,0.162,0.001,9.788,96.859,70.447,2.641,0,0,9.709,0.466,0.262,0.078,0.126,0.466,0.017,0.046,2.552e-4,0,0,0,0,3.757e-6,2.161,90,5.941,856.863,0.001,334.899,0.21,5.417e6,10,78.54,0.05,0.124,0.009
30.798,1390.222,1390.222,-70.436,70.45,-1.468,1.497,274.558,0.242,274.558,89.949,1.407,0.293,28.61,-80.597,0.033,-2.468e-4,-0.908,0.017,-87.124,89.9,1169.027,343,0.162,0.001,9.788,96.903,70.447,2.646,0,0,9.732,0.466,0.262,0.078,0.126,0.466,0.006,0.017,-3.753e-4,0,0,0,0,-2.124e-5,2.091,90,5.964,857.237,0.001,334.913,0.211,5.423e6,10,78.54,0.05,0.124,0.009
30.848,1386.698,1386.698,-70.509,70.522,-1.455,1.527,274.627,0.243,274.628,89.949,1.388,0.463,28.61,-80.597,0.014,-2.464e-4,0.682,-0.012,-87.088,89.91,1169.027,343,0.162,0.001,9.788,96.918,70.447,2.647,0,0,9.757,0.466,0.262,0.078,0.126,0.466,0.003,0.008,-4.711e-4,0,0,0,0,1.194e-5,2.216,90,5.986,857.612,0.001,334.927,0.211,5.431e6,10,78.54,0.05,0.124,0.009
30.898,1383.171,1383.171,-70.581,70.594,-1.426,1.456,274.696,0.243,274.696,89.949,1.369,0.295,28.61,-80.597,0.036,-2.462e-4,-0.458,-9.774e-5,-87.056,89.913,1169.027,343,0.162,0.001,9.788,96.901,70.447,2.645,0,0,9.781,0.466,0.262,0.078,0.126,0.466,0.007,0.019,1.283e-4,0,0,0,0,-5.381e-6,2.216,90,6.009,857.987,0.001,334.941,0.211,5.438e6,10,78.54,0.05,0.125,0.009
30.948,1379.64,1379.64,-70.652,70.665,-1.403,1.422,274.765,0.243,274.765,89.949,1.357,0.232,28.61,-80.597,0.054,-2.472e-4,0.478,0.006,-87.055,89.916,1169.027,343,0.162,0.001,9.788,96.887,70.447,2.644,0,0,9.804,0.466,0.262,0.078,0.126,0.466,0.011,0.028,-3.943e-4,0,0,0,0,5.853e-6,2.211,90,6.032,858.363,0.001,334.954,0.211,5.445e6,10,78.54,0.05,0.125,0.009
30.998,1376.106,1376.106,-70.721,70.734,-1.373,1.373,274.832,0.243,274.832,89.949,1.352,0.012,28.61,-80.597,0.121,-2.478e-4,2.279,0.009,-87.12,89.918,1169.027,343,0.162,0.001,9.788,96.835,70.447,2.639,0,0,9.825,0.466,0.262,0.078,0.126,0.466,0.024,0.062,-1.348e-4,0,0,0,0,1.327e-4,2.056,90,6.055,858.739,0.001,334.968,0.211,5.451e6,10,78.54,0.05,0.125,0.009
31.048,1372.568,1372.568,-70.79,70.802,-1.382,1.488,274.9,0.244,274.9,89.949,1.339,0.552,28.61,-80.597,0.045,-2.486e-4,-3.039,0.03,-87.265,89.917,1169.027,343,0.162,0.001,9.788,96.895,70.447,2.645,0,0,9.848,0.466,0.262,0.078,0.126,0.466,0.009,0.023,-2.199e-4,0,0,0,0,-2.356e-4,2.098,90,6.078,859.115,0.001,334.982,0.212,5.458e6,10,78.54,0.05,0.125,0.009
31.098,1369.027,1369.027,-70.858,70.871,-1.362,1.457,274.966,0.244,274.966,89.949,1.311,0.517,28.61,-80.597,0.04,-2.465e-4,-2.103,0.02,-87.393,89.91,1169.027,343,0.162,0.001,9.788,96.899,70.447,2.645,0,0,9.868,0.466,0.262,0.078,0.126,0.466,0.008,0.021,-1.445e-4,0,0,0,0,-1.126e-4,1.965,90,6.101,859.492,0.001,334.996,0.212,5.465e6,10,78.54,0.05,0.125,0.009
31.148,1365.482,1365.482,-70.926,70.938,-1.36,1.653,275.031,0.244,275.031,89.949,1.274,0.94,28.61,-80.597,0.162,-2.41e-4,-0.013,0.006,-87.455,89.898,1169.027,343,0.162,0.001,9.788,96.805,70.447,2.636,0,0,9.893,0.466,0.262,0.078,0.126,0.466,0.032,0.083,4.167e-4,0,0,0,0,0,2.08,90,6.124,859.869,0.001,335.01,0.212,5.472e6,10,78.54,0.05,0.125,0.009
31.198,1361.934,1361.934,-70.994,71.004,-1.33,1.501,275.093,0.245,275.093,89.949,1.231,0.696,28.61,-80.597,0.09,-2.438e-4,2.598,0.004,-87.384,89.899,1169.027,343,0.162,0.001,9.788,96.861,70.447,2.641,0,0,9.915,0.466,0.262,0.078,0.126,0.466,0.017,0.045,-3.127e-4,0,0,0,0,1.712e-4,2.124,90,6.147,860.246,0.001,335.024,0.212,5.478e6,10,78.54,0.05,0.125,0.009
31.248,1358.383,1358.383,-71.059,71.069,-1.273,1.282,275.154,0.245,275.154,89.949,1.218,0.152,28.61,-80.597,0.155,-2.445e-4,-1.854,0.004,-87.255,89.905,1169.027,343,0.162,0.001,9.788,96.81,70.447,2.636,0,0,9.935,0.466,0.262,0.078,0.126,0.466,0.03,0.079,3.717e-4,0,0,0,0,-8.703e-5,1.997,90,6.171,860.624,0.001,335.038,0.212,5.485e6,10,78.54,0.05,0.126,0.009
31.298,1354.828,1354.828,-71.122,71.132,-1.249,1.276,275.215,0.245,275.216,89.949,1.231,0.26,28.61,-80.597,0.185,-2.408e-4,1.726,0.004,-87.25,89.908,1169.027,343,0.162,0.001,9.788,96.787,70.447,2.634,0,0,9.956,0.466,0.262,0.078,0.126,0.466,0.036,0.095,-3.97e-4,0,0,0,0,7.527e-5,1.955,90,6.194,861.002,0.001,335.052,0.212,5.491e6,10,78.54,0.05,0.126,0.009
31.348,1351.271,1351.271,-71.184,71.195,-1.249,1.25,275.277,0.245,275.277,89.949,1.238,0.056,28.61,-80.597,0.09,-2.358e-4,4.558,0.013,-87.415,89.909,1169.027,343,0.162,0.001,9.788,96.861,70.447,2.641,0,0,9.976,0.466,0.262,0.078,0.126,0.466,0.017,0.045,3.711e-4,0,0,0,0,5.242e-4,1.864,90,6.217,861.381,0.001,335.066,0.213,5.497e6,10,78.54,0.05,0.126,0.009
31.398,1347.71,1347.71,-71.247,71.258,-1.274,1.708,275.339,0.246,275.339,89.949,1.207,1.137,28.61,-80.597,0.221,-2.358e-4,-3.095,0.003,-87.629,89.901,1169.027,343,0.162,0.001,9.788,96.76,70.447,2.631,0,0,10,0.466,0.262,0.078,0.126,0.466,0.043,0.114,-2.057e-4,0,0,0,0,-2.412e-4,2.018,90,6.24,861.759,0.001,335.08,0.213,5.504e6,10,78.54,0.046,0.126,0.009
31.445,1344.402,1344.402,-71.306,71.315,-1.256,1.67,275.393,0.246,275.393,89.949,1.152,1.101,28.61,-80.597,0.212,-2.321e-4,1.138,0.005,-87.673,89.896,1169.027,343,0.162,0.001,9.788,96.767,70.447,2.632,0,0,10.019,0.466,0.262,0.078,0.126,0.466,0.041,0.109,-1.538e-4,0,0,0,0,3.255e-5,2.009,90,6.261,862.111,0.001,335.093,0.213,5.51e6,10,78.54,0.048,0.126,0.009
31.493,1340.969,1340.969,-71.366,71.374,-1.216,1.318,275.448,0.246,275.448,89.949,1.112,0.507,28.61,-80.597,0.041,-2.308e-4,3.644,0.005,-87.546,89.9,1169.027,343,0.162,0.001,9.788,96.899,70.447,2.645,0,0,10.038,0.466,0.262,0.078,0.126,0.466,0.008,0.021,4.034e-4,0,0,0,0,3.334e-4,1.998,90,6.284,862.476,0.001,335.107,0.213,5.516e6,10,78.54,0.05,0.126,0.009
31.543,1337.399,1337.399,-71.425,71.434,-1.168,1.18,275.503,0.246,275.503,89.949,1.105,0.166,28.61,-80.597,0.153,-2.305e-4,-2.398,-0.004,-87.381,89.907,1169.027,343,0.162,0.001,9.788,96.813,70.447,2.637,0,0,10.058,0.466,0.262,0.078,0.126,0.466,0.03,0.078,-2.744e-4,0,0,0,0,-1.441e-4,1.972,90,6.307,862.856,0.001,335.121,0.213,5.522e6,10,78.54,0.05,0.126,0.009
31.593,1333.827,1333.827,-71.483,71.492,-1.136,1.23,275.559,0.247,275.559,89.949,1.123,0.472,28.61,-80.597,0.238,-2.25e-4,1.714,-0.003,-87.358,89.904,1169.027,343,0.162,0.001,9.788,96.747,70.447,2.63,0,0,10.078,0.466,0.262,0.078,0.126,0.466,0.047,0.122,-2.685e-4,0,0,0,0,7.353e-5,1.878,90,6.33,863.236,0.001,335.135,0.213,5.528e6,10,78.54,0.043,0.127,0.009
31.636,1330.754,1330.754,-71.532,71.541,-1.139,1.151,275.607,0.247,275.607,89.949,1.139,0.161,28.61,-80.597,0.146,-2.24e-4,5.123,-0.017,-87.511,89.896,1169.027,343,0.162,0.001,9.788,96.819,70.447,2.637,0,0,10.094,0.466,0.262,0.078,0.126,0.466,0.028,0.075,-3.149e-4,0,0,0,0,6.559e-4,1.789,90,6.35,863.563,0.001,335.147,0.214,5.533e6,10,78.54,0.05,0.127,0.009
31.686,1327.176,1327.176,-71.589,71.598,-1.159,1.368,275.664,0.247,275.664,89.949,1.126,0.726,28.61,-80.597,0.111,-2.217e-4,-5.556,-0.022,-87.798,89.876,1169.027,343,0.162,0.001,9.788,96.846,70.447,2.64,0,0,10.113,0.466,0.262,0.078,0.126,0.466,0.022,0.058,1.539e-4,0,0,0,0,-7.704e-4,1.767,90,6.373,863.944,0.001,335.161,0.214,5.538e6,10,78.54,0.05,0.127,0.009
31.736,1323.595,1323.595,-71.647,71.655,-1.158,1.693,275.719,0.247,275.719,89.949,1.073,1.235,28.61,-80.597,0.258,-2.181e-4,-1.522,-0.003,-87.984,89.859,1169.027,343,0.162,0.001,9.788,96.732,70.447,2.629,0,0,10.134,0.466,0.262,0.078,0.126,0.466,0.051,0.133,3.539e-4,0,0,0,0,-5.773e-5,1.772,90,6.397,864.324,0.001,335.175,0.214,5.544e6,10,78.54,0.039,0.127,0.009
31.775,1320.786,1320.786,-71.692,71.7,-1.144,1.662,275.76,0.248,275.76,89.949,1.025,1.206,28.61,-80.597,0.249,-2.207e-4,2.456,-0.006,-87.965,89.868,1169.027,343,0.162,0.001,9.788,96.739,70.447,2.629,0,0,10.15,0.466,0.262,0.078,0.126,0.466,0.049,0.128,2.43e-4,0,0,0,0,1.501e-4,1.834,90,6.415,864.623,0.001,335.186,0.214,5.549e6,10,78.54,0.041,0.127,0.009
31.816,1317.862,1317.862,-71.738,71.745,-1.112,1.288,275.801,0.248,275.801,89.949,0.984,0.649,28.61,-80.597,0.089,-2.194e-4,5.496,-0.022,-87.794,89.891,1169.027,343,0.162,0.001,9.788,96.863,70.447,2.642,0,0,10.165,0.466,0.262,0.078,0.126,0.466,0.017,0.045,-2.19e-5,0,0,0,0,7.506e-4,1.89,90,6.434,864.934,0.001,335.198,0.214,5.554e6,10,78.54,0.05,0.127,0.009
31.866,1314.273,1314.273,-71.792,71.799,-1.056,1.098,275.85,0.248,275.85,89.948,0.978,0.301,28.61,-80.597,0.183,-2.19e-4,-4.246,-0.009,-87.531,89.917,1169.027,343,0.162,0.001,9.788,96.791,70.447,2.634,0,0,10.184,0.466,0.262,0.078,0.126,0.466,0.036,0.095,-4.028e-4,0,0,0,0,-4.473e-4,1.888,90,6.457,865.316,0.001,335.212,0.214,5.56e6,10,78.54,0.05,0.128,0.009
31.916,1310.682,1310.682,-71.844,71.851,-1.027,1.161,275.899,0.248,275.9,89.948,1.002,0.542,28.61,-80.597,0.252,-2.085e-4,0.363,-0.007,-87.43,89.922,1169.027,343,0.162,0.001,9.788,96.737,70.447,2.629,0,0,10.204,0.466,0.262,0.078,0.126,0.466,0.049,0.13,4.122e-5,0,0,0,0,3.267e-6,1.906,90,6.481,865.698,0.001,335.226,0.214,5.566e6,10,78.54,0.04,0.128,0.009
31.955,1307.827,1307.827,-71.885,71.892,-1.029,1.062,275.94,0.249,275.94,89.948,1.019,0.263,28.61,-80.597,0.173,-2.076e-4,3.841,-0.001,-87.518,89.912,1169.027,343,0.162,0.001,9.788,96.799,70.447,2.635,0,0,10.218,0.466,0.262,0.078,0.126,0.466,0.034,0.089,-1.221e-4,0,0,0,0,3.652e-4,1.881,90,6.499,866.002,0.001,335.237,0.215,5.57e6,10,78.54,0.05,0.128,0.009
32.005,1304.231,1304.231,-71.937,71.944,-1.041,1.098,275.991,0.249,275.991,89.948,1.018,0.349,28.61,-80.597,0.005,-2.048e-4,-5.645,-0.352,-87.769,89.889,1169.027,343,0.162,0.001,9.788,96.93,70.447,2.648,0,0,10.234,0.466,0.262,0.078,0.126,0.466,9.086e-4,0.004,3.418e-4,0,0,0,0,-7.875e-4,1.79,90,6.522,866.384,0.001,335.252,0.215,5.575e6,10,78.54,0.05,0.128,0.009
32.055,1300.633,1300.633,-71.989,71.996,-1.05,1.527,276.041,0.249,276.041,89.948,0.979,1.108,28.61,-80.597,0.221,-2.089e-4,-3.051,-0.005,-88.003,89.868,1169.027,343,0.162,0.001,9.788,96.762,70.447,2.631,0,0,10.255,0.466,0.262,0.078,0.126,0.466,0.043,0.114,-4.471e-4,0,0,0,0,-2.297e-4,1.81,90,6.546,866.767,0.001,335.266,0.215,5.581e6,10,78.54,0.045,0.128,0.009
32.101,1297.374,1297.374,-72.036,72.042,-1.031,1.41,276.084,0.249,276.084,89.948,0.93,0.961,28.61,-80.597,0.182,-2.098e-4,0.835,0.002,-88.049,89.86,1169.027,343,0.162,0.001,9.788,96.792,70.447,2.634,0,0,10.27,0.466,0.262,0.078,0.126,0.466,0.036,0.094,2.787e-5,0,0,0,0,1.718e-5,1.753,90,6.567,867.114,0.001,335.279,0.215,5.586e6,10,78.54,0.05,0.128,0.009
32.151,1293.771,1293.771,-72.087,72.093,-0.998,1.073,276.129,0.25,276.129,89.948,0.895,0.395,28.61,-80.597,0.024,-2.046e-4,2.994,0.02,-87.941,89.877,1169.027,343,0.162,0.001,9.788,96.915,70.447,2.647,0,0,10.286,0.466,0.262,0.078,0.126,0.466,0.005,0.012,-1.532e-4,0,0,0,0,2.207e-4,1.727,90,6.59,867.497,0.001,335.293,0.215,5.591e6,10,78.54,0.05,0.128,0.009
32.201,1290.166,1290.166,-72.136,72.142,-0.972,0.984,276.174,0.25,276.174,89.948,0.882,0.149,28.61,-80.597,0.049,-2.036e-4,-2.695,-0.016,-87.793,89.91,1169.027,343,0.162,0.001,9.788,96.896,70.447,2.645,0,0,10.305,0.466,0.262,0.078,0.126,0.466,0.01,0.025,8.871e-5,0,0,0,0,-1.786e-4,1.836,90,6.614,867.88,0.001,335.307,0.215,5.597e6,10,78.54,0.05,0.129,0.009
32.251,1286.558,1286.558,-72.184,72.19,-0.947,0.952,276.218,0.25,276.218,89.948,0.882,0.1,28.61,-80.597,0.12,-2.031e-4,-0.818,9.658e-4,-87.7,89.932,1169.027,343,0.162,0.001,9.788,96.84,70.447,2.639,0,0,10.324,0.466,0.262,0.078,0.126,0.466,0.023,0.062,3.991e-4,0,0,0,0,-1.642e-5,1.865,90,6.637,868.264,0.001,335.321,0.215,5.602e6,10,78.54,0.05,0.129,0.009
32.301,1282.947,1282.947,-72.231,72.237,-0.926,0.966,276.262,0.25,276.262,89.948,0.894,0.277,28.61,-80.597,0.167,-2.04e-4,2.341,0.007,-87.736,89.931,1169.027,343,0.162,0.001,9.788,96.804,70.447,2.636,0,0,10.34,0.466,0.262,0.078,0.126,0.466,0.033,0.086,-1.966e-4,0,0,0,0,1.343e-4,1.752,90,6.661,868.648,0.001,335.335,0.216,5.607e6,10,78.54,0.05,0.129,0.009
32.351,1279.334,1279.334,-72.277,72.283,-0.931,0.95,276.307,0.25,276.307,89.948,0.897,0.188,28.61,-80.597,0.034,-2.045e-4,4.472,0.004,-87.917,89.905,1169.027,343,0.162,0.001,9.788,96.908,70.447,2.646,0,0,10.356,0.466,0.262,0.078,0.126,0.466,0.007,0.017,1.283e-4,0,0,0,0,4.897e-4,1.689,90,6.684,869.032,0.001,335.35,0.216,5.613e6,10,78.54,0.05,0.129,0.009
32.401,1275.719,1275.719,-72.324,72.33,-0.94,1.322,276.351,0.251,276.351,89.948,0.867,0.929,28.61,-80.597,0.174,-2.082e-4,-2.835,0.002,-88.115,89.868,1169.027,343,0.162,0.001,9.788,96.799,70.447,2.635,0,0,10.374,0.466,0.262,0.078,0.126,0.466,0.034,0.09,-3.537e-4,0,0,0,0,-1.966e-4,1.732,90,6.708,869.417,0.001,335.364,0.216,5.618e6,10,78.54,0.05,0.129,0.009
32.451,1272.102,1272.102,-72.371,72.376,-0.926,1.331,276.393,0.251,276.394,89.948,0.818,0.957,28.61,-80.597,0.183,-2.092e-4,1.078,0.002,-88.159,89.856,1169.027,343,0.162,0.001,9.788,96.793,70.447,2.635,0,0,10.391,0.466,0.262,0.078,0.126,0.466,0.036,0.094,-1.96e-4,0,0,0,0,2.838e-5,1.74,90,6.731,869.802,0.001,335.378,0.216,5.623e6,10,78.54,0.05,0.129,0.009
32.501,1268.482,1268.482,-72.417,72.421,-0.898,1.023,276.433,0.251,276.433,89.948,0.78,0.49,28.61,-80.597,0.052,-2.099e-4,3.609,0.012,-88.031,89.877,1169.027,343,0.162,0.001,9.788,96.894,70.447,2.645,0,0,10.407,0.466,0.262,0.078,0.126,0.466,0.01,0.027,1.503e-4,0,0,0,0,3.178e-4,1.776,90,6.755,870.187,0.001,335.392,0.216,5.628e6,10,78.54,0.05,0.129,0.009
32.551,1264.86,1264.86,-72.461,72.465,-0.861,0.87,276.472,0.251,276.472,89.948,0.772,0.123,28.61,-80.597,0.12,-2.104e-4,-2.778,0.003,-87.858,89.908,1169.027,343,0.162,0.001,9.788,96.841,70.447,2.639,0,0,10.424,0.466,0.262,0.078,0.126,0.466,0.023,0.062,-1.746e-4,0,0,0,0,-1.881e-4,1.787,90,6.778,870.572,0.001,335.407,0.216,5.633e6,10,78.54,0.05,0.13,0.009
32.601,1261.236,1261.236,-72.503,72.507,-0.843,0.866,276.511,0.252,276.511,89.948,0.782,0.2,28.61,-80.597,0.143,-2.09e-4,0.143,0.003,-87.791,89.921,1169.027,343,0.162,0.001,9.788,96.824,70.447,2.638,0,0,10.441,0.466,0.262,0.078,0.126,0.466,0.028,0.073,2.259e-4,0,0,0,0,4.958e-7,1.833,90,6.802,870.958,0.001,335.421,0.216,5.638e6,10,78.54,0.05,0.13,0.009
32.651,1257.61,1257.61,-72.545,72.55,-0.851,0.931,276.55,0.252,276.55,89.948,0.778,0.378,28.61,-80.597,0.014,-2.067e-4,-1.484,0.047,-87.844,89.914,1169.027,343,0.162,0.001,9.788,96.924,70.447,2.648,0,0,10.458,0.466,0.262,0.078,0.126,0.466,0.003,0.007,-2.929e-4,0,0,0,0,-5.354e-5,1.97,90,6.826,871.343,0.001,335.435,0.216,5.644e6,10,78.54,0.05,0.13,0.009
32.701,1253.982,1253.982,-72.588,72.592,-0.832,0.856,276.588,0.252,276.589,89.948,0.764,0.202,28.61,-80.597,0.03,-2.066e-4,1.709,-0.029,-87.921,89.895,1169.027,343,0.162,0.001,9.788,96.911,70.447,2.646,0,0,10.472,0.466,0.262,0.078,0.126,0.466,0.006,0.015,4.383e-4,0,0,0,0,7.094e-5,1.833,90,6.849,871.729,0.001,335.449,0.217,5.648e6,10,78.54,0.05,0.13,0.009
32.751,1250.351,1250.351,-72.629,72.633,-0.834,1.066,276.626,0.252,276.626,89.948,0.741,0.664,28.61,-80.597,0.096,-2.052e-4,-0.926,-8.336e-4,-87.996,89.87,1169.027,343,0.162,0.001,9.788,96.861,70.447,2.641,0,0,10.489,0.466,0.262,0.078,0.126,0.466,0.019,0.05,-2.281e-4,0,0,0,0,-2.079e-5,1.921,90,6.873,872.115,0.001,335.464,0.217,5.653e6,10,78.54,0.05,0.13,0.009
32.801,1246.719,1246.719,-72.67,72.674,-0.811,0.885,276.662,0.253,276.663,89.948,0.715,0.356,28.61,-80.597,0.014,-2.054e-4,0.253,-0.006,-88.006,89.876,1169.027,343,0.162,0.001,9.788,96.924,70.447,2.648,0,0,10.504,0.466,0.262,0.078,0.126,0.466,0.003,0.007,-2.586e-4,0,0,0,0,1.552e-6,1.832,90,6.896,872.502,0.001,335.478,0.217,5.658e6,10,78.54,0.05,0.13,0.009
32.851,1243.084,1243.084,-72.711,72.714,-0.796,0.859,276.698,0.253,276.698,89.948,0.698,0.323,28.61,-80.597,0.004,-2.052e-4,0.449,-0.044,-87.988,89.902,1169.027,343,0.162,0.001,9.788,96.932,70.447,2.648,0,0,10.519,0.466,0.262,0.078,0.126,0.466,8.559e-4,0.003,-4.493e-4,0,0,0,0,4.871e-6,1.862,90,6.92,872.888,0.001,335.492,0.217,5.663e6,10,78.54,0.05,0.131,0.009
32.901,1239.448,1239.448,-72.75,72.753,-0.781,0.826,276.732,0.253,276.732,89.948,0.684,0.269,28.61,-80.597,0.011,-2.054e-4,-0.353,-0.013,-87.967,89.913,1169.027,343,0.162,0.001,9.788,96.927,70.447,2.648,0,0,10.535,0.466,0.262,0.078,0.126,0.466,0.002,0.005,1.681e-4,0,0,0,0,-3.012e-6,1.885,90,6.944,873.275,0.001,335.507,0.217,5.667e6,10,78.54,0.05,0.131,0.009
32.951,1235.809,1235.809,-72.789,72.792,-0.775,0.917,276.766,0.253,276.766,89.948,0.664,0.49,28.61,-80.597,0.046,-2.057e-4,0.798,-0.012,-87.942,89.918,1169.027,343,0.162,0.001,9.788,96.9,70.447,2.645,0,0,10.551,0.466,0.262,0.078,0.126,0.466,0.009,0.024,3.89e-4,0,0,0,0,1.537e-5,2.011,90,6.967,873.662,0.001,335.521,0.217,5.672e6,10,78.54,0.05,0.131,0.009
33.001,1232.169,1232.169,-72.827,72.83,-0.742,0.749,276.799,0.254,276.799,89.948,0.656,0.106,28.61,-80.597,0.113,-2.069e-4,0.023,-0.013,-87.91,89.913,1169.027,343,0.162,0.001,9.788,96.848,70.447,2.64,0,0,10.565,0.466,0.262,0.078,0.126,0.466,0.022,0.058,-2.128e-5,0,0,0,0,1.27e-8,1.858,90,6.991,874.05,0.001,335.535,0.217,5.676e6,10,78.54,0.05,0.131,0.009
33.051,1228.527,1228.527,-72.864,72.867,-0.741,0.769,276.832,0.254,276.832,89.947,0.654,0.205,28.61,-80.597,0.029,-2.09e-4,1.55,-0.02,-87.957,89.895,1169.027,343,0.162,0.001,9.788,96.914,70.447,2.647,0,0,10.579,0.466,0.262,0.078,0.126,0.466,0.006,0.015,-2.387e-4,0,0,0,0,5.793e-5,1.909,90,7.015,874.437,0.001,335.55,0.217,5.681e6,10,78.54,0.05,0.131,0.009
33.101,1224.883,1224.883,-72.9,72.903,-0.724,0.726,276.864,0.254,276.864,89.947,0.649,0.046,28.61,-80.597,0.066,-2.086e-4,2.661,0.008,-88.06,89.896,1169.027,343,0.162,0.001,9.788,96.884,70.447,2.644,0,0,10.592,0.466,0.262,0.078,0.126,0.466,0.013,0.034,-2.346e-4,0,0,0,0,1.706e-4,1.737,90,7.038,874.825,0.001,335.564,0.217,5.685e6,10,78.54,0.05,0.131,0.009
33.151,1221.237,1221.237,-72.937,72.94,-0.743,1.325,276.896,0.254,276.896,89.947,0.618,1.097,28.61,-80.597,0.215,-2.055e-4,-0.85,-0.003,-88.169,89.901,1169.027,343,0.162,0.001,9.788,96.77,70.447,2.632,0,0,10.61,0.466,0.262,0.078,0.126,0.466,0.042,0.111,-2.085e-4,0,0,0,0,-1.737e-5,1.987,90,7.062,875.212,0.001,335.578,0.217,5.69e6,10,78.54,0.045,0.131,0.009
33.196,1217.959,1217.959,-72.97,72.972,-0.721,0.995,276.923,0.254,276.923,89.947,0.576,0.685,28.61,-80.597,0.105,-2.069e-4,2.298,0.009,-88.129,89.899,1169.027,343,0.162,0.001,9.788,96.855,70.447,2.641,0,0,10.621,0.466,0.262,0.078,0.126,0.466,0.02,0.054,1.425e-5,0,0,0,0,1.269e-4,1.941,90,7.083,875.561,0.001,335.591,0.218,5.694e6,10,78.54,0.05,0.132,0.009
33.246,1214.31,1214.31,-73.005,73.008,-0.691,0.71,276.951,0.255,276.951,89.947,0.555,0.161,28.61,-80.597,0.039,-2.065e-4,-2.93,0.019,-87.986,89.894,1169.027,343,0.162,0.001,9.788,96.906,70.447,2.646,0,0,10.635,0.466,0.262,0.078,0.126,0.466,0.008,0.02,4.813e-4,0,0,0,0,-2.061e-4,1.961,90,7.107,875.949,0.001,335.606,0.218,5.698e6,10,78.54,0.05,0.132,0.009
33.296,1210.659,1210.659,-73.039,73.041,-0.668,0.677,276.979,0.255,276.979,89.947,0.556,0.11,28.61,-80.597,0.115,-2.039e-4,-1.146,0.01,-87.879,89.897,1169.027,343,0.162,0.001,9.788,96.847,70.447,2.64,0,0,10.65,0.466,0.262,0.078,0.126,0.466,0.022,0.06,-3.755e-4,0,0,0,0,-3.149e-5,2.002,90,7.131,876.338,0.001,335.62,0.218,5.703e6,10,78.54,0.05,0.132,0.009
33.346,1207.006,1207.006,-73.073,73.075,-0.66,0.66,277.007,0.255,277.007,89.947,0.561,0.031,28.61,-80.597,0.094,-2.072e-4,1.198,0.011,-87.883,89.908,1169.027,343,0.162,0.001,9.788,96.863,70.447,2.642,0,0,10.664,0.466,0.262,0.078,0.126,0.466,0.018,0.048,1.446e-4,0,0,0,0,3.44e-5,2.02,90,7.154,876.726,0.001,335.635,0.218,5.707e6,10,78.54,0.05,0.132,0.009
33.396,1203.351,1203.351,-73.105,73.108,-0.658,0.692,277.035,0.255,277.035,89.947,0.557,0.214,28.61,-80.597,0.026,-2.086e-4,2.488,0.056,-87.981,89.918,1169.027,343,0.162,0.001,9.788,96.916,70.447,2.647,0,0,10.677,0.466,0.262,0.078,0.126,0.466,0.005,0.013,-1.16e-4,0,0,0,0,1.482e-4,1.988,90,7.178,877.115,0.001,335.649,0.218,5.711e6,10,78.54,0.05,0.132,0.009
33.446,1199.695,1199.695,-73.138,73.14,-0.655,0.794,277.062,0.255,277.062,89.947,0.54,0.449,28.61,-80.597,0.041,-2.083e-4,-2.281,0.035,-88.105,89.914,1169.027,343,0.162,0.001,9.788,96.905,70.447,2.646,0,0,10.689,0.466,0.262,0.078,0.126,0.466,0.008,0.021,-4.499e-4,0,0,0,0,-1.244e-4,1.932,90,7.202,877.504,0.001,335.663,0.218,5.715e6,10,78.54,0.05,0.132,0.009
33.496,1196.038,1196.038,-73.171,73.173,-0.662,1.293,277.088,0.256,277.088,89.947,0.499,1.111,28.61,-80.597,0.215,-2.055e-4,0.54,0.016,-88.162,89.883,1169.027,343,0.162,0.001,9.789,96.77,70.447,2.632,0,0,10.706,0.466,0.262,0.078,0.126,0.466,0.042,0.111,4.028e-4,0,0,0,0,6.957e-6,2.124,90,7.226,877.893,0.001,335.678,0.218,5.72e6,10,78.54,0.044,0.133,0.009
33.54,1192.794,1192.794,-73.2,73.201,-0.635,0.814,277.109,0.256,277.11,89.947,0.461,0.51,28.61,-80.597,0.055,-2.035e-4,3.306,0.036,-88.066,89.882,1169.027,343,0.162,0.001,9.789,96.894,70.447,2.645,0,0,10.716,0.466,0.262,0.078,0.126,0.466,0.011,0.028,2.7e-4,0,0,0,0,2.609e-4,2.081,90,7.247,878.238,0.001,335.69,0.218,5.724e6,10,78.54,0.05,0.133,0.009
33.59,1189.133,1189.133,-73.231,73.232,-0.6,0.618,277.132,0.256,277.132,89.947,0.454,0.15,28.61,-80.597,0.124,-2.014e-4,-2.336,0.019,-87.911,89.912,1169.027,343,0.162,0.001,9.789,96.841,70.447,2.639,0,0,10.729,0.466,0.262,0.078,0.126,0.466,0.024,0.064,-4.973e-4,0,0,0,0,-1.301e-4,2.059,90,7.271,878.627,0.001,335.705,0.218,5.728e6,10,78.54,0.05,0.133,0.009
33.64,1185.471,1185.471,-73.26,73.262,-0.581,0.674,277.155,0.256,277.155,89.947,0.468,0.34,28.61,-80.597,0.174,-2.058e-4,1.039,0.022,-87.876,89.941,1169.027,343,0.162,0.001,9.789,96.802,70.447,2.635,0,0,10.742,0.466,0.262,0.078,0.126,0.466,0.034,0.09,-2.641e-4,0,0,0,0,2.576e-5,2.026,90,7.294,879.017,0.001,335.719,0.218,5.731e6,10,78.54,0.05,0.133,0.009
33.69,1181.807,1181.807,-73.289,73.291,-0.581,0.593,277.179,0.256,277.179,89.947,0.481,0.119,28.61,-80.597,0.111,-2.074e-4,4.151,0.033,-88.011,89.943,1169.027,343,0.162,0.001,9.789,96.851,70.447,2.64,0,0,10.753,0.466,0.262,0.078,0.126,0.466,0.022,0.057,-4.354e-4,0,0,0,0,4.105e-4,1.921,90,7.318,879.407,0.001,335.734,0.218,5.735e6,10,78.54,0.05,0.133,0.009
33.74,1178.142,1178.142,-73.319,73.32,-0.593,0.79,277.203,0.257,277.203,89.947,0.471,0.522,28.61,-80.597,0.065,-2.067e-4,-4.668,0.047,-88.246,89.918,1169.027,343,0.162,0.001,9.789,96.887,70.447,2.644,0,0,10.764,0.466,0.262,0.078,0.126,0.466,0.013,0.034,-4.977e-4,0,0,0,0,-5.188e-4,1.857,90,7.342,879.796,0.001,335.748,0.218,5.739e6,10,78.54,0.05,0.133,0.009
33.79,1174.475,1174.475,-73.348,73.35,-0.593,1.138,277.226,0.257,277.226,89.947,0.432,0.971,28.61,-80.597,0.188,-2.032e-4,-1.772,0.008,-88.416,89.875,1169.027,343,0.162,0.001,9.789,96.791,70.447,2.634,0,0,10.777,0.466,0.262,0.078,0.126,0.466,0.037,0.097,-1.676e-4,0,0,0,0,-7.471e-5,1.837,90,7.366,880.187,0.001,335.763,0.219,5.743e6,10,78.54,0.05,0.133,0.009
33.84,1170.807,1170.807,-73.378,73.379,-0.578,0.967,277.246,0.257,277.246,89.947,0.386,0.775,28.61,-80.597,0.137,-1.98e-4,1.911,0.01,-88.407,89.863,1169.027,343,0.162,0.001,9.789,96.831,70.447,2.638,0,0,10.789,0.466,0.262,0.078,0.126,0.466,0.027,0.07,2.167e-4,0,0,0,0,8.683e-5,1.829,90,7.39,880.577,0.001,335.777,0.219,5.747e6,10,78.54,0.05,0.134,0.009
33.89,1167.138,1167.138,-73.406,73.407,-0.552,0.588,277.265,0.257,277.265,89.947,0.361,0.204,28.61,-80.597,0.017,-1.983e-4,-3.188,0.079,-88.267,89.887,1169.027,343,0.162,0.001,9.789,96.924,70.447,2.648,0,0,10.8,0.466,0.262,0.078,0.126,0.466,0.003,0.009,1.745e-4,0,0,0,0,-2.413e-4,1.837,90,7.414,880.967,0.001,335.792,0.219,5.75e6,10,78.54,0.05,0.134,0.009
33.94,1163.467,1163.467,-73.433,73.434,-0.524,0.616,277.283,0.257,277.283,89.947,0.366,0.323,28.61,-80.597,0.158,-1.981e-4,-1.18,0.008,-88.147,89.914,1169.027,343,0.162,0.001,9.789,96.815,70.447,2.637,0,0,10.813,0.466,0.262,0.078,0.126,0.466,0.031,0.082,-2.039e-4,0,0,0,0,-3.303e-5,1.807,90,7.437,881.358,0.001,335.806,0.219,5.754e6,10,78.54,0.05,0.134,0.009
33.99,1159.794,1159.794,-73.459,73.46,-0.507,0.779,277.302,0.258,277.302,89.947,0.39,0.592,28.61,-80.597,0.225,-1.993e-4,3.057,0.019,-88.19,89.928,1169.027,343,0.162,0.001,9.789,96.763,70.447,2.632,0,0,10.824,0.466,0.262,0.078,0.126,0.466,0.044,0.116,3.017e-4,0,0,0,0,2.216e-4,1.642,90,7.461,881.748,0.001,335.82,0.219,5.758e6,10,78.54,0.042,0.134,0.009
34.032,1156.708,1156.708,-73.48,73.481,-0.522,0.527,277.318,0.258,277.318,89.947,0.404,0.077,28.61,-80.597,0.045,-1.985e-4,5.748,0.089,-88.386,89.924,1169.027,343,0.162,0.001,9.789,96.902,70.447,2.646,0,0,10.832,0.466,0.262,0.078,0.126,0.466,0.009,0.022,3.121e-4,0,0,0,0,7.832e-4,1.609,90,7.481,882.076,0.001,335.833,0.219,5.761e6,10,78.54,0.05,0.134,0.009
34.082,1153.033,1153.033,-73.507,73.507,-0.533,1.113,277.338,0.258,277.338,89.947,0.375,0.978,28.61,-80.597,0.197,-1.988e-4,-3.868,0.01,-88.645,89.899,1169.027,343,0.162,0.001,9.789,96.784,70.447,2.634,0,0,10.845,0.466,0.262,0.078,0.126,0.466,0.039,0.102,-5.776e-5,0,0,0,0,-3.544e-4,1.617,90,7.505,882.467,0.001,335.847,0.219,5.764e6,10,78.54,0.048,0.134,0.009
34.13,1149.531,1149.531,-73.532,73.532,-0.526,1.282,277.355,0.258,277.355,89.947,0.322,1.169,28.61,-80.597,0.249,-2.048e-4,0.942,0.014,-88.717,89.877,1169.027,343,0.162,0.001,9.789,96.745,70.447,2.63,0,0,10.857,0.466,0.262,0.078,0.126,0.466,0.049,0.128,8.152e-5,0,0,0,0,2.1e-5,1.645,90,7.528,882.84,0.001,335.861,0.219,5.768e6,10,78.54,0.038,0.135,0.009
34.167,1146.739,1146.739,-73.552,73.552,-0.511,0.883,277.366,0.258,277.366,89.947,0.284,0.72,28.61,-80.597,0.13,-2.057e-4,4.185,0.018,-88.614,89.871,1169.027,343,0.162,0.001,9.789,96.837,70.447,2.639,0,0,10.864,0.466,0.262,0.078,0.126,0.466,0.025,0.066,4.745e-4,0,0,0,0,4.143e-4,1.662,90,7.546,883.137,0.001,335.872,0.219,5.771e6,10,78.54,0.05,0.135,0.009
34.217,1143.061,1143.061,-73.576,73.577,-0.48,0.49,277.38,0.258,277.38,89.947,0.27,0.098,28.61,-80.597,0.09,-2.062e-4,-4.343,0.021,-88.383,89.89,1169.027,343,0.162,0.001,9.789,96.868,70.447,2.642,0,0,10.875,0.466,0.262,0.078,0.126,0.466,0.018,0.047,4.648e-4,0,0,0,0,-4.459e-4,1.69,90,7.57,883.528,0.001,335.886,0.219,5.774e6,10,78.54,0.05,0.135,0.009
34.267,1139.381,1139.381,-73.6,73.6,-0.455,0.699,277.394,0.259,277.394,89.947,0.286,0.53,28.61,-80.597,0.207,-2.021e-4,-1.193,0.011,-88.236,89.91,1169.027,343,0.162,0.001,9.789,96.777,70.447,2.633,0,0,10.887,0.466,0.262,0.078,0.126,0.466,0.04,0.107,-4.842e-4,0,0,0,0,-3.362e-5,1.715,90,7.594,883.919,0.001,335.901,0.219,5.778e6,10,78.54,0.045,0.135,0.009
34.313,1136.034,1136.034,-73.62,73.621,-0.45,0.643,277.407,0.259,277.407,89.947,0.312,0.459,28.61,-80.597,0.187,-1.974e-4,2.965,0.008,-88.279,89.921,1169.027,343,0.162,0.001,9.789,96.793,70.447,2.635,0,0,10.896,0.466,0.262,0.078,0.126,0.466,0.037,0.096,-1.287e-4,0,0,0,0,2.076e-4,1.661,90,7.616,884.276,0.001,335.914,0.219,5.781e6,10,78.54,0.05,0.135,0.009
34.363,1132.353,1132.353,-73.643,73.644,-0.466,0.588,277.423,0.259,277.423,89.947,0.316,0.359,28.61,-80.597,0.032,-1.977e-4,-4.791,0.072,-88.491,89.919,1169.027,343,0.162,0.001,9.789,96.913,70.447,2.647,0,0,10.906,0.466,0.262,0.078,0.126,0.466,0.006,0.017,-3.087e-5,0,0,0,0,-5.418e-4,1.664,90,7.64,884.667,0.001,335.929,0.219,5.784e6,10,78.54,0.05,0.135,0.009
34.413,1128.67,1128.67,-73.667,73.667,-0.469,1.073,277.438,0.259,277.438,89.946,0.277,0.965,28.61,-80.597,0.193,-1.909e-4,-1.793,0.008,-88.667,89.905,1169.027,343,0.162,0.001,9.789,96.788,70.447,2.634,0,0,10.918,0.466,0.262,0.078,0.126,0.466,0.038,0.1,4.717e-4,0,0,0,0,-7.582e-5,1.685,90,7.664,885.059,0.001,335.943,0.219,5.788e6,10,78.54,0.048,0.135,0.009
34.461,1125.112,1125.112,-73.689,73.689,-0.456,0.853,277.45,0.259,277.45,89.946,0.238,0.72,28.61,-80.597,0.131,-1.906e-4,1.39,-0.006,-88.672,89.903,1169.027,343,0.162,0.001,9.789,96.836,70.447,2.639,0,0,10.927,0.466,0.262,0.078,0.126,0.466,0.026,0.067,2.601e-5,0,0,0,0,4.554e-5,1.639,90,7.687,885.437,0.001,335.957,0.219,5.791e6,10,78.54,0.05,0.136,0.009
34.511,1121.427,1121.427,-73.711,73.712,-0.444,0.721,277.461,0.259,277.461,89.946,0.203,0.568,28.61,-80.597,0.086,-1.886e-4,4.055,-0.002,-88.531,89.91,1169.027,343,0.162,0.001,9.789,96.871,70.447,2.642,0,0,10.939,0.466,0.262,0.078,0.126,0.466,0.017,0.044,1.171e-4,0,0,0,0,3.874e-4,1.799,90,7.711,885.829,0.001,335.972,0.219,5.795e6,10,78.54,0.05,0.136,0.009
34.561,1117.741,1117.741,-73.733,73.733,-0.417,0.421,277.471,0.26,277.471,89.946,0.191,0.053,28.61,-80.597,0.082,-1.901e-4,-4.005,0.005,-88.316,89.904,1169.027,343,0.162,0.001,9.789,96.875,70.447,2.643,0,0,10.949,0.466,0.262,0.078,0.126,0.466,0.016,0.042,-3.728e-4,0,0,0,0,-3.777e-4,1.872,90,7.735,886.221,0.001,335.986,0.22,5.798e6,10,78.54,0.05,0.136,0.009
34.611,1114.054,1114.054,-73.753,73.753,-0.398,0.522,277.481,0.26,277.481,89.946,0.202,0.338,28.61,-80.597,0.16,-1.906e-4,-1.3,0.003,-88.178,89.899,1169.027,343,0.162,0.001,9.789,96.814,70.447,2.637,0,0,10.961,0.466,0.262,0.078,0.126,0.466,0.031,0.082,-3.445e-5,0,0,0,0,-3.979e-5,1.939,90,7.759,886.614,0.001,336.001,0.22,5.802e6,10,78.54,0.05,0.136,0.009
34.661,1110.366,1110.366,-73.773,73.773,-0.393,0.46,277.491,0.26,277.491,89.946,0.218,0.239,28.61,-80.597,0.134,-1.897e-4,2.053,0.015,-88.2,89.911,1169.027,343,0.162,0.001,9.789,96.835,70.447,2.639,0,0,10.97,0.466,0.262,0.078,0.126,0.466,0.026,0.069,-1.2e-4,0,0,0,0,9.909e-5,1.928,90,7.783,887.006,0.001,336.015,0.22,5.805e6,10,78.54,0.05,0.136,0.009
34.711,1106.677,1106.677,-73.793,73.793,-0.398,0.428,277.502,0.26,277.502,89.946,0.22,0.156,28.61,-80.597,0.027,-1.883e-4,3.704,0.072,-88.353,89.928,1169.027,343,0.162,0.001,9.789,96.918,70.447,2.647,0,0,10.979,0.466,0.262,0.078,0.126,0.466,0.005,0.014,3.156e-4,0,0,0,0,3.225e-4,1.868,90,7.807,887.398,0.001,336.03,0.22,5.808e6,10,78.54,0.05,0.136,0.009
34.761,1102.987,1102.987,-73.813,73.813,-0.4,0.649,277.513,0.26,277.513,89.946,0.205,0.512,28.61,-80.597,0.072,-1.896e-4,-3.455,0.021,-88.54,89.919,1169.027,343,0.162,0.001,9.789,96.883,70.447,2.644,0,0,10.988,0.466,0.262,0.078,0.126,0.466,0.014,0.037,-6.746e-5,0,0,0,0,-2.805e-4,1.768,90,7.831,887.791,0.001,336.044,0.22,5.811e6,10,78.54,0.05,0.136,0.009
34.811,1099.296,1099.296,-73.833,73.833,-0.4,1.053,277.522,0.26,277.522,89.946,0.165,0.974,28.61,-80.597,0.193,-1.868e-4,-0.266,0.012,-88.642,89.9,1169.027,343,0.162,0.001,9.789,96.789,70.447,2.634,0,0,11,0.466,0.262,0.078,0.126,0.466,0.038,0.099,1.465e-4,0,0,0,0,-1.664e-6,1.834,90,7.855,888.183,0.001,336.059,0.22,5.814e6,10,78.54,0.049,0.137,0.009
34.86,1095.71,1095.71,-73.852,73.852,-0.387,0.788,277.529,0.261,277.529,89.946,0.123,0.687,28.61,-80.597,0.117,-1.803e-4,3.178,0.009,-88.565,89.89,1169.027,343,0.162,0.001,9.789,96.848,70.447,2.64,0,0,11.008,0.466,0.262,0.078,0.126,0.466,0.023,0.06,-1.946e-4,0,0,0,0,2.371e-4,1.879,90,7.878,888.565,0.001,336.073,0.22,5.818e6,10,78.54,0.05,0.137,0.009
34.91,1092.017,1092.017,-73.871,73.871,-0.363,0.372,277.535,0.261,277.535,89.946,0.104,0.081,28.61,-80.597,0.045,-1.794e-4,-3.919,0.015,-88.374,89.914,1169.027,343,0.162,0.001,9.789,96.904,70.447,2.646,0,0,11.018,0.466,0.262,0.078,0.126,0.466,0.009,0.024,-1.344e-4,0,0,0,0,-3.603e-4,1.936,90,7.902,888.958,0.001,336.087,0.22,5.821e6,10,78.54,0.05,0.137,0.009
34.96,1088.323,1088.323,-73.888,73.888,-0.346,0.385,277.54,0.261,277.54,89.946,0.109,0.17,28.61,-80.597,0.115,-1.797e-4,-1.803,6.834e-4,-88.226,89.941,1169.027,343,0.162,0.001,9.789,96.85,70.447,2.64,0,0,11.028,0.466,0.262,0.078,0.126,0.466,0.022,0.059,-3.199e-4,0,0,0,0,-7.619e-5,2.031,90,7.926,889.351,0.001,336.102,0.22,5.824e6,10,78.54,0.05,0.137,0.009
35.01,1084.628,1084.628,-73.906,73.906,-0.345,0.362,277.546,0.261,277.546,89.946,0.108,0.109,28.61,-80.597,0.046,-1.83e-4,-0.413,-0.006,-88.176,89.952,1169.027,343,0.162,0.001,9.789,96.903,70.447,2.646,0,0,11.038,0.466,0.262,0.078,0.126,0.466,0.009,0.024,-2.367e-4,0,0,0,0,-3.993e-6,2.186,90,7.95,889.744,0.001,336.117,0.22,5.828e6,10,78.54,0.05,0.137,0.009
35.06,1080.932,1080.932,-73.922,73.922,-0.331,0.355,277.551,0.261,277.551,89.946,0.111,0.128,28.61,-80.597,0.105,-1.838e-4,1.556,-0.017,-88.201,89.936,1169.027,343,0.162,0.001,9.789,96.857,70.447,2.641,0,0,11.047,0.466,0.262,0.078,0.126,0.466,0.02,0.054,1.444e-4,0,0,0,0,5.672e-5,2.075,90,7.974,890.137,0.001,336.131,0.22,5.83e6,10,78.54,0.05,0.137,0.009
35.11,1077.236,1077.236,-73.939,73.939,-0.334,0.388,277.557,0.261,277.557,89.946,0.108,0.196,28.61,-80.597,0.018,-1.823e-4,2.774,-0.14,-88.316,89.898,1169.027,343,0.162,0.001,9.789,96.925,70.447,2.648,0,0,11.055,0.466,0.262,0.078,0.126,0.466,0.004,0.009,-3.261e-4,0,0,0,0,1.801e-4,2.041,90,7.998,890.53,0.001,336.146,0.22,5.833e6,10,78.54,0.05,0.138,0.009
35.16,1073.538,1073.538,-73.956,73.956,-0.332,0.5,277.562,0.261,277.562,89.946,0.097,0.374,28.61,-80.597,0.033,-1.819e-4,-2.874,-0.096,-88.462,89.873,1169.027,343,0.162,0.001,9.789,96.913,70.447,2.647,0,0,11.063,0.466,0.262,0.078,0.126,0.466,0.006,0.017,-1.049e-4,0,0,0,0,-1.933e-4,1.931,90,8.022,890.923,0.001,336.16,0.22,5.836e6,10,78.54,0.05,0.138,0.009
35.21,1069.84,1069.84,-73.972,73.972,-0.332,0.78,277.566,0.262,277.566,89.946,0.064,0.706,28.61,-80.597,0.12,-1.828e-4,-0.641,-0.03,-88.556,89.898,1169.027,343,0.162,0.001,9.789,96.845,70.447,2.64,0,0,11.072,0.466,0.262,0.078,0.126,0.466,0.023,0.062,3.449e-4,0,0,0,0,-9.601e-6,1.955,90,8.046,891.317,0.001,336.175,0.22,5.839e6,10,78.54,0.05,0.138,0.009
35.26,1066.141,1066.141,-73.988,73.988,-0.313,0.354,277.568,0.262,277.569,89.946,0.046,0.165,28.61,-80.597,0.016,-1.811e-4,-0.093,0.015,-88.559,89.953,1169.027,343,0.162,0.001,9.789,96.926,70.447,2.648,0,0,11.079,0.466,0.262,0.078,0.126,0.466,0.003,0.008,3.973e-4,0,0,0,0,-2.033e-7,1.794,90,8.07,891.71,0.001,336.189,0.22,5.841e6,10,78.54,0.05,0.138,0.009
35.31,1062.441,1062.441,-74.004,74.004,-0.309,0.454,277.57,0.262,277.571,89.946,0.032,0.332,28.61,-80.597,0.026,-1.807e-4,0.416,-0.004,-88.55,89.959,1169.027,343,0.162,0.001,9.789,96.919,70.447,2.647,0,0,11.089,0.466,0.262,0.078,0.126,0.466,0.005,0.013,1.197e-5,0,0,0,0,4.039e-6,1.875,90,8.094,892.104,0.001,336.204,0.22,5.845e6,10,78.54,0.05,0.138,0.009
35.36,1058.741,1058.741,-74.019,74.019,-0.297,0.329,277.572,0.262,277.572,89.946,0.021,0.141,28.61,-80.597,0.024,-1.81e-4,-0.335,-0.027,-88.527,89.917,1169.027,343,0.162,0.001,9.789,96.921,70.447,2.647,0,0,11.097,0.466,0.262,0.078,0.126,0.466,0.005,0.012,1.588e-6,0,0,0,0,-2.624e-6,1.852,90,8.118,892.497,0.001,336.219,0.22,5.847e6,10,78.54,0.05,0.138,0.009
35.41,1055.039,1055.039,-74.034,74.034,-0.291,0.349,277.573,0.262,277.573,89.946,0.013,0.191,28.61,-80.597,0.011,-1.81e-4,0.083,-0.014,-88.522,89.881,1169.027,343,0.162,0.001,9.789,96.93,70.447,2.648,0,0,11.105,0.466,0.262,0.078,0.126,0.466,0.002,0.006,-3.181e-4,0,0,0,0,1.604e-7,1.883,90,8.142,892.891,0.001,336.233,0.22,5.85e6,10,78.54,0.05,0.138,0.009
35.46,1051.337,1051.337,-74.048,74.048,-0.285,0.373,277.573,0.262,277.573,89.946,0.003,0.24,28.61,-80.597,0.001,-1.811e-4,-0.041,-0.039,-88.526,89.884,1169.027,343,0.162,0.001,9.789,96.938,70.447,2.649,0,0,11.114,0.466,0.262,0.078,0.126,0.466,2.746e-4,2.965e-4,1.692e-5,0,0,0,0,-3.838e-8,1.906,90,8.166,893.285,0.001,336.248,0.22,5.853e6,10,78.54,0.05,0.139,0.009
35.51,1047.634,1047.634,-74.062,74.062,-0.275,0.292,277.573,0.262,277.573,89.946,0.007,0.099,28.61,-80.597,0.034,-1.808e-4,0.566,0.031,-88.539,89.92,1169.027,343,0.162,0.001,9.789,96.913,70.447,2.647,0,0,11.122,0.466,0.262,0.078,0.126,0.466,0.007,0.017,-3.777e-4,0,0,0,0,7.487e-6,1.851,90,8.19,893.679,0.001,336.262,0.22,5.856e6,10,78.54,0.05,0.139,0.009
35.56,1043.931,1043.931,-74.076,74.076,-0.27,0.311,277.572,0.263,277.572,89.946,0.014,0.155,28.61,-80.597,0.018,-1.807e-4,0.955,0.068,-88.579,89.959,1169.027,343,0.162,0.001,9.789,96.925,70.447,2.648,0,0,11.129,0.466,0.262,0.078,0.126,0.466,0.004,0.009,2.419e-4,0,0,0,0,2.127e-5,1.829,90,8.214,894.073,0.001,336.277,0.22,5.858e6,10,78.54,0.05,0.139,0.009
35.61,1040.227,1040.227,-74.089,74.089,-0.26,0.261,277.571,0.263,277.572,89.946,0.016,0.018,28.61,-80.597,0.059,-1.796e-4,1.992,0.005,-88.649,89.945,1169.027,343,0.162,0.001,9.789,96.894,70.447,2.645,0,0,11.136,0.466,0.262,0.078,0.126,0.466,0.011,0.031,-4.42e-4,0,0,0,0,9.258e-5,1.687,90,8.239,894.467,0.001,336.291,0.22,5.861e6,10,78.54,0.05,0.139,0.009
35.66,1036.522,1036.522,-74.102,74.102,-0.26,0.355,277.571,0.263,277.571,89.946,0.021,0.242,28.61,-80.597,0.012,-1.802e-4,-2.612,-0.043,-88.771,89.897,1169.027,343,0.162,0.001,9.789,96.93,70.447,2.648,0,0,11.144,0.466,0.262,0.078,0.126,0.466,0.002,0.006,4.521e-4,0,0,0,0,-1.591e-4,1.626,90,8.263,894.861,0.001,336.306,0.22,5.864e6,10,78.54,0.05,0.139,0.009
35.71,1032.817,1032.817,-74.115,74.115,-0.259,0.594,277.569,0.263,277.569,89.946,0.042,0.535,28.61,-80.597,0.09,-1.805e-4,-1.324,-0.017,-88.875,89.877,1169.027,343,0.162,0.001,9.789,96.87,70.447,2.642,0,0,11.152,0.466,0.262,0.078,0.126,0.466,0.017,0.046,7.51e-5,0,0,0,0,-4.084e-5,1.613,90,8.287,895.255,0.001,336.321,0.22,5.866e6,10,78.54,0.05,0.139,0.009
35.76,1029.111,1029.111,-74.128,74.128,-0.25,0.482,277.566,0.263,277.567,89.946,0.066,0.412,28.61,-80.597,0.06,-1.798e-4,0.376,-0.007,-88.896,89.901,1169.027,343,0.162,0.001,9.789,96.893,70.447,2.645,0,0,11.159,0.466,0.262,0.078,0.126,0.466,0.012,0.031,3.45e-4,0,0,0,0,3.291e-6,1.572,90,8.311,895.649,0.001,336.335,0.22,5.869e6,10,78.54,0.05,0.139,0.009
35.81,1025.404,1025.404,-74.14,74.14,-0.24,0.341,277.563,0.263,277.563,89.946,0.082,0.242,28.61,-80.597,0.015,-1.786e-4,1.165,-0.021,-88.853,89.914,1169.027,343,0.162,0.001,9.789,96.928,70.447,2.648,0,0,11.166,0.466,0.262,0.078,0.126,0.466,0.003,0.008,-2.686e-4,0,0,0,0,3.162e-5,1.585,90,8.335,896.043,0.001,336.35,0.22,5.871e6,10,78.54,0.05,0.14,0.009
35.86,1021.697,1021.697,-74.152,74.152,-0.232,0.302,277.558,0.263,277.558,89.946,0.092,0.193,28.61,-80.597,2.029e-4,-1.785e-4,0,0,-88.791,89.917,1169.027,343,0.162,0.001,9.789,96.939,70.447,2.649,0,0,11.174,0.466,0.262,0.078,0.126,0.466,3.947e-5,4.626e-5,4.419e-4,0,0,0,0,0,1.658,90,8.359,896.438,0.001,336.364,0.221,5.874e6,10,78.54,0.05,0.14,0.009
35.91,1017.989,1017.989,-74.163,74.163,-0.225,0.29,277.553,0.263,277.554,89.946,0.102,0.182,28.61,-80.597,0.005,-1.785e-4,-1.293,0.038,-88.725,89.906,1169.027,343,0.162,0.001,9.789,96.935,70.447,2.649,0,0,11.182,0.466,0.262,0.078,0.126,0.466,0.001,0.003,3.744e-4,0,0,0,0,-3.889e-5,1.746,90,8.383,896.832,0.001,336.379,0.221,5.877e6,10,78.54,0.05,0.14,0.009
35.96,1014.28,1014.28,-74.174,74.174,-0.216,0.223,277.548,0.264,277.548,89.946,0.108,0.057,28.61,-80.597,0.039,-1.786e-4,-0.809,0.013,-88.67,89.903,1169.027,343,0.162,0.001,9.789,96.909,70.447,2.646,0,0,11.19,0.466,0.262,0.078,0.126,0.466,0.008,0.02,4.462e-4,0,0,0,0,-1.525e-5,1.78,90,8.407,897.227,0.001,336.394,0.221,5.879e6,10,78.54,0.05,0.14,0.009
36.01,1010.571,1010.571,-74.185,74.185,-0.208,0.208,277.543,0.264,277.543,89.946,0.108,0.006,28.61,-80.597,0.055,-1.788e-4,0.348,0.009,-88.657,89.918,1169.027,343,0.162,0.001,9.789,96.896,70.447,2.645,0,0,11.197,0.466,0.262,0.078,0.126,0.466,0.011,0.028,1.66e-4,0,0,0,0,2.824e-6,1.776,90,8.431,897.621,0.001,336.408,0.221,5.882e6,10,78.54,0.05,0.14,0.009
36.06,1006.862,1006.862,-74.195,74.195,-0.204,0.217,277.537,0.264,277.537,89.946,0.112,0.072,28.61,-80.597,0.034,-1.784e-4,1.146,0.003,-88.696,89.919,1169.027,343,0.162,0.001,9.789,96.913,70.447,2.647,0,0,11.204,0.466,0.262,0.078,0.126,0.466,0.007,0.018,-4.403e-4,0,0,0,0,3.055e-5,1.756,90,8.455,898.016,0.001,336.423,0.221,5.884e6,10,78.54,0.05,0.14,0.009
36.11,1003.152,1003.152,-74.205,74.205,-0.199,0.203,277.532,0.264,277.532,89.946,0.111,0.042,28.61,-80.597,0.038,-1.772e-4,2.37,0.026,-88.785,89.926,1169.027,343,0.162,0.001,9.789,96.91,70.447,2.646,0,0,11.21,0.466,0.262,0.078,0.126,0.466,0.007,0.019,-1.854e-4,0,0,0,0,1.306e-4,1.635,90,8.48,898.41,0.001,336.437,0.221,5.887e6,10,78.54,0.05,0.141,0.01
36.16,999.441,999.441,-74.215,74.216,-0.204,0.673,277.526,0.264,277.526,89.945,0.13,0.641,28.61,-80.597,0.116,-1.783e-4,-1.207,0.001,-88.886,89.936,1169.027,343,0.162,0.001,9.789,96.85,70.447,2.64,0,0,11.218,0.466,0.262,0.078,0.126,0.466,0.023,0.059,2.552e-4,0,0,0,0,-3.386e-5,1.723,90,8.504,898.808,0.001,336.452,0.221,5.889e6,10,78.54,0.05,0.141,0.01
36.21,995.73,995.73,-74.225,74.226,-0.195,0.545,277.518,0.264,277.519,89.945,0.161,0.509,28.61,-80.597,0.082,-1.812e-4,1.167,-0.009,-88.884,89.944,1169.027,343,0.162,0.001,9.789,96.875,70.447,2.643,0,0,11.225,0.466,0.262,0.078,0.126,0.466,0.016,0.042,-4.865e-4,0,0,0,0,3.163e-5,1.714,90,8.528,899.223,0.001,336.467,0.221,5.892e6,10,78.54,0.05,0.141,0.01
36.26,992.019,992.019,-74.235,74.235,-0.182,0.22,277.51,0.264,277.51,89.945,0.176,0.124,28.61,-80.597,0.017,-1.797e-4,-1.807,-0.02,-88.801,89.924,1169.027,343,0.162,0.001,9.789,96.927,70.447,2.648,0,0,11.232,0.466,0.262,0.078,0.126,0.466,0.003,0.009,6.683e-6,0,0,0,0,-7.584e-5,1.708,90,8.552,899.637,0.001,336.481,0.221,5.894e6,10,78.54,0.05,0.141,0.01
36.31,988.307,988.307,-74.244,74.244,-0.173,0.173,277.501,0.264,277.501,89.945,0.179,0.003,28.61,-80.597,0.051,-1.782e-4,-1.006,0.002,-88.728,89.895,1169.027,343,0.162,0.001,9.789,96.9,70.447,2.645,0,0,11.239,0.466,0.262,0.078,0.126,0.466,0.01,0.026,8.714e-5,0,0,0,0,-2.352e-5,1.76,90,8.576,900.052,0.001,336.496,0.221,5.897e6,10,78.54,0.05,0.141,0.01
36.36,984.594,984.594,-74.252,74.252,-0.168,0.174,277.492,0.265,277.492,89.945,0.178,0.046,28.61,-80.597,0.04,-1.786e-4,0.133,0.016,-88.708,89.904,1169.027,343,0.162,0.001,9.789,96.908,70.447,2.646,0,0,11.246,0.466,0.262,0.078,0.126,0.466,0.008,0.02,4.758e-4,0,0,0,0,4.121e-7,1.801,90,8.6,900.467,0.001,336.511,0.221,5.9e6,10,78.54,0.05,0.141,0.01
36.41,980.882,980.882,-74.261,74.261,-0.167,0.329,277.483,0.265,277.483,89.945,0.187,0.284,28.61,-80.597,0.02,-1.783e-4,-0.315,-0.005,-88.724,89.931,1169.027,343,0.162,0.001,9.789,96.924,70.447,2.648,0,0,11.253,0.466,0.262,0.078,0.126,0.466,0.004,0.011,-1.559e-4,0,0,0,0,-2.297e-6,1.867,90,8.624,900.882,0.001,336.525,0.221,5.902e6,10,78.54,0.05,0.141,0.01
36.46,977.168,977.168,-74.269,74.269,-0.163,0.424,277.473,0.265,277.473,89.945,0.204,0.391,28.61,-80.597,0.046,-1.781e-4,0.444,-6.158e-4,-88.723,89.936,1169.027,343,0.162,0.001,9.789,96.904,70.447,2.646,0,0,11.26,0.466,0.262,0.078,0.126,0.466,0.009,0.023,-3.437e-4,0,0,0,0,4.566e-6,1.92,90,8.648,901.297,0.001,336.54,0.221,5.905e6,10,78.54,0.05,0.142,0.01
36.51,973.455,973.455,-74.277,74.277,-0.157,0.413,277.463,0.265,277.463,89.945,0.224,0.381,28.61,-80.597,0.042,-1.771e-4,1.514,-0.002,-88.673,89.932,1169.027,343,0.162,0.001,9.789,96.907,70.447,2.646,0,0,11.267,0.466,0.262,0.078,0.126,0.466,0.008,0.021,-3.633e-4,0,0,0,0,5.319e-5,1.999,90,8.673,901.711,0.001,336.554,0.221,5.907e6,10,78.54,0.05,0.142,0.01
36.56,969.741,969.741,-74.285,74.285,-0.146,0.205,277.451,0.265,277.451,89.945,0.238,0.144,28.61,-80.597,0.021,-1.764e-4,-1.834,-0.003,-88.584,89.934,1169.027,343,0.162,0.001,9.789,96.923,70.447,2.648,0,0,11.274,0.466,0.262,0.078,0.126,0.466,0.004,0.011,4.745e-4,0,0,0,0,-7.807e-5,2.048,90,8.697,902.126,0.001,336.569,0.221,5.91e6,10,78.54,0.05,0.142,0.01
36.61,966.026,966.026,-74.291,74.292,-0.133,0.183,277.439,0.265,277.439,89.945,0.237,0.125,28.61,-80.597,0.09,-1.775e-4,-0.422,-0.003,-88.522,89.925,1169.027,343,0.162,0.001,9.789,96.869,70.447,2.642,0,0,11.281,0.466,0.262,0.078,0.126,0.466,0.018,0.046,-3.715e-4,0,0,0,0,-4.139e-6,2.037,90,8.721,902.541,0.001,336.584,0.221,5.912e6,10,78.54,0.05,0.142,0.01
36.66,962.311,962.311,-74.298,74.298,-0.13,0.15,277.427,0.265,277.427,89.945,0.233,0.075,28.61,-80.597,0.077,-1.784e-4,1.388,0.003,-88.548,89.93,1169.027,343,0.162,0.001,9.789,96.88,70.447,2.643,0,0,11.287,0.466,0.262,0.078,0.126,0.466,0.015,0.04,3.477e-4,0,0,0,0,4.471e-5,2.016,90,8.745,902.956,0.001,336.598,0.221,5.914e6,10,78.54,0.05,0.142,0.01
36.71,958.596,958.596,-74.304,74.305,-0.129,0.152,277.416,0.265,277.416,89.945,0.229,0.08,28.61,-80.597,0.034,-1.787e-4,2.965,-0.011,-88.661,89.925,1169.027,343,0.162,0.001,9.789,96.913,70.447,2.647,0,0,11.292,0.466,0.262,0.078,0.126,0.466,0.007,0.017,2.678e-4,0,0,0,0,2.039e-4,1.922,90,8.769,903.372,0.001,336.613,0.221,5.916e6,10,78.54,0.05,0.142,0.01
36.76,954.881,954.881,-74.311,74.312,-0.137,0.736,277.404,0.265,277.404,89.945,0.251,0.724,28.61,-80.597,0.131,-1.803e-4,-1.678,0.002,-88.791,89.907,1169.027,343,0.162,0.001,9.789,96.838,70.447,2.639,0,0,11.299,0.466,0.262,0.078,0.126,0.466,0.026,0.068,1.992e-4,0,0,0,0,-6.527e-5,1.99,90,8.793,903.787,0.001,336.628,0.221,5.919e6,10,78.54,0.05,0.142,0.01
36.81,951.165,951.165,-74.318,74.318,-0.13,0.665,277.39,0.266,277.391,89.945,0.29,0.652,28.61,-80.597,0.113,-1.781e-4,1.463,0.01,-88.793,89.892,1169.027,343,0.162,0.001,9.789,96.852,70.447,2.64,0,0,11.305,0.466,0.262,0.078,0.126,0.466,0.022,0.058,-3.093e-5,0,0,0,0,4.959e-5,2.003,90,8.817,904.202,0.001,336.642,0.221,5.921e6,10,78.54,0.05,0.143,0.01
36.86,947.449,947.449,-74.324,74.324,-0.109,0.172,277.375,0.266,277.376,89.945,0.302,0.133,28.61,-80.597,0.085,-1.779e-4,-1.699,0.016,-88.697,89.905,1169.027,343,0.162,0.001,9.789,96.874,70.447,2.643,0,0,11.31,0.466,0.262,0.078,0.126,0.466,0.017,0.044,4.302e-4,0,0,0,0,-6.69e-5,1.882,90,8.842,904.617,0.001,336.657,0.221,5.923e6,10,78.54,0.05,0.143,0.01
36.91,943.733,943.733,-74.329,74.329,-0.096,0.471,277.361,0.266,277.361,89.945,0.284,0.461,28.61,-80.597,0.166,-1.815e-4,1.448,0.009,-88.686,89.922,1169.027,343,0.162,0.001,9.789,96.811,70.447,2.636,0,0,11.316,0.466,0.262,0.078,0.126,0.466,0.032,0.085,9.559e-7,0,0,0,0,4.861e-5,1.774,90,8.866,905.032,0.001,336.672,0.221,5.925e6,10,78.54,0.05,0.143,0.01
36.96,940.016,940.016,-74.334,74.334,-0.104,0.108,277.347,0.266,277.347,89.945,0.271,0.029,28.61,-80.597,0.039,-1.788e-4,3.998,0.056,-88.834,89.935,1169.027,343,0.162,0.001,9.789,96.909,70.447,2.646,0,0,11.321,0.466,0.262,0.078,0.126,0.466,0.008,0.02,3.489e-4,0,0,0,0,3.704e-4,1.733,90,8.89,905.447,0.001,336.686,0.221,5.928e6,10,78.54,0.05,0.143,0.01
37.01,936.3,936.3,-74.339,74.34,-0.111,0.767,277.333,0.266,277.333,89.945,0.293,0.759,28.61,-80.597,0.148,-1.783e-4,-2.476,0.012,-89.011,89.933,1169.027,343,0.162,0.001,9.789,96.825,70.447,2.638,0,0,11.327,0.466,0.262,0.078,0.126,0.466,0.029,0.077,8.134e-5,0,0,0,0,-1.421e-4,1.769,90,8.914,905.863,0.001,336.701,0.221,5.93e6,10,78.54,0.05,0.143,0.01
37.06,932.582,932.582,-74.345,74.346,-0.106,0.732,277.317,0.266,277.317,89.945,0.332,0.724,28.61,-80.597,0.141,-1.781e-4,0.899,0.015,-89.048,89.896,1169.027,343,0.162,0.001,9.789,96.83,70.447,2.638,0,0,11.333,0.466,0.262,0.078,0.126,0.466,0.028,0.073,-4.432e-4,0,0,0,0,1.871e-5,1.75,90,8.938,906.278,0.001,336.715,0.221,5.932e6,10,78.54,0.05,0.143,0.01
37.11,928.865,928.865,-74.35,74.351,-0.094,0.304,277.3,0.266,277.3,89.945,0.36,0.289,28.61,-80.597,0.029,-1.765e-4,3.074,0.072,-88.938,89.875,1169.027,343,0.162,0.001,9.789,96.917,70.447,2.647,0,0,11.338,0.466,0.262,0.078,0.126,0.466,0.006,0.015,1.795e-4,0,0,0,0,2.188e-4,1.776,90,8.962,906.693,0.001,336.73,0.221,5.934e6,10,78.54,0.05,0.144,0.01
37.16,925.147,925.147,-74.354,74.355,-0.075,0.436,277.282,0.266,277.282,89.945,0.354,0.43,28.61,-80.597,0.153,-1.762e-4,-1.409,0.011,-88.812,89.888,1169.027,343,0.162,0.001,9.789,96.821,70.447,2.637,0,0,11.344,0.466,0.262,0.078,0.126,0.466,0.03,0.078,-2.082e-4,0,0,0,0,-4.596e-5,1.697,90,8.987,907.109,0.001,336.745,0.221,5.936e6,10,78.54,0.05,0.144,0.01
37.21,921.43,921.43,-74.358,74.358,-0.072,0.382,277.265,0.266,277.265,89.945,0.331,0.376,28.61,-80.597,0.139,-1.752e-4,2.099,0.017,-88.832,89.917,1169.027,343,0.162,0.001,9.789,96.832,70.447,2.638,0,0,11.349,0.466,0.262,0.078,0.126,0.466,0.027,0.071,2.548e-5,0,0,0,0,1.021e-4,1.667,90,9.011,907.524,0.001,336.759,0.221,5.938e6,10,78.54,0.05,0.144,0.01
37.26,917.712,917.712,-74.361,74.362,-0.08,0.247,277.249,0.267,277.249,89.945,0.325,0.234,28.61,-80.597,0.018,-1.778e-4,-3.647,0.125,-88.989,89.938,1169.027,343,0.162,0.001,9.789,96.926,70.447,2.648,0,0,11.354,0.466,0.262,0.078,0.126,0.466,0.003,0.009,-2.717e-4,0,0,0,0,-3.08e-4,1.66,90,9.035,907.939,0.001,336.774,0.221,5.94e6,10,78.54,0.05,0.144,0.01
37.31,913.993,913.993,-74.366,74.366,-0.084,0.901,277.232,0.267,277.232,89.945,0.357,0.897,28.61,-80.597,0.186,-1.757e-4,-0.973,0.003,-89.118,89.929,1169.027,343,0.162,0.001,9.789,96.795,70.447,2.635,0,0,11.361,0.466,0.262,0.078,0.126,0.466,0.036,0.095,-1.741e-4,0,0,0,0,-2.194e-5,1.743,90,9.059,908.355,0.001,336.789,0.221,5.943e6,10,78.54,0.049,0.144,0.01
37.359,910.366,910.366,-74.37,74.371,-0.077,0.698,277.213,0.267,277.213,89.945,0.397,0.694,28.61,-80.597,0.134,-1.754e-4,2.6,0.012,-89.073,89.906,1169.027,343,0.162,0.001,9.789,96.835,70.447,2.639,0,0,11.365,0.466,0.262,0.078,0.126,0.466,0.026,0.069,2.347e-4,0,0,0,0,1.565e-4,1.774,90,9.083,908.76,0.001,336.803,0.221,5.945e6,10,78.54,0.05,0.144,0.01
37.409,906.647,906.647,-74.373,74.374,-0.065,0.203,277.193,0.267,277.193,89.945,0.423,0.192,28.61,-80.597,0.003,-1.762e-4,4.534,0.32,-88.882,89.909,1169.027,343,0.162,0.001,9.789,96.938,70.447,2.649,0,0,11.371,0.466,0.262,0.078,0.126,0.466,5.606e-4,0.001,-3.123e-4,0,0,0,0,4.759e-4,1.878,90,9.107,909.176,0.001,336.818,0.221,5.947e6,10,78.54,0.05,0.144,0.01
37.459,902.928,902.928,-74.376,74.377,-0.037,0.815,277.172,0.267,277.172,89.945,0.403,0.814,28.61,-80.597,0.25,-1.769e-4,-1.264,5.054e-4,-88.717,89.915,1169.027,343,0.162,0.001,9.789,96.746,70.447,2.63,0,0,11.377,0.466,0.262,0.078,0.126,0.466,0.049,0.129,-4.126e-4,0,0,0,0,-3.701e-5,1.743,90,9.131,909.591,0.001,336.832,0.221,5.949e6,10,78.54,0.036,0.145,0.01
37.495,900.25,900.25,-74.377,74.378,-0.038,0.678,277.158,0.267,277.158,89.945,0.375,0.677,28.61,-80.597,0.216,-1.735e-4,2.622,0.005,-88.744,89.92,1169.027,343,0.162,0.001,9.789,96.772,70.447,2.633,0,0,11.38,0.466,0.262,0.078,0.126,0.466,0.042,0.111,2.481e-4,0,0,0,0,1.592e-4,1.726,90,9.148,909.89,0.001,336.843,0.221,5.95e6,10,78.54,0.042,0.145,0.01
37.536,897.138,897.138,-74.379,74.38,-0.057,0.322,277.142,0.267,277.143,89.945,0.366,0.317,28.61,-80.597,0.035,-1.728e-4,-4.431,0.009,-88.907,89.922,1169.027,343,0.162,0.001,9.789,96.913,70.447,2.647,0,0,11.383,0.466,0.262,0.078,0.126,0.466,0.007,0.018,1.42e-4,0,0,0,0,-4.544e-4,1.83,90,9.169,910.238,0.001,336.855,0.221,5.952e6,10,78.54,0.05,0.145,0.01
37.586,893.419,893.419,-74.382,74.383,-0.057,0.656,277.123,0.267,277.124,89.945,0.397,0.653,28.61,-80.597,0.124,-1.712e-4,-1.921,0.003,-89.071,89.924,1169.027,343,0.162,0.001,9.789,96.843,70.447,2.64,0,0,11.388,0.466,0.262,0.078,0.126,0.466,0.024,0.064,1.181e-5,0,0,0,0,-8.539e-5,1.763,90,9.193,910.653,0.001,336.87,0.221,5.954e6,10,78.54,0.05,0.145,0.01
37.636,889.7,889.7,-74.385,74.386,-0.055,0.833,277.103,0.267,277.103,89.945,0.432,0.832,28.61,-80.597,0.168,-1.726e-4,1.133,0.004,-89.094,89.918,1169.027,343,0.162,0.001,9.789,96.809,70.447,2.636,0,0,11.394,0.466,0.262,0.078,0.126,0.466,0.033,0.087,-3.777e-5,0,0,0,0,2.97e-5,1.827,90,9.217,911.069,0.001,336.884,0.221,5.956e6,10,78.54,0.05,0.145,0.01
37.686,885.981,885.981,-74.387,74.389,-0.041,0.155,277.08,0.267,277.08,89.945,0.461,0.15,28.61,-80.597,0.004,-1.721e-4,-3.451,0.052,-88.963,89.914,1169.027,343,0.162,0.001,9.789,96.937,70.447,2.649,0,0,11.398,0.466,0.262,0.078,0.126,0.466,8.222e-4,0.003,-1.041e-4,0,0,0,0,-2.756e-4,1.802,90,9.241,911.485,0.001,336.899,0.221,5.958e6,10,78.54,0.05,0.145,0.01
37.736,882.261,882.261,-74.389,74.39,-0.019,0.702,277.057,0.268,277.058,89.945,0.445,0.702,28.61,-80.597,0.217,-1.7e-4,-0.748,-0.006,-88.841,89.913,1169.027,343,0.162,0.001,9.789,96.771,70.447,2.632,0,0,11.403,0.466,0.262,0.078,0.126,0.466,0.043,0.112,-9.552e-5,0,0,0,0,-1.294e-5,1.668,90,9.265,911.9,0.001,336.914,0.221,5.96e6,10,78.54,0.042,0.145,0.01
37.778,879.173,879.173,-74.389,74.391,-0.025,0.312,277.04,0.268,277.04,89.945,0.419,0.311,28.61,-80.597,0.12,-1.677e-4,2.941,-0.022,-88.893,89.893,1169.027,343,0.162,0.001,9.789,96.846,70.447,2.64,0,0,11.406,0.466,0.262,0.078,0.126,0.466,0.023,0.062,4.805e-4,0,0,0,0,2.001e-4,1.7,90,9.285,912.245,0.001,336.926,0.221,5.961e6,10,78.54,0.05,0.146,0.01
37.828,875.454,875.454,-74.391,74.392,-0.037,0.62,277.018,0.268,277.019,89.945,0.429,0.619,28.61,-80.597,0.115,-1.677e-4,-2.752,-0.017,-89.055,89.85,1169.027,343,0.162,0.001,9.789,96.851,70.447,2.64,0,0,11.411,0.466,0.262,0.078,0.126,0.466,0.022,0.059,-3.392e-4,0,0,0,0,-1.752e-4,1.804,90,9.31,912.661,0.001,336.94,0.221,5.963e6,10,78.54,0.05,0.146,0.01
37.878,871.734,871.734,-74.393,74.394,-0.034,0.696,276.996,0.268,276.996,89.945,0.468,0.695,28.61,-80.597,0.135,-1.733e-4,0.719,-0.01,-89.106,89.862,1169.027,343,0.162,0.001,9.789,96.835,70.447,2.639,0,0,11.416,0.466,0.262,0.078,0.126,0.466,0.026,0.07,4.677e-4,0,0,0,0,1.197e-5,1.805,90,9.334,913.076,0.001,336.955,0.221,5.965e6,10,78.54,0.05,0.146,0.01
37.928,868.014,868.014,-74.394,74.396,-0.026,0.371,276.972,0.268,276.972,89.945,0.492,0.37,28.61,-80.597,0.052,-1.753e-4,2.474,-0.031,-89.019,89.924,1169.027,343,0.162,0.001,9.79,96.899,70.447,2.645,0,0,11.42,0.466,0.262,0.078,0.126,0.466,0.01,0.027,2.581e-4,0,0,0,0,1.416e-4,1.833,90,9.358,913.492,0.001,336.97,0.221,5.967e6,10,78.54,0.05,0.146,0.01
37.978,864.295,864.295,-74.395,74.397,-0.015,0.029,276.947,0.268,276.947,89.945,0.503,0.025,28.61,-80.597,0.038,-1.755e-4,-2.742,-0.048,-88.881,89.958,1169.027,343,0.162,0.001,9.79,96.91,70.447,2.646,0,0,11.425,0.466,0.262,0.078,0.126,0.466,0.007,0.02,-1.532e-4,0,0,0,0,-1.739e-4,1.907,90,9.382,913.907,0.001,336.984,0.221,5.969e6,10,78.54,0.05,0.146,0.01
38.028,860.575,860.575,-74.396,74.398,-0.007,0.135,276.922,0.268,276.922,89.945,0.498,0.135,28.61,-80.597,0.082,-1.751e-4,-1.148,-0.021,-88.78,89.959,1169.027,343,0.162,0.001,9.79,96.876,70.447,2.643,0,0,11.43,0.466,0.262,0.078,0.126,0.466,0.016,0.043,-4.854e-4,0,0,0,0,-3.05e-5,1.976,90,9.406,914.323,0.001,336.999,0.221,5.971e6,10,78.54,0.05,0.146,0.01
38.078,856.855,856.855,-74.396,74.398,-0.003,0.132,276.897,0.268,276.897,89.945,0.493,0.132,28.61,-80.597,0.082,-1.746e-4,0.491,-0.022,-88.764,89.92,1169.027,343,0.162,0.001,9.79,96.876,70.447,2.643,0,0,11.434,0.466,0.262,0.078,0.126,0.466,0.016,0.042,2.667e-4,0,0,0,0,5.578e-6,1.992,90,9.43,914.739,0.001,337.014,0.221,5.973e6,10,78.54,0.05,0.147,0.01
38.128,853.135,853.135,-74.396,74.398,-0.009,0.286,276.873,0.268,276.873,89.944,0.492,0.286,28.61,-80.597,0.023,-1.777e-4,-1.627,-0.058,-88.827,89.884,1169.027,343,0.162,0.001,9.79,96.922,70.447,2.647,0,0,11.439,0.466,0.262,0.078,0.126,0.466,0.005,0.012,-4.67e-5,0,0,0,0,-6.125e-5,2.046,90,9.455,915.154,0.001,337.028,0.221,5.975e6,10,78.54,0.05,0.147,0.01
38.178,849.415,849.415,-74.397,74.399,-0.016,0.932,276.847,0.268,276.848,89.944,0.522,0.932,28.61,-80.597,0.182,-1.795e-4,0.644,-0.01,-88.865,89.894,1169.027,343,0.162,0.001,9.79,96.798,70.447,2.635,0,0,11.446,0.466,0.262,0.078,0.126,0.466,0.036,0.093,1.157e-4,0,0,0,0,9.586e-6,2.233,90,9.479,915.57,0.001,337.043,0.221,5.977e6,10,78.54,0.049,0.147,0.01
38.227,845.739,845.739,-74.398,74.4,-0.005,0.525,276.82,0.269,276.821,89.944,0.567,0.525,28.61,-80.597,0.077,-1.805e-4,4.465,-0.051,-88.728,89.949,1169.027,343,0.162,0.001,9.79,96.879,70.447,2.643,0,0,11.449,0.466,0.262,0.078,0.126,0.466,0.015,0.04,-3.274e-4,0,0,0,0,4.611e-4,2.32,90,9.503,915.981,0.001,337.058,0.221,5.979e6,10,78.54,0.05,0.147,0.01
38.277,842.019,842.019,-74.397,74.399,0.021,0.388,276.792,0.269,276.792,89.944,0.569,0.388,28.61,-80.597,0.154,-1.784e-4,-3.342,-0.021,-88.513,89.982,1169.027,343,0.162,0.001,9.79,96.82,70.447,2.637,0,0,11.454,0.466,0.262,0.078,0.126,0.466,0.03,0.08,-1.924e-4,0,0,0,0,-2.583e-4,2.299,90,9.527,916.396,0.001,337.072,0.221,5.981e6,10,78.54,0.05,0.147,0.01
38.327,838.299,838.299,-74.396,74.398,0.034,0.701,276.764,0.269,276.764,89.944,0.54,0.701,28.61,-80.597,0.232,-1.74e-4,1.185,-0.006,-88.454,89.975,1169.027,343,0.162,0.001,9.79,96.759,70.447,2.631,0,0,11.458,0.466,0.262,0.078,0.126,0.466,0.045,0.119,-3.263e-4,0,0,0,0,3.246e-5,2.245,90,9.551,916.812,0.001,337.087,0.221,5.982e6,10,78.54,0.039,0.147,0.01
38.366,835.422,835.422,-74.395,74.396,0.021,0.177,276.744,0.269,276.744,89.944,0.519,0.175,28.61,-80.597,0.1,-1.728e-4,4.501,-0.025,-88.572,89.947,1169.027,343,0.162,0.001,9.79,96.862,70.447,2.641,0,0,11.46,0.466,0.262,0.078,0.126,0.466,0.02,0.051,-2.244e-4,0,0,0,0,4.686e-4,2.243,90,9.57,917.133,0.001,337.098,0.221,5.984e6,10,78.54,0.05,0.148,0.01
38.416,831.703,831.703,-74.394,74.396,0.001,0.885,276.717,0.269,276.718,89.944,0.54,0.885,28.61,-80.597,0.167,-1.709e-4,-3.319,-0.004,-88.789,89.891,1169.027,343,0.162,0.001,9.79,96.81,70.447,2.636,0,0,11.465,0.466,0.262,0.078,0.126,0.466,0.033,0.087,1.453e-4,0,0,0,0,-2.548e-4,2.33,90,9.594,917.549,0.001,337.113,0.221,5.985e6,10,78.54,0.05,0.148,0.01
38.466,827.983,827.983,-74.394,74.396,0.003,0.983,276.689,0.269,276.689,89.944,0.591,0.983,28.61,-80.597,0.193,-1.641e-4,1.148,-0.003,-88.844,89.879,1169.027,343,0.162,0.001,9.79,96.79,70.447,2.634,0,0,11.469,0.466,0.262,0.078,0.126,0.466,0.038,0.099,-3.274e-4,0,0,0,0,3.047e-5,2.343,90,9.618,917.964,0.001,337.127,0.221,5.987e6,10,78.54,0.046,0.148,0.01
38.512,824.536,824.536,-74.394,74.396,0.019,0.302,276.661,0.269,276.661,89.944,0.623,0.301,28.61,-80.597,0.022,-1.587e-4,3.656,0.003,-88.719,89.921,1169.027,343,0.162,0.001,9.79,96.922,70.447,2.648,0,0,11.471,0.466,0.262,0.078,0.126,0.466,0.004,0.011,2.051e-4,0,0,0,0,3.092e-4,2.315,90,9.641,918.35,0.001,337.141,0.221,5.989e6,10,78.54,0.05,0.148,0.01
38.562,820.816,820.816,-74.392,74.395,0.041,0.463,276.63,0.269,276.63,89.944,0.614,0.461,28.61,-80.597,0.169,-1.561e-4,-1.512,0.008,-88.575,89.975,1169.027,343,0.162,0.001,9.79,96.808,70.447,2.636,0,0,11.476,0.466,0.262,0.078,0.126,0.466,0.033,0.088,2.793e-4,0,0,0,0,-5.288e-5,2.245,90,9.665,918.765,0.001,337.156,0.221,5.99e6,10,78.54,0.05,0.148,0.01
38.612,817.096,817.096,-74.39,74.392,0.039,0.252,276.6,0.269,276.6,89.944,0.595,0.249,28.61,-80.597,0.117,-1.658e-4,1.864,0.012,-88.589,89.981,1169.027,343,0.162,0.001,9.79,96.848,70.447,2.64,0,0,11.479,0.466,0.262,0.078,0.126,0.466,0.023,0.06,-4.015e-4,0,0,0,0,8.038e-5,2.275,90,9.689,919.181,0.001,337.17,0.221,5.992e6,10,78.54,0.05,0.148,0.01
38.662,813.377,813.377,-74.388,74.391,0.03,0.208,276.57,0.269,276.57,89.944,0.594,0.206,28.61,-80.597,8.249e-4,-1.629e-4,2.84,1.449,-88.726,89.961,1169.027,343,0.162,0.001,9.79,96.939,70.447,2.649,0,0,11.482,0.466,0.262,0.078,0.126,0.466,1.605e-4,-5.69e-5,-3.817e-4,0,0,0,0,1.867e-4,2.247,90,9.713,919.596,0.001,337.185,0.221,5.994e6,10,78.54,0.05,0.148,0.01
38.712,809.657,809.657,-74.387,74.39,0.023,0.725,276.54,0.269,276.54,89.944,0.615,0.725,28.61,-80.597,0.131,-1.619e-4,-1.953,0.008,-88.866,89.923,1169.027,343,0.162,0.001,9.79,96.837,70.447,2.639,0,0,11.486,0.466,0.262,0.078,0.126,0.466,0.026,0.068,-1.456e-4,0,0,0,0,-8.83e-5,2.258,90,9.737,920.012,0.001,337.2,0.221,5.995e6,10,78.54,0.05,0.149,0.01
38.762,805.938,805.938,-74.386,74.389,0.022,1.043,276.508,0.269,276.508,89.944,0.665,1.043,28.61,-80.597,0.208,-1.57e-4,2.537,0.013,-88.855,89.897,1169.027,343,0.162,0.001,9.79,96.778,70.447,2.633,0,0,11.492,0.466,0.262,0.078,0.126,0.466,0.041,0.107,-2.239e-4,0,0,0,0,1.49e-4,2.421,90,9.761,920.427,0.001,337.214,0.221,5.997e6,10,78.54,0.043,0.149,0.01
38.805,802.737,802.737,-74.385,74.388,0.036,0.37,276.479,0.27,276.479,89.944,0.696,0.369,28.61,-80.597,0.037,-1.584e-4,4.938,0.05,-88.683,89.92,1169.027,343,0.162,0.001,9.79,96.911,70.447,2.646,0,0,11.494,0.466,0.262,0.078,0.126,0.466,0.007,0.018,3.977e-4,0,0,0,0,5.643e-4,2.454,90,9.782,920.785,0.001,337.227,0.221,5.999e6,10,78.54,0.05,0.149,0.01
38.855,799.018,799.018,-74.382,74.386,0.057,0.266,276.444,0.27,276.444,89.944,0.699,0.26,28.61,-80.597,0.126,-1.575e-4,-3.916,0.003,-88.448,89.965,1169.027,343,0.162,0.001,9.79,96.842,70.447,2.639,0,0,11.498,0.466,0.262,0.078,0.126,0.466,0.025,0.065,-6.814e-5,0,0,0,0,-3.549e-4,2.551,90,9.806,921.2,0.001,337.242,0.221,6e6,10,78.54,0.05,0.149,0.01
38.905,795.299,795.299,-74.379,74.382,0.077,0.835,276.409,0.27,276.409,89.944,0.668,0.831,28.61,-80.597,0.267,-1.628e-4,0.965,0.004,-88.364,89.983,1169.027,343,0.162,0.001,9.79,96.733,70.447,2.629,0,0,11.503,0.466,0.262,0.078,0.126,0.466,0.052,0.138,1.188e-4,0,0,0,0,2.153e-5,2.445,90,9.831,921.616,0.001,337.256,0.221,6.002e6,10,78.54,0.033,0.149,0.01
38.939,792.819,792.819,-74.377,74.379,0.07,0.607,276.387,0.27,276.388,89.944,0.642,0.603,28.61,-80.597,0.208,-1.635e-4,4.649,0.006,-88.461,89.977,1169.027,343,0.162,0.001,9.79,96.778,70.447,2.633,0,0,11.503,0.466,0.262,0.078,0.126,0.466,0.041,0.107,9.285e-5,0,0,0,0,5.003e-4,2.371,90,9.847,921.893,0.001,337.266,0.221,6.003e6,10,78.54,0.043,0.149,0.01
38.982,789.626,789.626,-74.374,74.377,0.05,0.153,276.36,0.27,276.36,89.944,0.632,0.144,28.61,-80.597,0.016,-1.607e-4,6.862,-0.055,-88.72,89.945,1169.027,343,0.162,0.001,9.79,96.927,70.447,2.648,0,0,11.504,0.466,0.262,0.078,0.126,0.466,0.003,0.007,-9.883e-5,0,0,0,0,0.001,2.272,90,9.867,922.25,0.001,337.279,0.221,6.004e6,10,78.54,0.05,0.149,0.01
39.032,785.907,785.907,-74.372,74.375,0.039,0.98,276.328,0.27,276.328,89.944,0.661,0.979,28.61,-80.597,0.199,-1.623e-4,-4.592,-0.008,-89.024,89.903,1169.027,343,0.162,0.001,9.79,96.785,70.447,2.634,0,0,11.508,0.466,0.262,0.078,0.126,0.466,0.039,0.103,3.757e-5,0,0,0,0,-4.881e-4,2.186,90,9.892,922.665,0.001,337.293,0.221,6.005e6,10,78.54,0.045,0.15,0.01
39.076,782.58,782.58,-74.37,74.373,0.042,1.1,276.297,0.27,276.298,89.944,0.71,1.099,28.61,-80.597,0.232,-1.666e-4,-0.002,-0.007,-89.128,89.9,1169.027,343,0.162,0.001,9.79,96.759,70.447,2.631,0,0,11.511,0.466,0.262,0.078,0.126,0.466,0.045,0.12,-3.957e-4,0,0,0,0,0,2.143,90,9.913,923.037,0.001,337.306,0.221,6.006e6,10,78.54,0.038,0.15,0.01
39.115,779.733,779.733,-74.368,74.372,0.048,0.699,276.269,0.27,276.27,89.944,0.745,0.698,28.61,-80.597,0.132,-1.634e-4,3.192,-0.003,-89.062,89.92,1169.027,343,0.162,0.001,9.79,96.836,70.447,2.639,0,0,11.512,0.466,0.262,0.078,0.126,0.466,0.026,0.068,-3.464e-5,0,0,0,0,2.359e-4,2.135,90,9.932,923.355,0.001,337.318,0.221,6.008e6,10,78.54,0.05,0.15,0.01
39.165,776.015,776.015,-74.366,74.369,0.061,0.083,276.232,0.27,276.232,89.944,0.762,0.055,28.61,-80.597,0.032,-1.608e-4,-4.123,-0.012,-88.865,89.944,1169.027,343,0.162,0.001,9.79,96.915,70.447,2.647,0,0,11.515,0.466,0.262,0.078,0.126,0.466,0.006,0.017,4.901e-6,0,0,0,0,-3.936e-4,2.195,90,9.956,923.771,0.001,337.332,0.22,6.009e6,10,78.54,0.05,0.15,0.01
39.215,772.297,772.297,-74.362,74.366,0.075,0.365,276.194,0.27,276.194,89.944,0.756,0.357,28.61,-80.597,0.139,-1.552e-4,-2.355,-0.009,-88.694,89.961,1169.027,343,0.162,0.001,9.79,96.832,70.447,2.638,0,0,11.52,0.466,0.262,0.078,0.126,0.466,0.027,0.072,3.533e-4,0,0,0,0,-1.284e-4,2.272,90,9.98,924.186,0.001,337.347,0.22,6.011e6,10,78.54,0.05,0.15,0.01
39.265,768.579,768.579,-74.358,74.362,0.085,0.658,276.156,0.27,276.157,89.944,0.729,0.652,28.61,-80.597,0.211,-1.561e-4,1.759,-0.002,-88.674,89.955,1169.027,343,0.162,0.001,9.79,96.776,70.447,2.633,0,0,11.523,0.466,0.262,0.078,0.126,0.466,0.041,0.108,1.948e-4,0,0,0,0,7.166e-5,2.177,90,10.004,924.601,0.001,337.361,0.22,6.012e6,10,78.54,0.042,0.15,0.01
39.307,765.434,765.434,-74.355,74.358,0.077,0.371,276.126,0.27,276.126,89.944,0.705,0.363,28.61,-80.597,0.134,-1.562e-4,5.33,-0.001,-88.83,89.945,1169.027,343,0.162,0.001,9.79,96.835,70.447,2.639,0,0,11.524,0.466,0.262,0.078,0.126,0.466,0.026,0.069,-4.799e-4,0,0,0,0,6.581e-4,2.05,90,10.025,924.953,0.001,337.374,0.22,6.013e6,10,78.54,0.05,0.151,0.01
39.357,761.716,761.716,-74.351,74.355,0.061,0.698,276.091,0.27,276.091,89.944,0.714,0.696,28.61,-80.597,0.134,-1.572e-4,-5.266,0.005,-89.118,89.938,1169.027,343,0.162,0.001,9.79,96.835,70.447,2.639,0,0,11.527,0.466,0.262,0.078,0.126,0.466,0.026,0.07,-6.415e-5,0,0,0,0,-6.423e-4,2.033,90,10.049,925.368,0.001,337.388,0.22,6.015e6,10,78.54,0.05,0.151,0.01
39.407,757.999,757.999,-74.348,74.352,0.059,1.269,276.054,0.271,276.054,89.944,0.768,1.267,28.61,-80.597,0.277,-1.442e-4,-0.021,-0.001,-89.26,89.926,1169.027,343,0.162,0.001,9.79,96.724,70.447,2.628,0,0,11.532,0.466,0.262,0.078,0.126,0.466,0.054,0.143,3.969e-4,0,0,0,0,-1.002e-8,2.089,90,10.073,925.783,0.001,337.403,0.22,6.016e6,10,78.54,0.032,0.151,0.01
39.439,755.621,755.621,-74.346,74.351,0.064,0.841,276.029,0.271,276.029,89.944,0.803,0.839,28.61,-80.597,0.172,-1.448e-4,3.322,-2.586e-4,-89.203,89.934,1169.027,343,0.162,0.001,9.79,96.806,70.447,2.636,0,0,11.532,0.466,0.262,0.078,0.126,0.466,0.034,0.089,4.715e-4,0,0,0,0,2.557e-4,2.061,90,10.088,926.049,0.001,337.413,0.22,6.017e6,10,78.54,0.048,0.151,0.01
39.487,752.054,752.054,-74.343,74.348,0.074,0.241,275.99,0.271,275.99,89.944,0.827,0.229,28.61,-80.597,0.016,-1.453e-4,5.173,0.06,-88.986,89.932,1169.027,343,0.162,0.001,9.79,96.927,70.447,2.648,0,0,11.535,0.466,0.262,0.078,0.126,0.466,0.003,0.007,5.366e-6,0,0,0,0,6.2e-4,2.163,90,10.112,926.448,0.001,337.427,0.22,6.019e6,10,78.54,0.05,0.151,0.01
39.537,748.337,748.337,-74.339,74.343,0.095,0.575,275.948,0.271,275.948,89.944,0.819,0.567,28.61,-80.597,0.186,-1.496e-4,-3.248,0.009,-88.759,89.923,1169.027,343,0.162,0.001,9.79,96.794,70.447,2.635,0,0,11.539,0.466,0.262,0.078,0.126,0.466,0.036,0.096,2.962e-4,0,0,0,0,-2.444e-4,2.188,90,10.136,926.863,0.001,337.441,0.22,6.02e6,10,78.54,0.048,0.151,0.01
39.585,744.794,744.794,-74.334,74.338,0.112,1.132,275.91,0.271,275.91,89.944,0.777,1.127,28.61,-80.597,0.322,-1.616e-4,2.347,0.005,-88.728,89.93,1169.027,343,0.162,0.001,9.79,96.69,70.447,2.624,0,0,11.543,0.466,0.262,0.078,0.126,0.466,0.063,0.166,1.426e-4,0,0,0,0,1.276e-4,2.01,90,10.159,927.259,0.001,337.455,0.22,6.021e6,10,78.54,0.028,0.151,0.01
39.612,742.745,742.745,-74.331,74.335,0.102,0.824,275.889,0.271,275.889,89.944,0.748,0.818,28.61,-80.597,0.243,-1.626e-4,6.122,-8.61e-4,-88.847,89.931,1169.027,343,0.162,0.001,9.79,96.751,70.447,2.63,0,0,11.543,0.466,0.262,0.078,0.126,0.466,0.048,0.125,3.81e-4,0,0,0,0,8.686e-4,1.929,90,10.172,927.488,0.001,337.463,0.22,6.022e6,10,78.54,0.037,0.152,0.01
39.649,740.016,740.016,-74.328,74.331,0.081,0.257,275.862,0.271,275.862,89.944,0.737,0.244,28.61,-80.597,0.025,-1.625e-4,-7.935,-0.03,-89.118,89.916,1169.027,343,0.162,0.001,9.79,96.92,70.447,2.647,0,0,11.542,0.466,0.262,0.078,0.126,0.466,0.005,0.014,-2.27e-4,0,0,0,0,-0.001,1.913,90,10.19,927.792,0.001,337.474,0.22,6.023e6,10,78.54,0.05,0.152,0.01
39.699,736.3,736.3,-74.324,74.328,0.077,1.086,275.824,0.271,275.824,89.944,0.774,1.083,28.61,-80.597,0.241,-1.647e-4,-4.505,0.002,-89.446,89.856,1169.027,343,0.162,0.001,9.79,96.753,70.447,2.631,0,0,11.547,0.466,0.262,0.078,0.126,0.466,0.047,0.125,3.571e-4,0,0,0,0,-4.704e-4,1.804,90,10.214,928.208,0.001,337.489,0.22,6.024e6,10,78.54,0.037,0.152,0.01
39.736,733.57,733.57,-74.321,74.325,0.08,1.139,275.795,0.271,275.795,89.944,0.817,1.136,28.61,-80.597,0.257,-1.65e-4,-0.182,0.005,-89.533,89.812,1169.027,343,0.162,0.001,9.79,96.74,70.447,2.629,0,0,11.549,0.466,0.262,0.078,0.126,0.466,0.05,0.132,-3.724e-4,0,0,0,0,-7.716e-7,1.756,90,10.232,928.513,0.001,337.499,0.22,6.025e6,10,78.54,0.035,0.152,0.01
39.77,730.995,730.995,-74.318,74.323,0.083,0.809,275.766,0.271,275.766,89.944,0.85,0.805,28.61,-80.597,0.175,-1.683e-4,3.183,0.007,-89.477,89.817,1169.027,343,0.162,0.001,9.79,96.803,70.447,2.636,0,0,11.549,0.466,0.262,0.078,0.126,0.466,0.034,0.09,1.551e-4,0,0,0,0,2.349e-4,1.755,90,10.249,928.8,0.001,337.51,0.22,6.026e6,10,78.54,0.05,0.152,0.01
39.82,727.28,727.28,-74.314,74.319,0.092,0.098,275.723,0.271,275.723,89.944,0.871,0.032,28.61,-80.597,0.036,-1.721e-4,-4.852,0.015,-89.257,89.896,1169.027,343,0.162,0.001,9.79,96.911,70.447,2.646,0,0,11.551,0.466,0.262,0.078,0.126,0.466,0.007,0.02,-4.902e-4,0,0,0,0,-5.459e-4,1.787,90,10.273,929.215,0.001,337.524,0.22,6.028e6,10,78.54,0.05,0.152,0.01
39.87,723.564,723.564,-74.309,74.313,0.106,0.652,275.68,0.271,275.68,89.944,0.851,0.643,28.61,-80.597,0.191,-1.694e-4,-1.929,0.007,-89.076,89.946,1169.027,343,0.162,0.001,9.79,96.79,70.447,2.634,0,0,11.555,0.466,0.262,0.078,0.126,0.466,0.037,0.099,-3.971e-4,0,0,0,0,-8.63e-5,1.801,90,10.297,929.631,0.001,337.539,0.22,6.029e6,10,78.54,0.046,0.152,0.01
39.917,720.122,720.122,-74.304,74.308,0.106,0.556,275.641,0.271,275.641,89.944,0.822,0.546,28.61,-80.597,0.168,-1.643e-4,1.991,-0.003,-89.08,89.956,1169.027,343,0.162,0.001,9.79,96.809,70.447,2.636,0,0,11.557,0.466,0.262,0.078,0.126,0.466,0.033,0.086,-1.915e-4,0,0,0,0,9.193e-5,1.797,90,10.319,930.015,0.001,337.552,0.22,6.03e6,10,78.54,0.05,0.153,0.01
39.967,716.407,716.407,-74.299,74.303,0.097,0.163,275.601,0.271,275.601,89.944,0.809,0.132,28.61,-80.597,0.003,-1.633e-4,-4.14,0.116,-89.249,89.921,1169.027,343,0.162,0.001,9.79,96.937,70.447,2.649,0,0,11.559,0.466,0.262,0.078,0.126,0.466,5.48e-4,0.002,4.791e-4,0,0,0,0,-3.977e-4,1.786,90,10.343,930.43,0.001,337.567,0.22,6.032e6,10,78.54,0.05,0.153,0.01
40.017,712.692,712.692,-74.294,74.299,0.092,0.916,275.56,0.271,275.56,89.944,0.836,0.911,28.61,-80.597,0.197,-1.593e-4,-1.674,0.007,-89.41,89.854,1169.027,343,0.162,0.001,9.79,96.786,70.447,2.634,0,0,11.563,0.466,0.262,0.078,0.126,0.466,0.039,0.101,-2.815e-4,0,0,0,0,-6.504e-5,1.857,90,10.368,930.845,0.001,337.582,0.22,6.033e6,10,78.54,0.045,0.153,0.01
40.062,709.349,709.349,-74.29,74.295,0.094,0.905,275.521,0.271,275.521,89.944,0.881,0.9,28.61,-80.597,0.194,-1.644e-4,2.718,0.017,-89.386,89.822,1169.027,343,0.162,0.001,9.79,96.789,70.447,2.634,0,0,11.566,0.466,0.262,0.078,0.126,0.466,0.038,0.1,-4.752e-4,0,0,0,0,1.715e-4,1.929,90,10.389,931.219,0.001,337.595,0.22,6.034e6,10,78.54,0.046,0.153,0.01
40.107,705.947,705.947,-74.285,74.291,0.104,0.132,275.48,0.272,275.48,89.944,0.905,0.082,28.61,-80.597,0.011,-1.619e-4,-4.719,0.216,-89.2,89.875,1169.027,343,0.162,0.001,9.79,96.93,70.447,2.648,0,0,11.567,0.466,0.262,0.078,0.126,0.466,0.002,0.006,-3.326e-4,0,0,0,0,-5.168e-4,1.928,90,10.411,931.599,0.001,337.608,0.22,6.036e6,10,78.54,0.05,0.153,0.01
40.157,702.233,702.233,-74.28,74.285,0.121,0.746,275.435,0.272,275.435,89.943,0.885,0.736,28.61,-80.597,0.216,-1.597e-4,-1.725,0.007,-89.022,89.951,1169.027,343,0.162,0.001,9.79,96.771,70.447,2.632,0,0,11.57,0.466,0.262,0.078,0.126,0.466,0.042,0.111,-8.891e-5,0,0,0,0,-6.906e-5,1.873,90,10.435,932.014,0.001,337.623,0.22,6.037e6,10,78.54,0.041,0.153,0.01
40.199,699.18,699.18,-74.274,74.279,0.12,0.607,275.399,0.272,275.399,89.943,0.855,0.595,28.61,-80.597,0.181,-1.589e-4,2.184,0.014,-89.034,89.974,1169.027,343,0.162,0.001,9.79,96.798,70.447,2.635,0,0,11.572,0.466,0.262,0.078,0.126,0.466,0.035,0.094,4.499e-4,0,0,0,0,1.107e-4,1.873,90,10.455,932.355,0.001,337.635,0.22,6.038e6,10,78.54,0.049,0.154,0.01
40.247,695.563,695.563,-74.269,74.274,0.106,0.382,275.358,0.272,275.358,89.943,0.85,0.367,28.61,-80.597,0.057,-1.624e-4,-3.563,0.035,-89.194,89.958,1169.027,343,0.162,0.001,9.79,96.894,70.447,2.645,0,0,11.574,0.466,0.262,0.078,0.126,0.466,0.011,0.029,-3.351e-4,0,0,0,0,-2.947e-4,1.969,90,10.479,932.759,0.001,337.649,0.22,6.039e6,10,78.54,0.05,0.154,0.01
40.297,691.849,691.849,-74.264,74.269,0.104,0.759,275.315,0.272,275.315,89.943,0.88,0.752,28.61,-80.597,0.155,-1.629e-4,-0.853,0.01,-89.312,89.914,1169.027,343,0.162,0.001,9.79,96.818,70.447,2.637,0,0,11.577,0.466,0.262,0.078,0.126,0.466,0.03,0.08,-4.311e-4,0,0,0,0,-1.689e-5,1.973,90,10.503,933.174,0.001,337.664,0.22,6.041e6,10,78.54,0.05,0.154,0.01
40.347,688.136,688.136,-74.258,74.264,0.109,0.514,275.27,0.272,275.27,89.943,0.914,0.503,28.61,-80.597,0.093,-1.61e-4,2.185,0.008,-89.272,89.895,1169.027,343,0.162,0.001,9.79,96.866,70.447,2.642,0,0,11.578,0.466,0.262,0.078,0.126,0.466,0.018,0.048,-4.492e-4,0,0,0,0,1.109e-4,1.978,90,10.527,933.589,0.001,337.678,0.22,6.042e6,10,78.54,0.05,0.154,0.01
40.397,684.423,684.423,-74.253,74.258,0.12,0.25,275.224,0.272,275.224,89.943,0.92,0.219,28.61,-80.597,0.086,-1.613e-4,-2.212,0.008,-89.147,89.898,1169.027,343,0.162,0.001,9.79,96.872,70.447,2.642,0,0,11.58,0.466,0.262,0.078,0.126,0.466,0.017,0.044,2.839e-4,0,0,0,0,-1.136e-4,1.915,90,10.551,934.004,0.001,337.693,0.22,6.043e6,10,78.54,0.05,0.154,0.01
40.447,680.711,680.711,-74.247,74.252,0.122,0.205,275.178,0.272,275.178,89.943,0.909,0.165,28.61,-80.597,0.076,-1.626e-4,-0.164,0.012,-89.089,89.921,1169.027,343,0.162,0.001,9.79,96.88,70.447,2.643,0,0,11.583,0.466,0.262,0.078,0.126,0.466,0.015,0.039,-8.96e-5,0,0,0,0,-6.218e-7,1.992,90,10.575,934.418,0.001,337.708,0.22,6.045e6,10,78.54,0.05,0.154,0.01
40.497,676.999,676.999,-74.241,74.246,0.12,0.138,275.133,0.272,275.133,89.943,0.906,0.068,28.61,-80.597,0.018,-1.608e-4,0.957,0.03,-89.114,89.954,1169.027,343,0.162,0.001,9.79,96.924,70.447,2.648,0,0,11.585,0.466,0.262,0.078,0.126,0.466,0.004,0.009,-1.338e-4,0,0,0,0,2.126e-5,2.03,90,10.6,934.833,0.001,337.722,0.22,6.046e6,10,78.54,0.05,0.154,0.01
40.547,673.287,673.287,-74.235,74.24,0.118,0.364,275.087,0.272,275.087,89.943,0.917,0.345,28.61,-80.597,0.05,-1.593e-4,-0.535,0.007,-89.157,89.959,1169.027,343,0.162,0.001,9.79,96.9,70.447,2.645,0,0,11.588,0.466,0.262,0.078,0.126,0.466,0.01,0.026,-4.14e-5,0,0,0,0,-6.648e-6,2.074,90,10.624,935.248,0.001,337.737,0.22,6.047e6,10,78.54,0.05,0.155,0.01
40.597,669.575,669.575,-74.229,74.234,0.124,0.128,275.041,0.272,275.041,89.943,0.927,0.031,28.61,-80.597,0.025,-1.599e-4,0.199,-0.016,-89.169,89.923,1169.027,343,0.162,0.001,9.79,96.919,70.447,2.647,0,0,11.589,0.466,0.262,0.078,0.126,0.466,0.005,0.013,-4.389e-4,0,0,0,0,9.243e-7,1.971,90,10.648,935.663,0.001,337.751,0.22,6.048e6,10,78.54,0.05,0.155,0.01
40.647,665.864,665.864,-74.222,74.228,0.123,0.319,274.995,0.272,274.995,89.943,0.934,0.294,28.61,-80.597,0.039,-1.593e-4,-0.06,-8.994e-4,-89.181,89.891,1169.027,343,0.162,0.001,9.79,96.908,70.447,2.646,0,0,11.592,0.466,0.262,0.078,0.126,0.466,0.008,0.021,3.703e-5,0,0,0,0,-8.33e-8,2.047,90,10.672,936.077,0.001,337.766,0.22,6.05e6,10,78.54,0.05,0.155,0.01
40.697,662.153,662.153,-74.216,74.222,0.129,0.132,274.948,0.272,274.948,89.943,0.941,0.028,28.61,-80.597,0.039,-1.598e-4,0.033,-0.001,-89.176,89.894,1169.027,343,0.162,0.001,9.79,96.908,70.447,2.646,0,0,11.594,0.466,0.262,0.078,0.126,0.466,0.008,0.02,-2.426e-4,0,0,0,0,2.598e-8,1.958,90,10.696,936.492,0.001,337.781,0.22,6.051e6,10,78.54,0.05,0.155,0.01
40.747,658.442,658.442,-74.21,74.216,0.13,0.13,274.901,0.272,274.901,89.943,0.94,0.014,28.61,-80.597,0.028,-1.588e-4,0.886,0.011,-89.2,89.914,1169.027,343,0.162,0.001,9.79,96.917,70.447,2.647,0,0,11.596,0.466,0.262,0.078,0.126,0.466,0.005,0.014,3.243e-4,0,0,0,0,1.824e-5,1.94,90,10.72,936.906,0.001,337.795,0.22,6.052e6,10,78.54,0.05,0.155,0.01
40.797,654.732,654.732,-74.203,74.209,0.127,0.366,274.854,0.273,274.854,89.943,0.949,0.343,28.61,-80.597,0.053,-1.599e-4,-0.55,0.002,-89.243,89.945,1169.027,343,0.162,0.001,9.79,96.897,70.447,2.645,0,0,11.598,0.466,0.262,0.078,0.126,0.466,0.01,0.028,-1.36e-4,0,0,0,0,-7.026e-6,1.999,90,10.744,937.321,0.001,337.81,0.22,6.053e6,10,78.54,0.05,0.155,0.01
40.847,651.022,651.022,-74.197,74.203,0.13,0.295,274.806,0.273,274.806,89.943,0.966,0.265,28.61,-80.597,0.035,-1.594e-4,0.568,-0.013,-89.241,89.956,1169.027,343,0.162,0.001,9.79,96.912,70.447,2.646,0,0,11.6,0.466,0.262,0.078,0.126,0.466,0.007,0.017,-4.966e-4,0,0,0,0,7.513e-6,1.994,90,10.768,937.735,0.001,337.825,0.22,6.055e6,10,78.54,0.05,0.155,0.01
40.897,647.312,647.312,-74.19,74.197,0.132,0.307,274.757,0.273,274.757,89.943,0.98,0.278,28.61,-80.597,0.035,-1.598e-4,1.381,-1.202e-4,-89.192,89.949,1169.027,343,0.162,0.001,9.79,96.911,70.447,2.646,0,0,11.602,0.466,0.262,0.078,0.126,0.466,0.007,0.018,3.926e-4,0,0,0,0,4.438e-5,2.072,90,10.792,938.15,0.001,337.839,0.22,6.056e6,10,78.54,0.05,0.156,0.01
40.947,643.603,643.603,-74.183,74.19,0.143,0.395,274.708,0.273,274.708,89.943,0.977,0.368,28.61,-80.597,0.122,-1.6e-4,-0.306,0.003,-89.136,89.942,1169.027,343,0.162,0.001,9.79,96.843,70.447,2.64,0,0,11.604,0.466,0.262,0.078,0.126,0.466,0.024,0.063,-1.138e-4,0,0,0,0,-2.185e-6,1.937,90,10.817,938.564,0.001,337.854,0.22,6.057e6,10,78.54,0.05,0.156,0.009
40.997,639.894,639.894,-74.176,74.183,0.141,0.226,274.66,0.273,274.66,89.943,0.961,0.177,28.61,-80.597,0.074,-1.539e-4,2.152,0.005,-89.188,89.945,1169.027,343,0.162,0.001,9.79,96.881,70.447,2.643,0,0,11.606,0.466,0.262,0.078,0.126,0.466,0.014,0.038,-2.512e-4,0,0,0,0,1.078e-4,1.917,90,10.841,938.979,0.001,337.868,0.22,6.058e6,10,78.54,0.05,0.156,0.009
41.047,636.185,636.185,-74.169,74.176,0.135,0.385,274.612,0.273,274.612,89.943,0.966,0.36,28.61,-80.597,0.06,-1.546e-4,-2.26,0.01,-89.309,89.954,1169.027,343,0.162,0.001,9.79,96.891,70.447,2.644,0,0,11.608,0.466,0.262,0.078,0.126,0.466,0.012,0.031,4.949e-4,0,0,0,0,-1.189e-4,1.938,90,10.865,939.393,0.001,337.883,0.22,6.059e6,10,78.54,0.05,0.156,0.009
41.097,632.477,632.477,-74.163,74.169,0.134,0.713,274.563,0.273,274.563,89.943,0.994,0.7,28.61,-80.597,0.144,-1.568e-4,0.301,0.005,-89.365,89.944,1169.027,343,0.162,0.001,9.79,96.826,70.447,2.638,0,0,11.61,0.466,0.262,0.078,0.126,0.466,0.028,0.074,2.294e-4,0,0,0,0,2.105e-6,2.003,90,10.889,939.807,0.001,337.898,0.22,6.061e6,10,78.54,0.05,0.156,0.009
41.147,628.769,628.769,-74.156,74.163,0.138,0.489,274.512,0.273,274.512,89.943,1.026,0.47,28.61,-80.597,0.085,-1.592e-4,3.112,0.033,-89.273,89.908,1169.027,343,0.162,0.001,9.79,96.872,70.447,2.642,0,0,11.612,0.466,0.262,0.078,0.126,0.466,0.017,0.044,-3.998e-4,0,0,0,0,2.256e-4,2.076,90,10.913,940.222,0.001,337.912,0.219,6.062e6,10,78.54,0.05,0.156,0.009
41.197,625.061,625.061,-74.149,74.156,0.146,0.146,274.46,0.273,274.461,89.943,1.037,0.011,28.61,-80.597,0.033,-1.584e-4,-3.672,0.102,-89.093,89.881,1169.027,343,0.162,0.001,9.79,96.912,70.447,2.647,0,0,11.614,0.466,0.262,0.078,0.126,0.466,0.006,0.017,-2.733e-4,0,0,0,0,-3.141e-4,2.168,90,10.937,940.636,0.001,337.927,0.219,6.063e6,10,78.54,0.05,0.157,0.009
41.247,621.354,621.354,-74.141,74.148,0.16,0.672,274.409,0.273,274.409,89.943,1.019,0.653,28.61,-80.597,0.197,-1.56e-4,-0.793,0.015,-88.968,89.912,1169.027,343,0.162,0.001,9.79,96.785,70.447,2.634,0,0,11.617,0.466,0.262,0.078,0.126,0.466,0.039,0.102,2.173e-4,0,0,0,0,-1.464e-5,2.099,90,10.961,941.05,0.001,337.941,0.219,6.064e6,10,78.54,0.045,0.157,0.009
41.292,618.034,618.034,-74.134,74.141,0.16,0.677,274.364,0.273,274.364,89.943,0.987,0.658,28.61,-80.597,0.196,-1.581e-4,3.479,0.022,-89.03,89.949,1169.027,343,0.162,0.001,9.79,96.786,70.447,2.634,0,0,11.618,0.466,0.262,0.078,0.126,0.466,0.038,0.101,-3.598e-4,0,0,0,0,2.82e-4,1.989,90,10.983,941.421,0.001,337.954,0.219,6.065e6,10,78.54,0.045,0.157,0.009
41.337,614.685,614.685,-74.127,74.134,0.143,0.462,274.32,0.273,274.32,89.943,0.98,0.439,28.61,-80.597,0.076,-1.59e-4,-4.918,0.046,-89.239,90.001,1169.027,343,0.162,0.001,9.79,96.879,70.447,2.643,0,0,11.619,0.466,0.262,0.078,0.126,0.466,0.015,0.04,5.828e-5,0,0,0,0,-5.637e-4,2.063,90,11.005,941.795,0.001,337.968,0.219,6.066e6,10,78.54,0.05,0.157,0.009
41.387,610.979,610.979,-74.12,74.127,0.141,1.075,274.27,0.273,274.27,89.943,1.023,1.066,28.61,-80.597,0.232,-1.56e-4,-0.812,0.007,-89.394,90.034,1169.027,343,0.162,0.001,9.79,96.758,70.447,2.631,0,0,11.622,0.466,0.262,0.078,0.126,0.466,0.046,0.12,4.951e-4,0,0,0,0,-1.538e-5,2.108,90,11.029,942.209,0.001,337.982,0.219,6.067e6,10,78.54,0.038,0.157,0.009
41.425,608.168,608.168,-74.115,74.122,0.143,0.919,274.23,0.273,274.23,89.943,1.062,0.907,28.61,-80.597,0.193,-1.578e-4,2.949,-0.003,-89.351,90.014,1169.027,343,0.162,0.001,9.79,96.788,70.447,2.634,0,0,11.623,0.466,0.262,0.078,0.126,0.466,0.038,0.099,4.414e-4,0,0,0,0,2.028e-4,2.151,90,11.047,942.523,0.001,337.993,0.219,6.068e6,10,78.54,0.046,0.157,0.009
41.471,604.758,604.758,-74.108,74.116,0.15,0.273,274.181,0.273,274.181,89.943,1.089,0.228,28.61,-80.597,0.022,-1.573e-4,5.291,0.03,-89.148,89.958,1169.027,343,0.162,0.001,9.79,96.921,70.447,2.647,0,0,11.624,0.466,0.262,0.078,0.126,0.466,0.004,0.011,-2.319e-4,0,0,0,0,6.528e-4,2.218,90,11.069,942.904,0.001,338.007,0.219,6.069e6,10,78.54,0.05,0.157,0.009
41.521,601.053,601.053,-74.1,74.108,0.165,0.491,274.126,0.273,274.126,89.943,1.081,0.462,28.61,-80.597,0.154,-1.565e-4,-3.536,0.013,-88.913,89.929,1169.027,343,0.162,0.001,9.79,96.818,70.447,2.637,0,0,11.626,0.466,0.262,0.078,0.126,0.466,0.03,0.079,-3.42e-4,0,0,0,0,-2.916e-4,2.287,90,11.093,943.318,0.001,338.021,0.219,6.07e6,10,78.54,0.05,0.158,0.009
41.571,597.348,597.348,-74.092,74.099,0.172,0.666,274.073,0.273,274.073,89.943,1.053,0.643,28.61,-80.597,0.2,-1.631e-4,0.519,0.011,-88.835,89.945,1169.027,343,0.162,0.001,9.79,96.782,70.447,2.634,0,0,11.629,0.466,0.262,0.078,0.126,0.466,0.039,0.104,4.196e-4,0,0,0,0,6.289e-6,2.301,90,11.117,943.732,0.001,338.036,0.219,6.072e6,10,78.54,0.044,0.158,0.009
41.615,594.105,594.105,-74.084,74.091,0.162,0.242,274.027,0.273,274.027,89.943,1.031,0.18,28.61,-80.597,0.085,-1.685e-4,3.787,0.021,-88.938,89.968,1169.027,343,0.162,0.001,9.79,96.872,70.447,2.642,0,0,11.629,0.466,0.262,0.078,0.126,0.466,0.017,0.044,2.961e-4,0,0,0,0,3.346e-4,2.294,90,11.138,944.094,0.001,338.049,0.219,6.072e6,10,78.54,0.05,0.158,0.009
41.665,590.401,590.401,-74.077,74.084,0.149,0.711,273.975,0.274,273.976,89.943,1.048,0.695,28.61,-80.597,0.132,-1.699e-4,-2.83,0.011,-89.121,89.986,1169.027,343,0.162,0.001,9.79,96.835,70.447,2.639,0,0,11.631,0.466,0.262,0.078,0.126,0.466,0.026,0.069,-3.663e-4,0,0,0,0,-1.869e-4,2.355,90,11.162,944.508,0.001,338.063,0.219,6.074e6,10,78.54,0.05,0.158,0.009
41.715,586.697,586.697,-74.069,74.077,0.151,0.701,273.922,0.274,273.922,89.943,1.085,0.685,28.61,-80.597,0.132,-1.63e-4,0.537,0.009,-89.177,89.963,1169.027,343,0.162,0.001,9.79,96.835,70.447,2.639,0,0,11.632,0.466,0.262,0.078,0.126,0.466,0.026,0.068,2.101e-5,0,0,0,0,6.731e-6,2.32,90,11.186,944.922,0.001,338.078,0.219,6.075e6,10,78.54,0.05,0.158,0.009
41.765,582.994,582.994,-74.061,74.07,0.16,0.203,273.867,0.274,273.867,89.943,1.106,0.126,28.61,-80.597,0.005,-1.66e-4,-2.031,0.184,-89.1,89.927,1169.027,343,0.162,0.001,9.79,96.934,70.447,2.649,0,0,11.633,0.466,0.262,0.078,0.126,0.466,9.773e-4,0.003,2.647e-4,0,0,0,0,-9.628e-5,2.263,90,11.211,945.336,0.001,338.092,0.219,6.076e6,10,78.54,0.05,0.158,0.009
41.815,579.291,579.291,-74.053,74.061,0.166,0.234,273.812,0.274,273.812,89.943,1.101,0.165,28.61,-80.597,0.078,-1.643e-4,-0.638,0.008,-89.028,89.913,1169.027,343,0.162,0.001,9.79,96.877,70.447,2.643,0,0,11.635,0.466,0.262,0.078,0.126,0.466,0.015,0.04,3.13e-4,0,0,0,0,-9.499e-6,2.256,90,11.235,945.75,0.001,338.107,0.219,6.077e6,10,78.54,0.05,0.159,0.009
41.865,575.588,575.588,-74.045,74.053,0.164,0.165,273.757,0.274,273.757,89.943,1.099,0.015,28.61,-80.597,0.035,-1.662e-4,0.405,0.006,-89.026,89.932,1169.027,343,0.162,0.001,9.79,96.911,70.447,2.646,0,0,11.636,0.466,0.262,0.078,0.126,0.466,0.007,0.018,4.912e-4,0,0,0,0,3.825e-6,2.313,90,11.259,946.163,0.001,338.122,0.219,6.078e6,10,78.54,0.05,0.159,0.009
41.915,571.886,571.886,-74.037,74.045,0.165,0.167,273.702,0.274,273.702,89.943,1.099,0.026,28.61,-80.597,0.03,-1.67e-4,1.299,0.012,-89.07,89.955,1169.027,343,0.162,0.001,9.79,96.914,70.447,2.647,0,0,11.637,0.466,0.262,0.078,0.126,0.466,0.006,0.016,-3.377e-4,0,0,0,0,3.943e-5,2.262,90,11.283,946.577,0.001,338.136,0.219,6.079e6,10,78.54,0.05,0.159,0.009
41.965,568.185,568.185,-74.028,74.037,0.163,0.28,273.647,0.274,273.647,89.943,1.106,0.228,28.61,-80.597,0.021,-1.668e-4,-1.405,0.023,-89.142,89.974,1169.027,343,0.162,0.001,9.79,96.921,70.447,2.647,0,0,11.639,0.466,0.262,0.078,0.126,0.466,0.004,0.011,1.761e-4,0,0,0,0,-4.613e-5,2.242,90,11.307,946.99,0.001,338.151,0.219,6.08e6,10,78.54,0.05,0.159,0.009
42.015,564.484,564.484,-74.02,74.029,0.163,0.383,273.591,0.274,273.592,89.943,1.12,0.347,28.61,-80.597,0.052,-1.66e-4,-0.528,0.004,-89.192,89.975,1169.027,343,0.162,0.001,9.79,96.897,70.447,2.645,0,0,11.64,0.466,0.262,0.078,0.126,0.466,0.01,0.027,-2.798e-4,0,0,0,0,-6.52e-6,2.231,90,11.331,947.404,0.001,338.165,0.219,6.081e6,10,78.54,0.05,0.159,0.009
42.065,560.783,560.783,-74.012,74.021,0.165,0.282,273.535,0.274,273.535,89.943,1.136,0.229,28.61,-80.597,0.023,-1.657e-4,0.53,0.012,-89.189,89.945,1169.027,343,0.162,0.001,9.79,96.919,70.447,2.647,0,0,11.641,0.466,0.262,0.078,0.126,0.466,0.005,0.012,4.352e-4,0,0,0,0,6.569e-6,2.214,90,11.355,947.817,0.001,338.18,0.219,6.082e6,10,78.54,0.05,0.159,0.009
42.115,557.082,557.082,-74.004,74.012,0.17,0.172,273.478,0.274,273.478,89.943,1.14,0.025,28.61,-80.597,0.039,-1.665e-4,-0.224,0.002,-89.165,89.927,1169.027,343,0.162,0.001,9.79,96.908,70.447,2.646,0,0,11.643,0.466,0.262,0.078,0.126,0.466,0.008,0.02,-9.116e-5,0,0,0,0,-1.173e-6,2.169,90,11.379,948.231,0.001,338.195,0.219,6.083e6,10,78.54,0.05,0.159,0.009
42.165,553.382,553.382,-73.995,74.004,0.172,0.19,273.421,0.274,273.421,89.943,1.138,0.081,28.61,-80.597,0.051,-1.655e-4,0.752,0.019,-89.178,89.959,1169.027,343,0.162,0.001,9.79,96.897,70.447,2.645,0,0,11.644,0.466,0.262,0.078,0.126,0.466,0.01,0.027,-8.857e-5,0,0,0,0,1.323e-5,2.134,90,11.403,948.644,0.001,338.209,0.219,6.084e6,10,78.54,0.05,0.16,0.009
42.215,549.683,549.683,-73.987,73.995,0.172,0.174,273.364,0.274,273.364,89.943,1.134,0.028,28.61,-80.597,0.036,-1.659e-4,1.896,0.055,-89.246,90.014,1169.027,343,0.162,0.001,9.79,96.91,70.447,2.646,0,0,11.645,0.466,0.262,0.078,0.126,0.466,0.007,0.018,-1.393e-5,0,0,0,0,8.412e-5,2.061,90,11.427,949.058,0.001,338.224,0.219,6.085e6,10,78.54,0.05,0.16,0.009
42.265,545.984,545.984,-73.978,73.987,0.17,0.272,273.307,0.274,273.308,89.943,1.139,0.212,28.61,-80.597,0.026,-1.66e-4,-1.966,0.073,-89.348,90.031,1169.027,343,0.162,0.001,9.79,96.917,70.447,2.647,0,0,11.646,0.466,0.262,0.078,0.126,0.466,0.005,0.014,2.569e-4,0,0,0,0,-9.042e-5,2.015,90,11.451,949.471,0.001,338.238,0.219,6.086e6,10,78.54,0.05,0.16,0.009
42.315,542.285,542.285,-73.97,73.978,0.171,0.275,273.25,0.274,273.25,89.943,1.152,0.215,28.61,-80.597,0.03,-1.651e-4,-1.103,0.022,-89.424,89.961,1169.027,343,0.162,0.001,9.791,96.914,70.447,2.647,0,0,11.647,0.466,0.262,0.078,0.126,0.466,0.006,0.016,6.891e-5,0,0,0,0,-2.846e-5,1.934,90,11.475,949.884,0.001,338.253,0.219,6.087e6,10,78.54,0.05,0.16,0.009
42.365,538.587,538.587,-73.961,73.97,0.173,0.203,273.192,0.274,273.193,89.943,1.157,0.106,28.61,-80.597,0.006,-1.659e-4,-0.996,-0.119,-89.475,89.865,1169.027,343,0.162,0.001,9.791,96.933,70.447,2.649,0,0,11.648,0.466,0.262,0.078,0.126,0.466,0.001,0.003,3.219e-4,0,0,0,0,-2.321e-5,1.842,90,11.499,950.297,0.001,338.267,0.219,6.088e6,10,78.54,0.05,0.16,0.009
42.415,534.889,534.889,-73.952,73.962,0.173,0.319,273.134,0.274,273.134,89.942,1.168,0.269,28.61,-80.597,0.046,-1.652e-4,-0.257,-0.005,-89.51,89.821,1169.027,343,0.162,0.001,9.791,96.901,70.447,2.645,0,0,11.649,0.466,0.262,0.078,0.126,0.466,0.009,0.024,-3.868e-4,0,0,0,0,-1.544e-6,1.86,90,11.523,950.71,0.001,338.282,0.219,6.089e6,10,78.54,0.05,0.16,0.009
42.465,531.192,531.192,-73.944,73.953,0.175,0.229,273.076,0.274,273.076,89.942,1.179,0.148,28.61,-80.597,0.017,-1.643e-4,0.55,0.013,-89.5,89.841,1169.027,343,0.162,0.001,9.791,96.924,70.447,2.648,0,0,11.65,0.466,0.262,0.078,0.126,0.466,0.003,0.009,-4.494e-4,0,0,0,0,7.076e-6,1.846,90,11.547,951.123,0.001,338.297,0.219,6.09e6,10,78.54,0.05,0.16,0.009
42.515,527.495,527.495,-73.935,73.944,0.177,0.182,273.017,0.274,273.017,89.942,1.181,0.043,28.61,-80.597,0.03,-1.644e-4,-0.37,0.014,-89.473,89.892,1169.027,343,0.162,0.001,9.791,96.914,70.447,2.647,0,0,11.652,0.466,0.262,0.078,0.126,0.466,0.006,0.015,-1.493e-4,0,0,0,0,-3.203e-6,1.823,90,11.571,951.537,0.001,338.311,0.219,6.091e6,10,78.54,0.05,0.161,0.009
42.565,523.798,523.798,-73.926,73.935,0.18,0.283,272.958,0.274,272.958,89.942,1.176,0.219,28.61,-80.597,0.072,-1.638e-4,0.626,0.006,-89.475,89.945,1169.027,343,0.162,0.001,9.791,96.881,70.447,2.643,0,0,11.653,0.466,0.262,0.078,0.126,0.466,0.014,0.037,8.41e-5,0,0,0,0,9.177e-6,1.76,90,11.595,951.95,0.001,338.326,0.219,6.092e6,10,78.54,0.05,0.161,0.009
42.615,520.102,520.102,-73.917,73.926,0.18,0.228,272.899,0.274,272.899,89.942,1.162,0.14,28.61,-80.597,0.05,-1.637e-4,2.592,0.021,-89.559,89.959,1169.027,343,0.162,0.001,9.791,96.898,70.447,2.645,0,0,11.654,0.466,0.262,0.078,0.126,0.466,0.01,0.026,1.827e-4,0,0,0,0,1.575e-4,1.666,90,11.619,952.362,0.001,338.34,0.218,6.093e6,10,78.54,0.05,0.161,0.009
42.665,516.406,516.406,-73.908,73.917,0.177,0.503,272.841,0.274,272.841,89.942,1.172,0.471,28.61,-80.597,0.102,-1.649e-4,-1.746,0.006,-89.68,89.936,1169.027,343,0.162,0.001,9.791,96.858,70.447,2.641,0,0,11.655,0.466,0.262,0.078,0.126,0.466,0.02,0.052,7.024e-5,0,0,0,0,-7.152e-5,1.716,90,11.643,952.775,0.001,338.355,0.218,6.094e6,10,78.54,0.05,0.161,0.009
42.715,512.711,512.711,-73.899,73.909,0.178,0.541,272.782,0.274,272.782,89.942,1.199,0.51,28.61,-80.597,0.112,-1.678e-4,0.906,9.201e-4,-89.701,89.924,1169.027,343,0.162,0.001,9.791,96.85,70.447,2.64,0,0,11.657,0.466,0.262,0.078,0.126,0.466,0.022,0.058,3.136e-5,0,0,0,0,1.927e-5,1.729,90,11.667,953.188,0.001,338.369,0.218,6.095e6,10,78.54,0.05,0.161,0.009
42.765,509.016,509.016,-73.89,73.9,0.18,0.258,272.721,0.274,272.721,89.942,1.216,0.184,28.61,-80.597,0.03,-1.715e-4,2.514,0.008,-89.608,89.918,1169.027,343,0.162,0.001,9.791,96.914,70.447,2.647,0,0,11.657,0.466,0.262,0.078,0.126,0.466,0.006,0.015,-3.191e-4,0,0,0,0,1.482e-4,1.76,90,11.691,953.601,0.001,338.384,0.218,6.096e6,10,78.54,0.05,0.161,0.009
42.815,505.322,505.322,-73.881,73.891,0.184,0.199,272.66,0.274,272.661,89.942,1.218,0.076,28.61,-80.597,0.038,-1.704e-4,-2.341,0.01,-89.481,89.929,1169.027,343,0.162,0.001,9.791,96.908,70.447,2.646,0,0,11.659,0.466,0.262,0.078,0.126,0.466,0.007,0.019,-3.524e-4,0,0,0,0,-1.286e-4,1.839,90,11.715,954.014,0.001,338.398,0.218,6.097e6,10,78.54,0.05,0.161,0.009
42.865,501.628,501.628,-73.872,73.882,0.187,0.3,272.6,0.275,272.6,89.942,1.211,0.235,28.61,-80.597,0.079,-1.736e-4,-1.121,-9.744e-4,-89.391,89.965,1169.027,343,0.162,0.001,9.791,96.875,70.447,2.643,0,0,11.66,0.466,0.262,0.078,0.126,0.466,0.015,0.041,3.356e-4,0,0,0,0,-2.951e-5,1.894,90,11.739,954.426,0.001,338.413,0.218,6.098e6,10,78.54,0.05,0.162,0.009
42.915,497.935,497.935,-73.862,73.872,0.187,0.247,272.54,0.275,272.54,89.942,1.197,0.162,28.61,-80.597,0.062,-1.788e-4,0.932,-0.002,-89.389,89.951,1169.027,343,0.162,0.001,9.791,96.889,70.447,2.644,0,0,11.661,0.466,0.262,0.078,0.126,0.466,0.012,0.032,3.761e-4,0,0,0,0,2.037e-5,1.905,90,11.763,954.851,0.001,338.428,0.218,6.099e6,10,78.54,0.05,0.162,0.009
42.965,494.242,494.242,-73.853,73.863,0.183,0.418,272.48,0.275,272.48,89.942,1.204,0.376,28.61,-80.597,0.069,-1.788e-4,-0.736,0.003,-89.442,89.917,1169.027,343,0.162,0.001,9.791,96.883,70.447,2.644,0,0,11.663,0.466,0.262,0.078,0.126,0.466,0.013,0.036,-3.668e-4,0,0,0,0,-1.272e-5,2.013,90,11.787,955.284,0.001,338.442,0.218,6.1e6,10,78.54,0.05,0.162,0.009
43.015,490.55,490.55,-73.844,73.854,0.183,0.491,272.419,0.275,272.419,89.942,1.227,0.456,28.61,-80.597,0.088,-1.753e-4,1.384,-0.001,-89.426,89.906,1169.027,343,0.162,0.001,9.791,96.869,70.447,2.642,0,0,11.665,0.466,0.262,0.078,0.126,0.466,0.017,0.045,-1.226e-4,0,0,0,0,4.497e-5,2.08,90,11.811,955.717,0.001,338.457,0.218,6.101e6,10,78.54,0.05,0.162,0.009
43.065,486.858,486.858,-73.835,73.845,0.189,0.194,272.357,0.275,272.357,89.942,1.24,0.04,28.61,-80.597,0.036,-1.756e-4,-2.171,0.01,-89.326,89.937,1169.027,343,0.162,0.001,9.791,96.909,70.447,2.646,0,0,11.666,0.466,0.262,0.078,0.126,0.466,0.007,0.018,4.892e-4,0,0,0,0,-1.107e-4,2.063,90,11.835,956.15,0.001,338.471,0.218,6.102e6,10,78.54,0.05,0.162,0.009
43.115,483.166,483.166,-73.825,73.835,0.195,0.437,272.295,0.275,272.296,89.942,1.225,0.391,28.61,-80.597,0.122,-1.738e-4,0.076,0.012,-89.267,89.973,1169.027,343,0.162,0.001,9.791,96.842,70.447,2.639,0,0,11.667,0.466,0.262,0.078,0.126,0.466,0.024,0.063,-1.931e-4,0,0,0,0,1.374e-7,2.012,90,11.859,956.583,0.001,338.486,0.218,6.103e6,10,78.54,0.05,0.163,0.009
43.165,479.475,479.475,-73.815,73.825,0.191,0.191,272.235,0.275,272.235,89.942,1.214,0.003,28.61,-80.597,0.026,-1.704e-4,1.927,0.034,-89.326,89.995,1169.027,343,0.162,0.001,9.791,96.916,70.447,2.647,0,0,11.668,0.466,0.262,0.078,0.126,0.466,0.005,0.013,-1.859e-5,0,0,0,0,8.73e-5,2.048,90,11.883,957.016,0.001,338.5,0.218,6.104e6,10,78.54,0.05,0.163,0.009
43.215,475.785,475.785,-73.806,73.816,0.188,0.46,272.174,0.275,272.174,89.942,1.226,0.419,28.61,-80.597,0.078,-1.715e-4,-1.106,0.01,-89.411,89.973,1169.027,343,0.162,0.001,9.791,96.876,70.447,2.643,0,0,11.67,0.466,0.262,0.078,0.126,0.466,0.015,0.041,4.513e-4,0,0,0,0,-2.874e-5,2.086,90,11.907,957.448,0.001,338.515,0.218,6.105e6,10,78.54,0.05,0.163,0.009
43.265,472.095,472.095,-73.797,73.807,0.19,0.325,272.112,0.275,272.112,89.942,1.246,0.263,28.61,-80.597,0.041,-1.721e-4,0.639,-0.002,-89.418,89.963,1169.027,343,0.162,0.001,9.791,96.905,70.447,2.646,0,0,11.67,0.466,0.262,0.078,0.126,0.466,0.008,0.021,4.021e-4,0,0,0,0,9.606e-6,2.049,90,11.931,957.881,0.001,338.529,0.218,6.106e6,10,78.54,0.05,0.163,0.009
43.315,468.405,468.405,-73.787,73.797,0.195,0.234,272.049,0.275,272.049,89.942,1.247,0.129,28.61,-80.597,0.054,-1.718e-4,-0.14,0.012,-89.391,90.002,1169.027,343,0.162,0.001,9.791,96.895,70.447,2.645,0,0,11.671,0.466,0.262,0.078,0.126,0.466,0.011,0.028,-1.784e-4,0,0,0,0,-4.629e-7,1.962,90,11.955,958.314,0.001,338.544,0.218,6.107e6,10,78.54,0.05,0.163,0.009
43.365,464.716,464.716,-73.777,73.788,0.194,0.199,271.987,0.275,271.987,89.942,1.243,0.043,28.61,-80.597,0.012,-1.716e-4,0.764,0.051,-89.411,90.048,1169.027,343,0.162,0.001,9.791,96.927,70.447,2.648,0,0,11.673,0.466,0.262,0.078,0.126,0.466,0.002,0.006,1.681e-5,0,0,0,0,1.373e-5,1.986,90,11.979,958.747,0.001,338.558,0.218,6.108e6,10,78.54,0.05,0.163,0.009
43.415,461.027,461.027,-73.767,73.778,0.194,0.284,271.925,0.275,271.925,89.942,1.252,0.208,28.61,-80.597,0.029,-1.717e-4,-0.292,0.012,-89.44,90.039,1169.027,343,0.162,0.001,9.791,96.914,70.447,2.647,0,0,11.674,0.466,0.262,0.078,0.126,0.466,0.006,0.015,-2.969e-4,0,0,0,0,-2.003e-6,2.01,90,12.003,959.179,0.001,338.573,0.218,6.109e6,10,78.54,0.05,0.163,0.009
43.465,457.339,457.339,-73.758,73.768,0.196,0.216,271.862,0.275,271.862,89.942,1.258,0.091,28.61,-80.597,9.396e-4,-1.714e-4,-0.092,0.022,-89.447,90.001,1169.027,343,0.162,0.001,9.791,96.936,70.447,2.649,0,0,11.675,0.466,0.262,0.078,0.126,0.466,1.828e-4,9.522e-4,3.098e-5,0,0,0,0,-2.001e-7,1.971,90,12.027,959.612,0.001,338.587,0.218,6.11e6,10,78.54,0.05,0.164,0.009
43.515,453.652,453.652,-73.748,73.759,0.196,0.226,271.799,0.275,271.799,89.942,1.264,0.112,28.61,-80.597,0.006,-1.713e-4,0.034,0.009,-89.449,89.953,1169.027,343,0.162,0.001,9.791,96.932,70.447,2.648,0,0,11.676,0.466,0.262,0.078,0.126,0.466,0.001,0.003,1.629e-4,0,0,0,0,2.702e-8,1.98,90,12.051,960.044,0.001,338.602,0.218,6.111e6,10,78.54,0.05,0.164,0.009
43.565,449.964,449.964,-73.738,73.749,0.197,0.234,271.736,0.275,271.736,89.942,1.269,0.126,28.61,-80.597,0.009,-1.713e-4,0.138,-0.01,-89.445,89.976,1169.027,343,0.162,0.001,9.791,96.929,70.447,2.648,0,0,11.677,0.466,0.262,0.078,0.126,0.466,0.002,0.005,2.629e-4,0,0,0,0,4.474e-7,1.995,90,12.075,960.477,0.001,338.616,0.218,6.112e6,10,78.54,0.05,0.164,0.009
43.615,446.278,446.278,-73.728,73.739,0.197,0.32,271.672,0.275,271.672,89.942,1.278,0.252,28.61,-80.597,0.039,-1.716e-4,0.614,-0.006,-89.429,90.016,1169.027,343,0.162,0.001,9.791,96.906,70.447,2.646,0,0,11.678,0.466,0.262,0.078,0.126,0.466,0.008,0.02,1.404e-5,0,0,0,0,8.891e-6,2.062,90,12.099,960.909,0.001,338.631,0.218,6.113e6,10,78.54,0.05,0.164,0.009
43.665,442.592,442.592,-73.718,73.73,0.199,0.229,271.608,0.275,271.608,89.942,1.291,0.112,28.61,-80.597,0.003,-1.72e-4,1.579,-0.204,-89.37,90.023,1169.027,343,0.162,0.001,9.791,96.934,70.447,2.649,0,0,11.679,0.466,0.262,0.078,0.126,0.466,5.33e-4,8.852e-4,2.427e-5,0,0,0,0,5.876e-5,2.106,90,12.123,961.341,0.001,338.646,0.218,6.114e6,10,78.54,0.05,0.164,0.009
43.715,438.906,438.906,-73.708,73.719,0.205,0.33,271.543,0.275,271.544,89.942,1.283,0.259,28.61,-80.597,0.088,-1.742e-4,-0.088,0.004,-89.321,90.025,1169.027,343,0.162,0.001,9.791,96.868,70.447,2.642,0,0,11.681,0.466,0.262,0.078,0.126,0.466,0.017,0.045,-2.63e-4,0,0,0,0,-1.807e-7,2.043,90,12.147,961.774,0.001,338.66,0.218,6.115e6,10,78.54,0.05,0.164,0.009
43.765,435.221,435.221,-73.698,73.709,0.202,0.206,271.479,0.275,271.48,89.942,1.278,0.039,28.61,-80.597,0.016,-1.738e-4,1.011,0.032,-89.351,90.043,1169.027,343,0.162,0.001,9.791,96.924,70.447,2.648,0,0,11.681,0.466,0.262,0.078,0.126,0.466,0.003,0.008,-2.929e-4,0,0,0,0,2.412e-5,2.093,90,12.171,962.206,0.001,338.675,0.218,6.116e6,10,78.54,0.05,0.165,0.009
43.815,431.536,431.536,-73.688,73.699,0.202,0.22,271.415,0.275,271.416,89.942,1.284,0.088,28.61,-80.597,0.002,-1.737e-4,0.962,-0.011,-89.401,90.009,1169.027,343,0.162,0.001,9.791,96.935,70.447,2.649,0,0,11.682,0.466,0.262,0.078,0.126,0.466,3.249e-4,5.725e-4,3.576e-4,0,0,0,0,2.181e-5,2.052,90,12.195,962.638,0.001,338.689,0.218,6.117e6,10,78.54,0.05,0.165,0.009
43.865,427.852,427.852,-73.678,73.689,0.202,0.234,271.351,0.275,271.351,89.942,1.285,0.117,28.61,-80.597,0.008,-1.742e-4,-1.329,-0.075,-89.46,89.957,1169.027,343,0.162,0.001,9.791,96.93,70.447,2.648,0,0,11.683,0.466,0.262,0.078,0.126,0.466,0.001,0.004,-4.214e-4,0,0,0,0,-4.167e-5,1.989,90,12.219,963.07,0.001,338.704,0.218,6.118e6,10,78.54,0.05,0.165,0.009
43.915,424.168,424.168,-73.668,73.679,0.201,0.512,271.287,0.275,271.287,89.942,1.302,0.471,28.61,-80.597,0.094,-1.706e-4,0.108,-0.009,-89.497,89.966,1169.027,343,0.162,0.001,9.791,96.863,70.447,2.642,0,0,11.685,0.466,0.262,0.078,0.126,0.466,0.018,0.048,-2.171e-4,0,0,0,0,2.729e-7,2.069,90,12.243,963.502,0.001,338.718,0.218,6.119e6,10,78.54,0.05,0.165,0.009
43.965,420.485,420.485,-73.658,73.669,0.203,0.307,271.221,0.275,271.221,89.942,1.322,0.23,28.61,-80.597,0.034,-1.696e-4,1.857,-0.023,-89.442,90.018,1169.027,343,0.162,0.001,9.791,96.91,70.447,2.646,0,0,11.685,0.466,0.262,0.078,0.126,0.466,0.007,0.017,2.819e-4,0,0,0,0,8.144e-5,2.083,90,12.267,963.934,0.001,338.733,0.217,6.12e6,10,78.54,0.05,0.165,0.009
44.015,416.803,416.803,-73.647,73.659,0.211,0.433,271.155,0.275,271.155,89.942,1.319,0.379,28.61,-80.597,0.115,-1.711e-4,-1.013,0.004,-89.357,90.068,1169.027,343,0.162,0.001,9.791,96.847,70.447,2.64,0,0,11.686,0.466,0.262,0.078,0.126,0.466,0.022,0.059,9.315e-5,0,0,0,0,-2.422e-5,1.997,90,12.291,964.366,0.001,338.747,0.217,6.121e6,10,78.54,0.05,0.165,0.009
44.065,413.121,413.121,-73.637,73.648,0.21,0.371,271.09,0.275,271.09,89.942,1.292,0.305,28.61,-80.597,0.096,-1.714e-4,2.449,0.027,-89.397,90.107,1169.027,343,0.162,0.001,9.791,96.861,70.447,2.641,0,0,11.687,0.466,0.262,0.078,0.126,0.466,0.019,0.049,-4.548e-4,0,0,0,0,1.417e-4,1.944,90,12.315,964.798,0.001,338.762,0.217,6.122e6,10,78.54,0.05,0.165,0.009
44.115,409.439,409.439,-73.626,73.638,0.204,0.554,271.025,0.275,271.025,89.942,1.305,0.516,28.61,-80.597,0.105,-1.709e-4,-1.488,0.02,-89.511,90.118,1169.027,343,0.162,0.001,9.791,96.854,70.447,2.641,0,0,11.688,0.466,0.262,0.078,0.126,0.466,0.021,0.054,2.913e-4,0,0,0,0,-5.234e-5,2.068,90,12.339,965.23,0.001,338.776,0.217,6.123e6,10,78.54,0.05,0.166,0.009
44.165,405.758,405.758,-73.616,73.628,0.205,0.496,270.959,0.275,270.959,89.942,1.325,0.452,28.61,-80.597,0.091,-1.702e-4,0.309,0.014,-89.54,90.054,1169.027,343,0.162,0.001,9.791,96.865,70.447,2.642,0,0,11.689,0.466,0.262,0.078,0.126,0.466,0.018,0.047,-4.035e-4,0,0,0,0,2.25e-6,2.033,90,12.363,965.661,0.001,338.791,0.217,6.124e6,10,78.54,0.05,0.166,0.009
44.215,402.077,402.077,-73.606,73.618,0.206,0.452,270.892,0.275,270.892,89.942,1.353,0.402,28.61,-80.597,0.076,-1.723e-4,2.898,0.03,-89.457,89.98,1169.027,343,0.162,0.001,9.791,96.877,70.447,2.643,0,0,11.69,0.466,0.262,0.078,0.126,0.466,0.015,0.038,9.734e-6,0,0,0,0,1.985e-4,2.148,90,12.386,966.093,0.001,338.805,0.217,6.125e6,10,78.54,0.05,0.166,0.009
44.265,398.397,398.397,-73.595,73.608,0.214,0.376,270.824,0.275,270.824,89.942,1.353,0.309,28.61,-80.597,0.1,-1.739e-4,-2.329,0.016,-89.311,89.952,1169.027,343,0.162,0.001,9.791,96.858,70.447,2.641,0,0,11.691,0.466,0.262,0.078,0.126,0.466,0.02,0.052,-2.135e-4,0,0,0,0,-1.283e-4,2.109,90,12.41,966.525,0.001,338.82,0.217,6.126e6,10,78.54,0.05,0.166,0.009
44.315,394.718,394.718,-73.585,73.597,0.217,0.489,270.757,0.275,270.757,89.942,1.333,0.438,28.61,-80.597,0.133,-1.717e-4,0.511,0.009,-89.264,89.98,1169.027,343,0.162,0.001,9.791,96.832,70.447,2.639,0,0,11.692,0.466,0.262,0.078,0.126,0.466,0.026,0.068,-3.267e-4,0,0,0,0,6.18e-6,2.107,90,12.434,966.956,0.001,338.834,0.217,6.127e6,10,78.54,0.05,0.166,0.009
44.365,391.039,391.039,-73.574,73.586,0.212,0.225,270.691,0.275,270.691,89.942,1.317,0.075,28.61,-80.597,0.043,-1.699e-4,2.776,0.002,-89.355,90.008,1169.027,343,0.162,0.001,9.791,96.902,70.447,2.646,0,0,11.692,0.466,0.262,0.078,0.126,0.466,0.008,0.022,-8.187e-5,0,0,0,0,1.823e-4,2.091,90,12.458,967.388,0.001,338.849,0.217,6.128e6,10,78.54,0.05,0.166,0.009
44.415,387.36,387.36,-73.563,73.575,0.207,0.674,270.625,0.275,270.625,89.942,1.33,0.641,28.61,-80.597,0.134,-1.669e-4,-1.846,-0.004,-89.486,90.033,1169.027,343,0.162,0.001,9.791,96.832,70.447,2.638,0,0,11.694,0.466,0.262,0.078,0.126,0.466,0.026,0.069,-3.797e-4,0,0,0,0,-8.067e-5,2.162,90,12.482,967.819,0.001,338.863,0.217,6.129e6,10,78.54,0.05,0.166,0.009
44.465,383.682,383.682,-73.553,73.566,0.207,0.812,270.557,0.275,270.557,89.942,1.374,0.786,28.61,-80.597,0.168,-1.692e-4,2.455,-0.006,-89.471,90.056,1169.027,343,0.162,0.001,9.791,96.805,70.447,2.636,0,0,11.695,0.466,0.262,0.078,0.126,0.466,0.033,0.086,-2.173e-4,0,0,0,0,1.427e-4,2.268,90,12.506,968.25,0.001,338.878,0.217,6.13e6,10,78.54,0.05,0.167,0.009
44.515,380.005,380.005,-73.543,73.556,0.217,0.339,270.488,0.275,270.488,89.942,1.388,0.26,28.61,-80.597,0.089,-1.677e-4,-3.466,-0.012,-89.3,90.029,1169.027,343,0.162,0.001,9.791,96.866,70.447,2.642,0,0,11.695,0.466,0.262,0.078,0.126,0.466,0.017,0.046,-3.204e-4,0,0,0,0,-2.844e-4,2.172,90,12.53,968.682,0.001,338.892,0.217,6.131e6,10,78.54,0.05,0.167,0.009
44.565,376.328,376.328,-73.531,73.544,0.226,0.825,270.419,0.275,270.42,89.942,1.355,0.794,28.61,-80.597,0.219,-1.698e-4,0.797,0.001,-89.224,90.017,1169.027,343,0.162,0.001,9.791,96.766,70.447,2.632,0,0,11.697,0.466,0.262,0.078,0.126,0.466,0.043,0.113,4.037e-4,0,0,0,0,1.506e-5,2.069,90,12.554,969.113,0.001,338.907,0.217,6.131e6,10,78.54,0.04,0.167,0.009
44.605,373.381,373.381,-73.522,73.534,0.219,0.388,270.366,0.275,270.366,89.942,1.332,0.321,28.61,-80.597,0.103,-1.711e-4,3.817,0.013,-89.324,90.029,1169.027,343,0.162,0.001,9.791,96.856,70.447,2.641,0,0,11.696,0.466,0.262,0.078,0.126,0.466,0.02,0.053,-2.946e-4,0,0,0,0,3.453e-4,2.068,90,12.573,969.459,0.001,338.918,0.217,6.132e6,10,78.54,0.05,0.167,0.009
44.655,369.705,369.705,-73.512,73.524,0.212,0.394,270.299,0.275,270.299,89.942,1.331,0.332,28.61,-80.597,0.063,-1.719e-4,-4.422,0.034,-89.545,90.115,1169.027,343,0.162,0.001,9.791,96.887,70.447,2.644,0,0,11.696,0.466,0.262,0.078,0.126,0.466,0.012,0.032,4.876e-4,0,0,0,0,-4.635e-4,1.995,90,12.597,969.89,0.001,338.933,0.217,6.133e6,10,78.54,0.05,0.167,0.009
44.705,366.03,366.03,-73.501,73.514,0.211,1.259,270.232,0.275,270.232,89.942,1.376,1.242,28.61,-80.597,0.284,-1.736e-4,0.236,0.004,-89.666,90.188,1169.027,343,0.162,0.001,9.791,96.716,70.447,2.627,0,0,11.7,0.466,0.262,0.078,0.126,0.466,0.056,0.146,-4.309e-4,0,0,0,0,1.319e-6,2.168,90,12.621,970.321,0.001,338.947,0.217,6.134e6,10,78.54,0.031,0.167,0.009
44.736,363.765,363.765,-73.495,73.508,0.212,0.716,270.189,0.275,270.189,89.942,1.407,0.684,28.61,-80.597,0.149,-1.715e-4,3.369,0.001,-89.606,90.123,1169.027,343,0.162,0.001,9.791,96.82,70.447,2.637,0,0,11.698,0.466,0.262,0.078,0.126,0.466,0.029,0.077,-4.19e-4,0,0,0,0,2.691e-4,2.103,90,12.636,970.586,0.001,338.956,0.217,6.135e6,10,78.54,0.046,0.167,0.009
44.782,360.368,360.368,-73.485,73.498,0.221,0.475,270.123,0.275,270.124,89.942,1.412,0.421,28.61,-80.597,0.122,-1.71e-4,-3.598,-0.003,-89.425,90.027,1169.027,343,0.162,0.001,9.791,96.84,70.447,2.639,0,0,11.699,0.466,0.262,0.078,0.126,0.466,0.024,0.063,1.074e-4,0,0,0,0,-3.071e-4,1.994,90,12.658,970.985,0.001,338.969,0.217,6.135e6,10,78.54,0.05,0.168,0.009
44.832,356.694,356.694,-73.473,73.486,0.227,0.793,270.054,0.275,270.054,89.942,1.377,0.76,28.61,-80.597,0.206,-1.696e-4,0.831,0.008,-89.35,90.018,1169.027,343,0.162,0.001,9.791,96.776,70.447,2.633,0,0,11.7,0.466,0.262,0.078,0.126,0.466,0.04,0.106,4.358e-4,0,0,0,0,1.637e-5,1.946,90,12.681,971.416,0.001,338.984,0.217,6.136e6,10,78.54,0.043,0.168,0.009
44.875,353.566,353.566,-73.464,73.476,0.223,0.578,269.996,0.275,269.996,89.942,1.35,0.533,28.61,-80.597,0.147,-1.666e-4,4.108,0.014,-89.46,90.064,1169.027,343,0.162,0.001,9.791,96.821,70.447,2.637,0,0,11.7,0.466,0.262,0.078,0.126,0.466,0.029,0.076,-4.715e-4,0,0,0,0,4.006e-4,1.854,90,12.702,971.783,0.001,338.996,0.217,6.137e6,10,78.54,0.05,0.168,0.009
44.925,349.894,349.894,-73.453,73.465,0.216,0.403,269.929,0.275,269.929,89.942,1.339,0.341,28.61,-80.597,0.072,-1.635e-4,-5.674,0.031,-89.725,90.19,1169.027,343,0.162,0.001,9.791,96.879,70.447,2.643,0,0,11.7,0.466,0.262,0.078,0.126,0.466,0.014,0.038,8.033e-5,0,0,0,0,-7.644e-4,1.784,90,12.726,972.213,0.001,339.011,0.217,6.138e6,10,78.54,0.05,0.168,0.009
44.975,346.221,346.221,-73.442,73.455,0.218,1.003,269.861,0.275,269.861,89.942,1.378,0.979,28.61,-80.597,0.232,-1.59e-4,-1.467,0.014,-89.915,90.405,1169.027,343,0.162,0.001,9.791,96.756,70.447,2.631,0,0,11.702,0.466,0.262,0.078,0.126,0.466,0.045,0.119,-2.258e-4,0,0,0,0,-5.112e-5,1.784,90,12.75,972.644,0.001,339.025,0.217,6.139e6,10,78.54,0.038,0.168,0.009
45.012,343.438,343.438,-73.434,73.447,0.217,0.811,269.808,0.275,269.808,89.942,1.412,0.782,28.61,-80.597,0.184,-1.639e-4,2.175,0.021,-89.899,90.026,1169.027,343,0.162,0.001,9.791,96.792,70.447,2.634,0,0,11.702,0.466,0.262,0.078,0.126,0.466,0.036,0.094,9.864e-5,0,0,0,0,1.124e-4,1.778,90,12.768,972.97,0.001,339.036,0.217,6.139e6,10,78.54,0.048,0.168,0.009
45.06,339.927,339.927,-73.423,73.438,0.218,0.293,269.74,0.275,269.74,89.942,1.437,0.196,28.61,-80.597,0.038,-1.652e-4,4.735,0.144,-89.721,89.864,1169.027,343,0.162,0.001,9.791,96.906,70.447,2.646,0,0,11.701,0.466,0.262,0.078,0.126,0.466,0.007,0.019,3.404e-4,0,0,0,0,5.327e-4,1.842,90,12.79,973.382,0.001,339.05,0.217,6.14e6,10,78.54,0.05,0.169,0.009
45.11,336.256,336.256,-73.412,73.426,0.223,0.463,269.668,0.275,269.668,89.942,1.429,0.406,28.61,-80.597,0.115,-1.643e-4,-3.548,0.037,-89.501,89.941,1169.027,343,0.162,0.001,9.791,96.845,70.447,2.64,0,0,11.702,0.466,0.262,0.078,0.126,0.466,0.023,0.06,-3.842e-4,0,0,0,0,-2.992e-4,1.92,90,12.814,973.813,0.001,339.064,0.217,6.141e6,10,78.54,0.05,0.169,0.009
45.16,332.585,332.585,-73.401,73.415,0.225,0.469,269.597,0.274,269.597,89.942,1.409,0.412,28.61,-80.597,0.121,-1.662e-4,-0.841,0.02,-89.392,90.042,1169.027,343,0.162,0.001,9.791,96.841,70.447,2.639,0,0,11.703,0.466,0.262,0.078,0.126,0.466,0.024,0.062,5.323e-5,0,0,0,0,-1.682e-5,2.032,90,12.838,974.243,0.001,339.079,0.216,6.142e6,10,78.54,0.05,0.169,0.009
45.21,328.916,328.916,-73.39,73.403,0.223,0.334,269.527,0.274,269.527,89.942,1.388,0.249,28.61,-80.597,0.081,-1.651e-4,1.878,0.042,-89.423,90.146,1169.027,343,0.162,0.001,9.791,96.872,70.447,2.642,0,0,11.704,0.466,0.262,0.078,0.126,0.466,0.016,0.042,4.91e-4,0,0,0,0,8.389e-5,2.024,90,12.862,974.674,0.001,339.093,0.216,6.143e6,10,78.54,0.05,0.169,0.009
45.26,325.246,325.246,-73.379,73.392,0.218,0.447,269.458,0.274,269.458,89.942,1.395,0.39,28.61,-80.597,0.076,-1.664e-4,-1.633,0.031,-89.524,90.201,1169.027,343,0.162,0.001,9.791,96.876,70.447,2.643,0,0,11.704,0.466,0.262,0.078,0.126,0.466,0.015,0.039,3.031e-4,0,0,0,0,-6.341e-5,2.101,90,12.886,975.104,0.001,339.108,0.216,6.144e6,10,78.54,0.05,0.169,0.009
45.31,321.578,321.578,-73.368,73.382,0.219,0.467,269.387,0.274,269.388,89.942,1.414,0.413,28.61,-80.597,0.083,-1.65e-4,0.139,0.026,-89.561,90.107,1169.027,343,0.162,0.001,9.791,96.871,70.447,2.642,0,0,11.705,0.466,0.262,0.078,0.126,0.466,0.016,0.043,2.169e-4,0,0,0,0,4.612e-7,2.082,90,12.91,975.534,0.001,339.122,0.216,6.145e6,10,78.54,0.05,0.169,0.009
45.36,317.91,317.91,-73.357,73.371,0.219,0.434,269.316,0.274,269.316,89.942,1.436,0.375,28.61,-80.597,0.071,-1.612e-4,2.163,0.039,-89.502,89.973,1169.027,343,0.162,0.001,9.791,96.88,70.447,2.643,0,0,11.706,0.466,0.262,0.078,0.126,0.466,0.014,0.036,2.354e-4,0,0,0,0,1.113e-4,2.165,90,12.934,975.965,0.001,339.137,0.216,6.146e6,10,78.54,0.05,0.169,0.009
45.41,314.242,314.242,-73.346,73.36,0.225,0.276,269.244,0.274,269.244,89.942,1.443,0.161,28.61,-80.597,0.062,-1.596e-4,-2.403,0.036,-89.376,89.985,1169.027,343,0.162,0.001,9.791,96.886,70.447,2.644,0,0,11.706,0.466,0.262,0.078,0.126,0.466,0.012,0.032,2.725e-5,0,0,0,0,-1.375e-4,2.163,90,12.957,976.395,0.001,339.151,0.216,6.146e6,10,78.54,0.05,0.17,0.009
45.46,310.575,310.575,-73.335,73.348,0.231,0.598,269.172,0.274,269.173,89.942,1.42,0.551,28.61,-80.597,0.157,-1.546e-4,0.655,0.015,-89.325,90.049,1169.027,343,0.162,0.001,9.791,96.813,70.447,2.637,0,0,11.707,0.466,0.262,0.078,0.126,0.466,0.031,0.081,3.987e-4,0,0,0,0,1.023e-5,2.083,90,12.981,976.825,0.001,339.166,0.216,6.147e6,10,78.54,0.05,0.17,0.009
45.51,306.909,306.909,-73.323,73.337,0.224,0.224,269.102,0.274,269.102,89.942,1.407,0.008,28.61,-80.597,0.02,-1.558e-4,2.634,0.041,-89.42,90.079,1169.027,343,0.162,0.001,9.791,96.919,70.447,2.647,0,0,11.707,0.466,0.262,0.078,0.126,0.466,0.004,0.01,-2.901e-4,0,0,0,0,1.653e-4,2.124,90,13.005,977.255,0.001,339.18,0.216,6.148e6,10,78.54,0.05,0.17,0.009
45.56,303.243,303.243,-73.312,73.326,0.222,0.388,269.031,0.274,269.031,89.942,1.416,0.319,28.61,-80.597,0.059,-1.57e-4,-2.095,0.013,-89.545,90.069,1169.027,343,0.162,0.001,9.791,96.888,70.447,2.644,0,0,11.708,0.466,0.262,0.078,0.126,0.466,0.012,0.03,3.492e-4,0,0,0,0,-1.046e-4,2.074,90,13.029,977.685,0.001,339.194,0.216,6.149e6,10,78.54,0.05,0.17,0.009
45.61,299.577,299.577,-73.301,73.315,0.222,0.44,268.96,0.274,268.96,89.942,1.435,0.38,28.61,-80.597,0.077,-1.557e-4,-0.423,0.003,-89.609,90.006,1169.027,343,0.162,0.001,9.791,96.875,70.447,2.643,0,0,11.708,0.466,0.262,0.078,0.126,0.466,0.015,0.039,-3.717e-4,0,0,0,0,-4.261e-6,2.033,90,13.053,978.115,0.001,339.209,0.216,6.15e6,10,78.54,0.05,0.17,0.009
45.66,295.913,295.913,-73.29,73.304,0.223,0.323,268.888,0.274,268.888,89.942,1.45,0.233,28.61,-80.597,0.041,-1.56e-4,0.951,-0.008,-89.592,90.027,1169.027,343,0.162,0.001,9.791,96.903,70.447,2.646,0,0,11.708,0.466,0.262,0.078,0.126,0.466,0.008,0.021,-2.872e-4,0,0,0,0,2.155e-5,2.024,90,13.077,978.544,0.001,339.223,0.216,6.15e6,10,78.54,0.05,0.17,0.009
45.71,292.248,292.248,-73.279,73.293,0.225,0.227,268.815,0.274,268.815,89.942,1.457,0.023,28.61,-80.597,0.023,-1.555e-4,-1.366,-0.014,-89.528,90.118,1169.027,343,0.162,0.001,9.791,96.917,70.447,2.647,0,0,11.709,0.466,0.262,0.078,0.126,0.466,0.004,0.011,4.492e-4,0,0,0,0,-4.454e-5,2.031,90,13.1,978.974,0.001,339.238,0.216,6.151e6,10,78.54,0.05,0.17,0.009
45.76,288.585,288.585,-73.267,73.282,0.229,0.425,268.742,0.274,268.743,89.942,1.444,0.359,28.61,-80.597,0.104,-1.548e-4,0.477,0.009,-89.5,90.172,1169.027,343,0.162,0.001,9.791,96.853,70.447,2.641,0,0,11.71,0.466,0.262,0.078,0.126,0.466,0.02,0.054,2.043e-4,0,0,0,0,5.44e-6,1.95,90,13.124,979.404,0.001,339.252,0.216,6.152e6,10,78.54,0.05,0.171,0.009
45.81,284.922,284.922,-73.256,73.27,0.225,0.251,268.671,0.274,268.671,89.942,1.437,0.112,28.61,-80.597,0.011,-1.56e-4,-1.66,0.093,-89.564,90.157,1169.027,343,0.162,0.001,9.791,96.926,70.447,2.648,0,0,11.71,0.466,0.262,0.078,0.126,0.466,0.002,0.005,7.768e-5,0,0,0,0,-6.581e-5,2.008,90,13.148,979.833,0.001,339.267,0.216,6.153e6,10,78.54,0.05,0.171,0.009
45.86,281.259,281.259,-73.245,73.259,0.223,0.578,268.598,0.274,268.598,89.942,1.456,0.534,28.61,-80.597,0.113,-1.521e-4,0.046,0.006,-89.613,90.086,1169.027,343,0.162,0.001,9.791,96.846,70.447,2.64,0,0,11.711,0.466,0.262,0.078,0.126,0.466,0.022,0.058,1.03e-4,0,0,0,0,5.059e-8,2.096,90,13.172,980.263,0.001,339.281,0.216,6.154e6,10,78.54,0.05,0.171,0.009
45.91,277.597,277.597,-73.234,73.249,0.224,0.452,268.525,0.274,268.525,89.942,1.479,0.393,28.61,-80.597,0.077,-1.507e-4,2.221,0.001,-89.552,90.063,1169.027,343,0.162,0.001,9.791,96.874,70.447,2.643,0,0,11.711,0.466,0.262,0.078,0.126,0.466,0.015,0.04,2.99e-4,0,0,0,0,1.178e-4,2.15,90,13.196,980.693,0.001,339.295,0.216,6.155e6,10,78.54,0.05,0.171,0.009
45.96,273.936,273.936,-73.222,73.238,0.227,0.261,268.451,0.274,268.451,89.942,1.495,0.129,28.61,-80.597,0.008,-1.51e-4,3.494,-0.066,-89.402,90.077,1169.027,343,0.162,0.001,9.791,96.928,70.447,2.648,0,0,11.712,0.466,0.262,0.078,0.126,0.466,0.002,0.004,-3.141e-4,0,0,0,0,2.916e-4,2.269,90,13.219,981.122,0.001,339.31,0.216,6.156e6,10,78.54,0.05,0.171,0.009
46.01,270.275,270.275,-73.211,73.226,0.235,0.536,268.376,0.274,268.376,89.942,1.484,0.481,28.61,-80.597,0.143,-1.522e-4,-1.684,-0.005,-89.26,90.052,1169.027,343,0.162,0.001,9.791,96.823,70.447,2.638,0,0,11.713,0.466,0.262,0.078,0.126,0.466,0.028,0.074,-3.721e-4,0,0,0,0,-6.778e-5,2.245,90,13.243,981.551,0.001,339.324,0.216,6.156e6,10,78.54,0.05,0.171,0.009
46.06,266.615,266.615,-73.199,73.214,0.234,0.465,268.302,0.274,268.303,89.942,1.459,0.401,28.61,-80.597,0.124,-1.504e-4,1.676,-0.019,-89.263,90.018,1169.027,343,0.162,0.001,9.791,96.838,70.447,2.639,0,0,11.713,0.466,0.262,0.078,0.126,0.466,0.024,0.064,1.178e-4,0,0,0,0,6.713e-5,2.241,90,13.267,981.981,0.001,339.339,0.216,6.157e6,10,78.54,0.05,0.172,0.009
46.11,262.955,262.955,-73.187,73.202,0.227,0.286,268.23,0.274,268.23,89.942,1.453,0.174,28.61,-80.597,0.018,-1.506e-4,-2.935,-0.119,-89.392,89.977,1169.027,343,0.162,0.001,9.791,96.92,70.447,2.647,0,0,11.713,0.466,0.262,0.078,0.126,0.466,0.004,0.01,-1.355e-4,0,0,0,0,-2.06e-4,2.253,90,13.291,982.41,0.001,339.353,0.216,6.158e6,10,78.54,0.05,0.172,0.009
46.16,259.296,259.296,-73.176,73.191,0.225,0.51,268.157,0.274,268.157,89.941,1.473,0.457,28.61,-80.597,0.09,-1.484e-4,-1.199,-0.016,-89.5,89.971,1169.027,343,0.162,0.001,9.791,96.864,70.447,2.642,0,0,11.714,0.466,0.262,0.078,0.126,0.466,0.018,0.047,2.984e-4,0,0,0,0,-3.436e-5,2.227,90,13.315,982.839,0.001,339.368,0.216,6.159e6,10,78.54,0.05,0.172,0.009
46.21,255.637,255.637,-73.165,73.18,0.229,0.229,268.083,0.274,268.083,89.941,1.482,0.011,28.61,-80.597,0.015,-1.501e-4,0.595,-0.001,-89.536,90.014,1169.027,343,0.162,0.001,9.791,96.923,70.447,2.648,0,0,11.713,0.466,0.262,0.078,0.126,0.466,0.003,0.008,-1.427e-4,0,0,0,0,8.47e-6,2.056,90,13.338,983.268,0.001,339.382,0.216,6.16e6,10,78.54,0.05,0.172,0.009
46.26,251.979,251.979,-73.153,73.168,0.228,0.267,268.009,0.274,268.009,89.941,1.485,0.138,28.61,-80.597,0.017,-1.498e-4,-0.629,-0.003,-89.569,90.074,1169.027,343,0.162,0.001,9.791,96.921,70.447,2.647,0,0,11.714,0.466,0.262,0.078,0.126,0.466,0.003,0.009,1.661e-4,0,0,0,0,-9.467e-6,2.057,90,13.362,983.697,0.001,339.396,0.216,6.16e6,10,78.54,0.05,0.172,0.009
46.31,248.322,248.322,-73.142,73.157,0.228,0.368,267.934,0.274,267.934,89.941,1.497,0.289,28.61,-80.597,0.054,-1.495e-4,0.323,-0.015,-89.58,90.154,1169.027,343,0.162,0.001,9.791,96.892,70.447,2.644,0,0,11.714,0.466,0.262,0.078,0.126,0.466,0.01,0.027,-2.654e-5,0,0,0,0,2.492e-6,2.102,90,13.386,984.126,0.001,339.411,0.216,6.161e6,10,78.54,0.05,0.172,0.009
46.36,244.665,244.665,-73.131,73.146,0.229,0.269,267.859,0.274,267.859,89.941,1.509,0.142,28.61,-80.597,0.017,-1.509e-4,1.204,-0.055,-89.538,90.165,1169.027,343,0.162,0.001,9.791,96.921,70.447,2.647,0,0,11.715,0.466,0.262,0.078,0.126,0.466,0.003,0.008,-4.059e-5,0,0,0,0,3.473e-5,2.12,90,13.41,984.555,0.001,339.425,0.215,6.162e6,10,78.54,0.05,0.172,0.009
46.41,241.009,241.009,-73.119,73.135,0.232,0.278,267.783,0.274,267.783,89.941,1.509,0.154,28.61,-80.597,0.056,-1.519e-4,-0.823,-0.022,-89.481,90.077,1169.027,343,0.162,0.001,9.791,96.89,70.447,2.644,0,0,11.715,0.466,0.262,0.078,0.126,0.466,0.011,0.029,-2.24e-4,0,0,0,0,-1.622e-5,2.1,90,13.433,984.984,0.001,339.44,0.215,6.163e6,10,78.54,0.05,0.173,0.009
46.46,237.353,237.353,-73.107,73.123,0.234,0.445,267.708,0.274,267.708,89.941,1.493,0.379,28.61,-80.597,0.109,-1.53e-4,1.324,-0.026,-89.49,89.968,1169.027,343,0.162,0.001,9.791,96.849,70.447,2.64,0,0,11.716,0.466,0.262,0.078,0.126,0.466,0.021,0.056,-6.475e-5,0,0,0,0,4.202e-5,2.005,90,13.457,985.412,0.001,339.454,0.215,6.163e6,10,78.54,0.05,0.173,0.009
46.51,233.698,233.698,-73.096,73.111,0.231,0.241,267.634,0.274,267.634,89.941,1.481,0.07,28.61,-80.597,0.031,-1.526e-4,3.091,-0.066,-89.608,89.949,1169.027,343,0.162,0.001,9.791,96.91,70.447,2.646,0,0,11.715,0.466,0.262,0.078,0.126,0.466,0.006,0.016,4.077e-4,0,0,0,0,2.291e-4,1.942,90,13.481,985.841,0.001,339.468,0.215,6.164e6,10,78.54,0.05,0.173,0.009
46.56,230.044,230.044,-73.084,73.1,0.229,0.513,267.56,0.274,267.56,89.941,1.49,0.459,28.61,-80.597,0.101,-1.526e-4,-2.287,-0.016,-89.754,90.062,1169.027,343,0.162,0.001,9.791,96.855,70.447,2.641,0,0,11.716,0.466,0.262,0.078,0.126,0.466,0.02,0.052,4.378e-5,0,0,0,0,-1.254e-4,1.934,90,13.505,986.27,0.001,339.483,0.215,6.165e6,10,78.54,0.05,0.173,0.009
46.61,226.39,226.39,-73.073,73.089,0.229,0.678,267.484,0.274,267.485,89.941,1.522,0.638,28.61,-80.597,0.145,-1.569e-4,1.044,-0.006,-89.787,90.224,1169.027,343,0.162,0.001,9.791,96.821,70.447,2.637,0,0,11.717,0.466,0.262,0.078,0.126,0.466,0.028,0.075,1.827e-4,0,0,0,0,2.615e-5,1.979,90,13.528,986.698,0.001,339.497,0.215,6.166e6,10,78.54,0.05,0.173,0.009
46.66,222.737,222.737,-73.061,73.078,0.232,0.244,267.408,0.274,267.408,89.941,1.537,0.077,28.61,-80.597,0.029,-1.577e-4,-2.419,-0.02,-89.684,90.101,1169.027,343,0.162,0.001,9.791,96.911,70.447,2.646,0,0,11.716,0.466,0.262,0.078,0.126,0.466,0.006,0.015,6.089e-5,0,0,0,0,-1.404e-4,1.902,90,13.552,987.127,0.001,339.512,0.215,6.167e6,10,78.54,0.05,0.173,0.009
46.71,219.084,219.084,-73.05,73.065,0.235,0.553,267.331,0.274,267.332,89.941,1.519,0.5,28.61,-80.597,0.133,-1.592e-4,-0.142,-0.002,-89.613,90.031,1169.027,343,0.162,0.001,9.792,96.83,70.447,2.638,0,0,11.717,0.466,0.262,0.078,0.126,0.466,0.026,0.068,-1.156e-4,0,0,0,0,-4.841e-7,1.843,90,13.576,987.555,0.001,339.526,0.215,6.167e6,10,78.54,0.05,0.173,0.009
46.76,215.432,215.432,-73.038,73.053,0.232,0.238,267.256,0.273,267.256,89.941,1.503,0.054,28.61,-80.597,0.025,-1.62e-4,1.835,0.009,-89.665,90.067,1169.027,343,0.162,0.001,9.792,96.914,70.447,2.647,0,0,11.717,0.466,0.262,0.078,0.126,0.466,0.005,0.013,-3.226e-4,0,0,0,0,8.09e-5,1.898,90,13.6,987.983,0.001,339.54,0.215,6.168e6,10,78.54,0.05,0.174,0.009
46.81,211.78,211.78,-73.026,73.042,0.23,0.439,267.181,0.273,267.181,89.941,1.515,0.373,28.61,-80.597,0.08,-1.629e-4,-0.812,0.005,-89.74,90.164,1169.027,343,0.162,0.001,9.792,96.871,70.447,2.642,0,0,11.718,0.466,0.262,0.078,0.126,0.466,0.016,0.041,2.71e-4,0,0,0,0,-1.584e-5,1.949,90,13.623,988.412,0.001,339.555,0.215,6.169e6,10,78.54,0.05,0.174,0.009
46.86,208.129,208.129,-73.015,73.031,0.232,0.243,267.105,0.273,267.105,89.941,1.526,0.074,28.61,-80.597,0.01,-1.643e-4,0.196,0.019,-89.749,90.075,1169.027,343,0.162,0.001,9.792,96.926,70.447,2.648,0,0,11.718,0.466,0.262,0.078,0.126,0.466,0.002,0.005,4.533e-5,0,0,0,0,9.216e-7,1.858,90,13.647,988.84,0.001,339.569,0.215,6.17e6,10,78.54,0.05,0.174,0.009
46.91,204.478,204.478,-73.003,73.019,0.232,0.232,267.028,0.273,267.028,89.941,1.525,0.009,28.61,-80.597,0.006,-1.64e-4,0.032,-0.003,-89.744,89.988,1169.027,343,0.162,0.001,9.792,96.929,70.447,2.648,0,0,11.718,0.466,0.262,0.078,0.126,0.466,0.001,0.004,2.877e-4,0,0,0,0,2.399e-8,1.844,90,13.671,989.268,0.001,339.583,0.215,6.17e6,10,78.54,0.05,0.174,0.009
46.96,200.829,200.829,-72.992,73.008,0.232,0.297,266.952,0.273,266.952,89.941,1.534,0.185,28.61,-80.597,0.035,-1.633e-4,0.688,0.007,-89.73,89.974,1169.027,343,0.162,0.001,9.792,96.906,70.447,2.646,0,0,11.718,0.466,0.262,0.078,0.126,0.466,0.007,0.018,2.813e-4,0,0,0,0,1.139e-5,1.922,90,13.695,989.696,0.001,339.598,0.215,6.171e6,10,78.54,0.05,0.174,0.009
47.01,197.179,197.179,-72.98,72.996,0.234,0.353,266.875,0.273,266.875,89.941,1.531,0.264,28.61,-80.597,0.073,-1.623e-4,-0.1,0.01,-89.702,90.045,1169.027,343,0.162,0.001,9.792,96.876,70.447,2.643,0,0,11.719,0.466,0.262,0.078,0.126,0.466,0.014,0.037,4.86e-4,0,0,0,0,-2.416e-7,1.817,90,13.718,990.124,0.001,339.612,0.215,6.172e6,10,78.54,0.05,0.174,0.009
47.06,193.531,193.531,-72.968,72.984,0.234,0.29,266.799,0.273,266.799,89.941,1.516,0.171,28.61,-80.597,0.049,-1.623e-4,1.674,0.018,-89.744,90.151,1169.027,343,0.162,0.001,9.792,96.895,70.447,2.645,0,0,11.719,0.466,0.262,0.078,0.126,0.466,0.01,0.025,4.267e-4,0,0,0,0,6.74e-5,1.779,90,13.742,990.552,0.001,339.627,0.215,6.173e6,10,78.54,0.05,0.175,0.009
47.11,189.882,189.882,-72.957,72.973,0.232,0.475,266.723,0.273,266.723,89.941,1.524,0.414,28.61,-80.597,0.093,-1.597e-4,-0.941,0.007,-89.821,90.149,1169.027,343,0.162,0.001,9.792,96.861,70.447,2.641,0,0,11.719,0.466,0.262,0.078,0.126,0.466,0.018,0.048,1.501e-4,0,0,0,0,-2.132e-5,1.871,90,13.766,990.98,0.001,339.641,0.215,6.174e6,10,78.54,0.05,0.175,0.009
47.16,186.235,186.235,-72.945,72.961,0.232,0.48,266.646,0.273,266.646,89.941,1.547,0.42,28.61,-80.597,0.094,-1.607e-4,1.378,0.009,-89.81,90.032,1169.027,343,0.162,0.001,9.792,96.86,70.447,2.641,0,0,11.72,0.466,0.262,0.078,0.126,0.466,0.018,0.048,3.654e-4,0,0,0,0,4.572e-5,1.909,90,13.789,991.408,0.001,339.655,0.215,6.174e6,10,78.54,0.05,0.175,0.009
47.21,182.588,182.588,-72.933,72.95,0.233,0.252,266.568,0.273,266.569,89.941,1.561,0.094,28.61,-80.597,0.012,-1.613e-4,2.724,0.018,-89.699,90.041,1169.027,343,0.162,0.001,9.792,96.924,70.447,2.648,0,0,11.72,0.466,0.262,0.078,0.126,0.466,0.002,0.006,-3.696e-4,0,0,0,0,1.787e-4,1.959,90,13.813,991.835,0.001,339.67,0.215,6.175e6,10,78.54,0.05,0.175,0.009
47.26,178.942,178.942,-72.922,72.938,0.237,0.449,266.491,0.273,266.491,89.941,1.553,0.381,28.61,-80.597,0.106,-1.579e-4,-1.577,-0.003,-89.582,90.064,1169.027,343,0.162,0.001,9.792,96.851,70.447,2.64,0,0,11.72,0.466,0.262,0.078,0.126,0.466,0.021,0.055,1.978e-4,0,0,0,0,-5.993e-5,1.95,90,13.837,992.263,0.001,339.684,0.215,6.176e6,10,78.54,0.05,0.175,0.009
47.31,175.296,175.296,-72.91,72.926,0.238,0.511,266.414,0.273,266.414,89.941,1.529,0.452,28.61,-80.597,0.123,-1.513e-4,1.451,-0.007,-89.579,90.041,1169.027,343,0.162,0.001,9.792,96.837,70.447,2.639,0,0,11.721,0.466,0.262,0.078,0.126,0.466,0.024,0.064,3.838e-4,0,0,0,0,5.071e-5,1.908,90,13.861,992.691,0.001,339.698,0.215,6.177e6,10,78.54,0.05,0.175,0.009
47.36,171.651,171.651,-72.898,72.914,0.233,0.314,266.337,0.273,266.338,89.941,1.521,0.209,28.61,-80.597,0.039,-1.551e-4,-2.541,-0.014,-89.693,90.017,1169.027,343,0.162,0.001,9.792,96.902,70.447,2.646,0,0,11.721,0.466,0.262,0.078,0.126,0.466,0.008,0.021,-4.273e-4,0,0,0,0,-1.556e-4,1.962,90,13.884,993.118,0.001,339.713,0.215,6.177e6,10,78.54,0.05,0.175,0.009
47.41,168.006,168.006,-72.886,72.903,0.233,0.654,266.261,0.273,266.261,89.941,1.548,0.611,28.61,-80.597,0.138,-1.563e-4,0.137,-6.073e-4,-89.76,89.995,1169.027,343,0.162,0.001,9.792,96.826,70.447,2.638,0,0,11.722,0.466,0.262,0.078,0.126,0.466,0.027,0.071,2.213e-4,0,0,0,0,4.502e-7,2.028,90,13.908,993.546,0.001,339.727,0.215,6.178e6,10,78.54,0.05,0.176,0.009
47.46,164.362,164.362,-72.875,72.891,0.235,0.239,266.183,0.273,266.183,89.941,1.561,0.047,28.61,-80.597,0.001,-1.584e-4,1.365,0.116,-89.711,90.027,1169.027,343,0.162,0.001,9.792,96.932,70.447,2.648,0,0,11.721,0.466,0.262,0.078,0.126,0.466,2.773e-4,7.074e-4,4.753e-4,0,0,0,0,4.492e-5,1.931,90,13.932,993.973,0.001,339.741,0.215,6.179e6,10,78.54,0.05,0.176,0.009
47.51,160.719,160.719,-72.863,72.88,0.235,0.253,266.105,0.273,266.105,89.941,1.566,0.094,28.61,-80.597,0.009,-1.589e-4,1.694,-0.047,-89.634,90.081,1169.027,343,0.162,0.001,9.792,96.926,70.447,2.648,0,0,11.721,0.466,0.262,0.078,0.126,0.466,0.002,0.005,2.622e-4,0,0,0,0,6.92e-5,2.044,90,13.955,994.4,0.001,339.756,0.214,6.18e6,10,78.54,0.05,0.176,0.009
47.56,157.076,157.076,-72.851,72.868,0.237,0.283,266.026,0.273,266.027,89.941,1.564,0.156,28.61,-80.597,0.053,-1.594e-4,-1.081,-0.008,-89.56,90.078,1169.027,343,0.162,0.001,9.792,96.891,70.447,2.644,0,0,11.722,0.466,0.262,0.078,0.126,0.466,0.01,0.027,-2.695e-5,0,0,0,0,-2.818e-5,2.056,90,13.979,994.828,0.001,339.77,0.214,6.18e6,10,78.54,0.05,0.176,0.009
47.61,153.433,153.433,-72.839,72.856,0.237,0.277,265.948,0.273,265.949,89.941,1.556,0.143,28.61,-80.597,0.051,-1.585e-4,0.165,-0.01,-89.537,90.036,1169.027,343,0.162,0.001,9.792,96.893,70.447,2.645,0,0,11.722,0.466,0.262,0.078,0.126,0.466,0.01,0.026,9.629e-5,0,0,0,0,6.534e-7,2.079,90,14.003,995.255,0.001,339.785,0.214,6.181e6,10,78.54,0.05,0.176,0.009
47.66,149.792,149.792,-72.827,72.844,0.236,0.239,265.871,0.273,265.871,89.941,1.551,0.034,28.61,-80.597,0.024,-1.594e-4,1.019,-0.029,-89.57,89.97,1169.027,343,0.162,0.001,9.792,96.914,70.447,2.647,0,0,11.722,0.466,0.262,0.078,0.126,0.466,0.005,0.013,4.182e-4,0,0,0,0,2.51e-5,2.068,90,14.026,995.682,0.001,339.799,0.214,6.182e6,10,78.54,0.05,0.176,0.009
47.71,146.151,146.151,-72.816,72.832,0.235,0.286,265.793,0.273,265.793,89.941,1.553,0.163,28.61,-80.597,0.026,-1.596e-4,-1.182,-0.034,-89.629,89.935,1169.027,343,0.162,0.001,9.792,96.913,70.447,2.647,0,0,11.722,0.466,0.262,0.078,0.126,0.466,0.005,0.013,-3.484e-4,0,0,0,0,-3.375e-5,2.057,90,14.05,996.109,0.001,339.813,0.214,6.183e6,10,78.54,0.05,0.176,0.009
47.76,142.51,142.51,-72.804,72.821,0.234,0.529,265.715,0.273,265.715,89.941,1.572,0.475,28.61,-80.597,0.101,-1.593e-4,0.578,-0.011,-89.65,90.01,1169.027,343,0.162,0.001,9.792,96.854,70.447,2.641,0,0,11.723,0.466,0.262,0.078,0.126,0.466,0.02,0.052,-3.929e-4,0,0,0,0,8.075e-6,2.144,90,14.074,996.536,0.001,339.828,0.214,6.183e6,10,78.54,0.05,0.177,0.009
47.81,138.87,138.87,-72.792,72.81,0.235,0.278,265.636,0.273,265.636,89.941,1.588,0.148,28.61,-80.597,0.02,-1.565e-4,2.112,-0.059,-89.575,90.082,1169.027,343,0.162,0.001,9.792,96.917,70.447,2.647,0,0,11.723,0.466,0.262,0.078,0.126,0.466,0.004,0.01,2.704e-4,0,0,0,0,1.078e-4,2.154,90,14.097,996.963,0.001,339.842,0.214,6.184e6,10,78.54,0.05,0.177,0.009
47.86,135.231,135.231,-72.78,72.798,0.239,0.333,265.557,0.273,265.557,89.941,1.584,0.231,28.61,-80.597,0.075,-1.573e-4,-1.273,-0.012,-89.483,90.108,1169.027,343,0.162,0.001,9.792,96.875,70.447,2.643,0,0,11.723,0.466,0.262,0.078,0.126,0.466,0.015,0.038,3.973e-4,0,0,0,0,-3.922e-5,2.147,90,14.121,997.39,0.001,339.856,0.214,6.185e6,10,78.54,0.05,0.177,0.009
47.91,131.592,131.592,-72.768,72.785,0.24,0.362,265.478,0.273,265.478,89.941,1.573,0.271,28.61,-80.597,0.085,-1.537e-4,0.391,-0.013,-89.46,90.057,1169.027,343,0.162,0.001,9.792,96.866,70.447,2.642,0,0,11.723,0.466,0.262,0.078,0.126,0.466,0.017,0.044,4.92e-4,0,0,0,0,3.701e-6,2.152,90,14.145,997.816,0.001,339.871,0.214,6.186e6,10,78.54,0.05,0.177,0.009
47.96,127.954,127.954,-72.756,72.773,0.24,0.431,265.4,0.273,265.4,89.941,1.554,0.359,28.61,-80.597,0.102,-1.564e-4,2.988,-0.033,-89.544,89.951,1169.027,343,0.162,0.001,9.792,96.853,70.447,2.641,0,0,11.723,0.466,0.262,0.078,0.126,0.466,0.02,0.052,2.804e-4,0,0,0,0,2.16e-4,2.002,90,14.168,998.243,0.001,339.885,0.214,6.186e6,10,78.54,0.05,0.177,0.009
48.01,124.317,124.317,-72.745,72.761,0.235,0.378,265.322,0.273,265.322,89.941,1.552,0.295,28.61,-80.597,0.061,-1.577e-4,-3.396,-0.046,-89.718,89.875,1169.027,343,0.162,0.001,9.792,96.885,70.447,2.644,0,0,11.723,0.466,0.262,0.078,0.126,0.466,0.012,0.032,4.203e-5,0,0,0,0,-2.792e-4,1.988,90,14.192,998.67,0.001,339.899,0.214,6.187e6,10,78.54,0.05,0.177,0.009
48.06,120.68,120.68,-72.733,72.75,0.235,0.63,265.244,0.273,265.244,89.941,1.577,0.585,28.61,-80.597,0.134,-1.551e-4,-0.9,-0.022,-89.831,89.983,1169.027,343,0.162,0.001,9.792,96.828,70.447,2.638,0,0,11.724,0.466,0.262,0.078,0.126,0.466,0.026,0.07,4.138e-4,0,0,0,0,-1.962e-5,1.962,90,14.216,999.096,0.001,339.914,0.214,6.188e6,10,78.54,0.05,0.178,0.009
48.11,117.043,117.043,-72.721,72.739,0.236,0.435,265.164,0.273,265.164,89.941,1.601,0.366,28.61,-80.597,0.081,-1.563e-4,1.624,-0.028,-89.807,90.268,1169.027,343,0.162,0.001,9.792,96.869,70.447,2.642,0,0,11.723,0.466,0.262,0.078,0.126,0.466,0.016,0.041,-4.706e-4,0,0,0,0,6.39e-5,1.949,90,14.239,999.523,0.001,339.928,0.214,6.188e6,10,78.54,0.05,0.178,0.009
48.16,113.408,113.408,-72.709,72.727,0.237,0.237,265.084,0.273,265.084,89.941,1.612,0.01,28.61,-80.597,0.013,-1.537e-4,-2.672,-0.154,-89.691,90.183,1169.027,343,0.162,0.001,9.792,96.922,70.447,2.647,0,0,11.723,0.466,0.262,0.078,0.126,0.466,0.003,0.007,-3.928e-4,0,0,0,0,-1.73e-4,1.988,90,14.263,999.949,0.001,339.942,0.214,6.189e6,10,78.54,0.05,0.178,0.009
48.21,109.772,109.772,-72.697,72.715,0.24,0.482,265.004,0.273,265.004,89.941,1.596,0.417,28.61,-80.597,0.114,-1.541e-4,-0.555,-0.021,-89.603,90.038,1169.027,343,0.162,0.001,9.792,96.844,70.447,2.64,0,0,11.724,0.466,0.262,0.078,0.126,0.466,0.022,0.059,3.497e-4,0,0,0,0,-7.468e-6,1.955,90,14.286,1000.376,0.001,339.957,0.214,6.19e6,10,78.54,0.05,0.178,0.009
48.26,106.138,106.138,-72.685,72.703,0.236,0.364,264.924,0.273,264.924,89.941,1.594,0.277,28.61,-80.597,0.052,-1.539e-4,0.03,0.022,-89.602,89.863,1169.027,343,0.162,0.001,9.792,96.892,70.447,2.644,0,0,11.724,0.466,0.262,0.078,0.126,0.466,0.01,0.027,-2.317e-4,0,0,0,0,2.182e-8,2.164,90,14.31,1000.802,0.001,339.971,0.214,6.191e6,10,78.54,0.05,0.178,0.009
48.31,102.504,102.504,-72.674,72.691,0.235,0.397,264.844,0.273,264.844,89.941,1.612,0.32,28.61,-80.597,0.06,-1.557e-4,1.646,0.039,-89.56,89.809,1169.027,343,0.162,0.001,9.792,96.885,70.447,2.644,0,0,11.725,0.466,0.262,0.078,0.126,0.466,0.012,0.031,2.965e-4,0,0,0,0,6.574e-5,2.246,90,14.334,1001.228,0.001,339.985,0.214,6.191e6,10,78.54,0.05,0.178,0.009
48.36,98.871,98.871,-72.662,72.68,0.239,0.253,264.763,0.273,264.763,89.941,1.616,0.085,28.61,-80.597,0.04,-1.557e-4,-1.64,0.045,-89.47,89.923,1169.027,343,0.162,0.001,9.792,96.901,70.447,2.645,0,0,11.725,0.466,0.262,0.078,0.126,0.466,0.008,0.02,3.042e-4,0,0,0,0,-6.526e-5,2.237,90,14.357,1001.654,0.001,339.999,0.214,6.192e6,10,78.54,0.05,0.178,0.009
48.41,95.238,95.238,-72.65,72.668,0.24,0.311,264.682,0.273,264.683,89.941,1.611,0.197,28.61,-80.597,0.069,-1.591e-4,-0.681,0.02,-89.409,90.041,1169.027,343,0.162,0.001,9.792,96.878,70.447,2.643,0,0,11.725,0.466,0.262,0.078,0.126,0.466,0.014,0.035,3.784e-4,0,0,0,0,-1.125e-5,2.273,90,14.381,1002.08,0.001,340.014,0.214,6.193e6,10,78.54,0.05,0.179,0.009
48.46,91.606,91.606,-72.638,72.655,0.243,0.516,264.602,0.273,264.603,89.941,1.589,0.455,28.61,-80.597,0.129,-1.611e-4,2.245,0.028,-89.445,90.121,1169.027,343,0.162,0.001,9.792,96.832,70.447,2.638,0,0,11.725,0.466,0.262,0.078,0.126,0.466,0.025,0.066,-1.988e-5,0,0,0,0,1.223e-4,2.13,90,14.405,1002.506,0.001,340.028,0.214,6.193e6,10,78.54,0.05,0.179,0.009
48.51,87.974,87.974,-72.626,72.643,0.236,0.376,264.523,0.273,264.523,89.941,1.587,0.293,28.61,-80.597,0.055,-1.606e-4,-2.854,0.061,-89.588,90.154,1169.027,343,0.162,0.001,9.792,96.889,70.447,2.644,0,0,11.725,0.466,0.262,0.078,0.126,0.466,0.011,0.029,3.446e-4,0,0,0,0,-1.977e-4,2.179,90,14.428,1002.932,0.001,340.042,0.214,6.194e6,10,78.54,0.05,0.179,0.009
48.56,84.343,84.343,-72.614,72.632,0.236,0.527,264.443,0.273,264.443,89.941,1.607,0.472,28.61,-80.597,0.102,-1.615e-4,-0.992,0.024,-89.688,90.019,1169.027,343,0.162,0.001,9.792,96.853,70.447,2.641,0,0,11.725,0.466,0.262,0.078,0.126,0.466,0.02,0.052,-2.648e-4,0,0,0,0,-2.393e-5,2.132,90,14.452,1003.358,0.001,340.057,0.214,6.195e6,10,78.54,0.05,0.179,0.009
48.61,80.713,80.713,-72.602,72.62,0.235,0.563,264.362,0.273,264.362,89.941,1.632,0.512,28.61,-80.597,0.111,-1.626e-4,1.478,0.034,-89.675,89.806,1169.027,343,0.162,0.001,9.792,96.846,70.447,2.64,0,0,11.725,0.466,0.262,0.078,0.126,0.466,0.022,0.057,4.16e-4,0,0,0,0,5.308e-5,2.183,90,14.475,1003.784,0.001,340.071,0.213,6.195e6,10,78.54,0.05,0.179,0.009
48.66,77.083,77.083,-72.59,72.609,0.237,0.274,264.28,0.273,264.28,89.941,1.654,0.138,28.61,-80.597,0.016,-1.618e-4,3.554,0.221,-89.539,89.865,1169.027,343,0.162,0.001,9.792,96.919,70.447,2.647,0,0,11.725,0.466,0.262,0.078,0.126,0.466,0.003,0.008,-4.448e-5,0,0,0,0,3.07e-4,2.258,90,14.499,1004.209,0.001,340.085,0.213,6.196e6,10,78.54,0.05,0.179,0.009
48.71,73.454,73.454,-72.578,72.596,0.25,0.977,264.198,0.273,264.198,89.941,1.629,0.945,28.61,-80.597,0.246,-1.556e-4,-0.364,0.024,-89.42,89.987,1169.027,343,0.162,0.001,9.792,96.741,70.447,2.629,0,0,11.727,0.466,0.262,0.078,0.126,0.466,0.048,0.127,-2.752e-4,0,0,0,0,-3.228e-6,2.052,90,14.523,1004.635,0.001,340.1,0.213,6.197e6,10,78.54,0.036,0.18,0.009
48.746,70.874,70.874,-72.569,72.587,0.247,0.896,264.141,0.273,264.141,89.941,1.595,0.861,28.61,-80.597,0.224,-1.588e-4,3.632,0.039,-89.48,90.086,1169.027,343,0.162,0.001,9.792,96.758,70.447,2.631,0,0,11.726,0.466,0.262,0.078,0.126,0.466,0.044,0.115,-2.96e-4,0,0,0,0,3.209e-4,1.971,90,14.539,1004.938,0.001,340.11,0.213,6.197e6,10,78.54,0.039,0.18,0.009
48.785,68.033,68.033,-72.56,72.577,0.238,0.262,264.079,0.273,264.079,89.941,1.575,0.109,28.61,-80.597,0.037,-1.563e-4,6.069,0.225,-89.68,90.254,1169.027,343,0.162,0.001,9.792,96.903,70.447,2.646,0,0,11.725,0.466,0.262,0.078,0.126,0.466,0.007,0.018,-4.016e-5,0,0,0,0,8.962e-4,1.933,90,14.558,1005.271,0.001,340.121,0.213,6.198e6,10,78.54,0.05,0.18,0.009
48.835,64.405,64.405,-72.548,72.565,0.238,0.887,263.999,0.273,264,89.941,1.596,0.854,28.61,-80.597,0.203,-1.53e-4,-3.906,0.04,-89.95,90.969,1169.027,343,0.162,0.001,9.792,96.774,70.447,2.633,0,0,11.726,0.466,0.262,0.078,0.126,0.466,0.04,0.105,4.073e-4,0,0,0,0,-3.714e-4,1.917,90,14.581,1005.696,0.001,340.135,0.213,6.198e6,10,78.54,0.043,0.18,0.009
48.878,61.284,61.284,-72.538,72.556,0.239,0.919,263.93,0.273,263.93,89.941,1.637,0.887,28.61,-80.597,0.214,-1.558e-4,0.574,0.023,-89.979,270.521,1169.027,343,0.162,0.001,9.792,96.766,70.447,2.632,0,0,11.726,0.466,0.262,0.078,0.126,0.466,0.042,0.11,-2.803e-4,0,0,0,0,8.035e-6,1.881,90,14.602,1006.062,0.001,340.148,0.213,6.199e6,10,78.54,0.041,0.18,0.009
48.919,58.312,58.312,-72.528,72.547,0.238,0.582,263.862,0.273,263.862,89.941,1.663,0.531,28.61,-80.597,0.126,-1.565e-4,3.505,0.053,-89.932,89.089,1169.027,343,0.162,0.001,9.792,96.834,70.447,2.639,0,0,11.725,0.466,0.262,0.078,0.126,0.466,0.025,0.064,4.995e-4,0,0,0,0,2.991e-4,1.909,90,14.621,1006.411,0.001,340.159,0.213,6.2e6,10,78.54,0.05,0.18,0.009
48.969,54.686,54.686,-72.516,72.535,0.238,0.246,263.779,0.273,263.779,89.941,1.678,0.061,28.61,-80.597,0.025,-1.59e-4,-4.918,0.251,-89.707,89.755,1169.027,343,0.162,0.001,9.792,96.912,70.447,2.647,0,0,11.725,0.466,0.262,0.078,0.126,0.466,0.005,0.013,7.294e-5,0,0,0,0,-5.891e-4,2.017,90,14.645,1006.836,0.001,340.173,0.213,6.2e6,10,78.54,0.05,0.18,0.009
49.019,51.06,51.06,-72.504,72.523,0.246,0.788,263.695,0.273,263.695,89.941,1.657,0.749,28.61,-80.597,0.196,-1.653e-4,-2.342,0.029,-89.512,89.949,1169.027,343,0.162,0.001,9.792,96.779,70.447,2.633,0,0,11.726,0.466,0.262,0.078,0.126,0.466,0.038,0.101,-4.766e-4,0,0,0,0,-1.336e-4,2.027,90,14.668,1007.261,0.001,340.188,0.213,6.201e6,10,78.54,0.045,0.181,0.009
49.064,47.831,47.831,-72.493,72.511,0.246,0.803,263.622,0.273,263.622,89.941,1.62,0.764,28.61,-80.597,0.2,-1.564e-4,2.083,0.028,-89.507,90.089,1169.027,343,0.162,0.001,9.792,96.776,70.447,2.633,0,0,11.726,0.466,0.262,0.078,0.126,0.466,0.039,0.103,-1.754e-4,0,0,0,0,1.058e-4,1.991,90,14.689,1007.64,0.001,340.2,0.213,6.202e6,10,78.54,0.044,0.181,0.009
49.107,44.662,44.662,-72.482,72.5,0.239,0.262,263.552,0.273,263.552,89.941,1.6,0.108,28.61,-80.597,0.038,-1.572e-4,4.506,0.171,-89.662,90.243,1169.027,343,0.162,0.001,9.792,96.902,70.447,2.645,0,0,11.725,0.466,0.262,0.078,0.126,0.466,0.007,0.018,1.885e-4,0,0,0,0,4.951e-4,1.98,90,14.71,1008.012,0.001,340.213,0.213,6.202e6,10,78.54,0.05,0.181,0.009
49.157,41.038,41.038,-72.47,72.488,0.237,0.543,263.472,0.273,263.472,89.941,1.611,0.489,28.61,-80.597,0.113,-1.576e-4,-3.447,0.045,-89.874,90.42,1169.027,343,0.162,0.001,9.792,96.843,70.447,2.64,0,0,11.725,0.466,0.262,0.078,0.126,0.466,0.022,0.058,-9.316e-6,0,0,0,0,-2.897e-4,1.914,90,14.733,1008.437,0.001,340.227,0.213,6.203e6,10,78.54,0.05,0.181,0.009
49.207,37.415,37.415,-72.459,72.477,0.238,0.6,263.39,0.273,263.391,89.941,1.639,0.551,28.61,-80.597,0.132,-1.569e-4,-0.429,0.013,-89.971,89.7,1169.027,343,0.162,0.001,9.792,96.829,70.447,2.638,0,0,11.725,0.466,0.262,0.078,0.126,0.466,0.026,0.068,-1.14e-4,0,0,0,0,-4.488e-6,1.843,90,14.757,1008.862,0.001,340.242,0.213,6.203e6,10,78.54,0.05,0.181,0.009
49.257,33.792,33.792,-72.447,72.466,0.238,0.382,263.308,0.273,263.308,89.941,1.661,0.299,28.61,-80.597,0.07,-1.549e-4,1.974,0.028,-89.926,89.483,1169.027,343,0.162,0.001,9.792,96.876,70.447,2.643,0,0,11.725,0.466,0.262,0.078,0.126,0.466,0.014,0.036,-2.105e-5,0,0,0,0,9.507e-5,1.843,90,14.78,1009.287,0.001,340.256,0.213,6.204e6,10,78.54,0.05,0.181,0.009
49.307,30.17,30.17,-72.435,72.454,0.238,0.239,263.225,0.273,263.225,89.941,1.67,0.02,28.61,-80.597,0.011,-1.543e-4,-2.813,0.142,-89.799,89.87,1169.027,343,0.162,0.001,9.792,96.923,70.447,2.648,0,0,11.725,0.466,0.262,0.078,0.126,0.466,0.002,0.006,1.607e-4,0,0,0,0,-1.932e-4,1.91,90,14.804,1009.712,0.001,340.27,0.213,6.205e6,10,78.54,0.05,0.181,0.009
49.357,26.549,26.549,-72.423,72.442,0.241,0.544,263.141,0.273,263.141,89.941,1.654,0.487,28.61,-80.597,0.126,-1.547e-4,-0.891,0.017,-89.697,90.111,1169.027,343,0.162,0.001,9.792,96.833,70.447,2.639,0,0,11.726,0.466,0.262,0.078,0.126,0.466,0.025,0.065,-2.288e-5,0,0,0,0,-1.938e-5,1.877,90,14.827,1010.136,0.001,340.284,0.213,6.206e6,10,78.54,0.05,0.182,0.009
49.407,22.928,22.928,-72.411,72.429,0.239,0.254,263.059,0.273,263.059,89.941,1.638,0.088,28.61,-80.597,0.031,-1.539e-4,1.033,0.031,-89.71,90.211,1169.027,343,0.162,0.001,9.792,96.907,70.447,2.646,0,0,11.725,0.466,0.262,0.078,0.126,0.466,0.006,0.016,-3.596e-4,0,0,0,0,2.608e-5,1.966,90,14.851,1010.561,0.001,340.299,0.213,6.206e6,10,78.54,0.05,0.182,0.009
49.457,19.308,19.308,-72.399,72.418,0.237,0.381,262.977,0.273,262.977,89.941,1.645,0.298,28.61,-80.597,0.063,-1.518e-4,-0.461,0.022,-89.755,90.114,1169.027,343,0.162,0.001,9.792,96.882,70.447,2.643,0,0,11.725,0.466,0.262,0.078,0.126,0.466,0.012,0.032,4.796e-5,0,0,0,0,-5.195e-6,2.035,90,14.874,1010.986,0.001,340.313,0.213,6.207e6,10,78.54,0.05,0.182,0.009
49.507,15.688,15.688,-72.387,72.406,0.237,0.299,262.895,0.273,262.895,89.941,1.657,0.182,28.61,-80.597,0.035,-1.509e-4,0.661,0.008,-89.747,89.97,1169.027,343,0.162,0.001,9.792,96.904,70.447,2.646,0,0,11.725,0.466,0.262,0.078,0.126,0.466,0.007,0.018,-7.818e-5,0,0,0,0,1.07e-5,2.021,90,14.898,1011.41,0.001,340.327,0.213,6.208e6,10,78.54,0.05,0.182,0.009
49.557,12.069,12.069,-72.375,72.394,0.237,0.293,262.811,0.273,262.812,89.941,1.667,0.172,28.61,-80.597,0.03,-1.489e-4,1.455,0.003,-89.694,89.991,1169.027,343,0.162,0.001,9.792,96.907,70.447,2.646,0,0,11.726,0.466,0.262,0.078,0.126,0.466,0.006,0.016,4.315e-4,0,0,0,0,5.18e-5,2.092,90,14.922,1011.834,0.001,340.341,0.213,6.208e6,10,78.54,0.05,0.182,0.009
49.607,8.451,8.451,-72.363,72.383,0.239,0.239,262.728,0.273,262.728,89.941,1.673,0.01,28.61,-80.597,0.017,-1.493e-4,-1.893,-0.035,-89.605,90.09,1169.027,343,0.162,0.001,9.792,96.918,70.447,2.647,0,0,11.726,0.466,0.262,0.078,0.126,0.466,0.003,0.009,-8.609e-5,0,0,0,0,-8.762e-5,2.151,90,14.945,1012.259,0.001,340.356,0.213,6.209e6,10,78.54,0.05,0.182,0.009
49.657,4.833,4.833,-72.351,72.37,0.244,0.653,262.645,0.273,262.645,89.941,1.653,0.605,28.61,-80.597,0.16,-1.518e-4,0.634,1.621e-4,-89.563,90.116,1169.027,343,0.162,0.001,9.792,96.807,70.447,2.636,0,0,11.726,0.466,0.262,0.078,0.126,0.466,0.031,0.083,-4.46e-4,0,0,0,0,9.845e-6,2.003,90,14.969,1012.683,0.001,340.37,0.213,6.21e6,10,78.54,0.05,0.183,0.009
49.707,1.216,1.216,-72.339,72.358,0.238,0.24,262.562,0.273,262.563,89.94,1.637,0.028,28.61,-80.597,0.019,-1.495e-4,2.745,-0.014,-89.661,90.065,1169.027,343,0.162,0.001,9.792,96.916,70.447,2.647,0,0,11.725,0.466,0.262,0.078,0.126,0.466,0.004,0.009,1.38e-4,0,0,0,0,1.844e-4,2.042,90,14.992,1013.107,0.001,340.384,0.213,6.21e6,10,78.54,0.05,0.183,0.009
49.757,-2.401,-2.401,-72.327,72.346,0.235,0.478,262.48,0.273,262.481,89.94,1.648,0.416,28.61,-80.597,0.092,-1.494e-4,-1.759,-0.008,-89.782,89.944,1169.027,343,0.162,0.001,9.792,96.859,70.447,2.641,0,0,11.723,0.466,0.262,0.078,0.126,0.466,0.018,0.048,2.445e-4,0,0,0,0,-7.577e-5,2.039,90,15,1013.25,0.001,340.389,0.212,6.21e6,10,78.54,NaN,0.183,0.009
